# Unihan 17.0.0 kMandarin; frequency from rime-pinyin-simp
㐀	qiu	1	0
㐁	tian	4	0
㐄	kua	4	0
㐅	wu	3	0
㐆	yin	3	0
㐌	yi	2	0
㐖	xie	2	0
㐜	chou	2	0
㐡	nuo	4	0
㐤	dan	1	0
㐨	xu	4	0
㐩	xing	2	0
㐫	xiong	1	0
㐬	liu	2	0
㐭	lin	3	0
㐮	xiang	1	0
㐯	yong	1	0
㐰	xin	4	0
㐱	zhen	3	0
㐲	dai	4	0
㐳	wu	4	0
㐴	pan	1	0
㐵	ru	2	0
㐷	ma	3	0
㐸	qian	4	0
㐹	yi	4	0
㐺	yin	2	0
㐻	nei	4	0
㐼	cheng	4	0
㐽	feng	1	0
㑁	zhuo	1	0
㑂	fang	3	0
㑃	ao	3	0
㑄	wu	3	0
㑅	zuo	4	0
㑇	zhou	4	0
㑈	dong	4	0
㑉	su	4	0
㑊	yi	4	0
㑋	qiong	2	0
㑌	kuang	1	0
㑍	lei	4	0
㑎	nao	3	0
㑏	zhu	4	0
㑐	shu	1	0
㑔	xu	3	0
㑗	shen	1	0
㑘	jie	4	0
㑙	die	2	0
㑚	nuo	2	0
㑛	su	4	0
㑜	yi	4	0
㑝	long	4	0
㑞	ying	4	0
㑟	beng	3	0
㑣	lan	2	0
㑤	miao	2	0
㑥	yi	4	0
㑦	li	4	0
㑧	ji	4	0
㑨	yu	3	0
㑩	luo	2	0
㑪	chai	2	0
㑮	hun	2	0
㑯	xu	3	0
㑰	hui	4	0
㑱	rao	3	0
㑳	zhou	4	0
㑵	han	4	0
㑶	xi	4	0
㑷	tai	4	0
㑸	yao	2	0
㑹	hui	4	0
㑺	jun	4	0
㑻	ma	4	0
㑼	lve	4	0
㑽	tang	2	0
㑾	yao	2	0
㑿	zhao	4	0
㒀	zhai	1	0
㒁	yu	3	0
㒂	zhuo	2	0
㒃	er	4	0
㒄	ran	3	0
㒅	qi	3	0
㒆	chi	4	0
㒇	wu	3	0
㒈	han	4	0
㒉	tang	3	0
㒊	se	4	0
㒋	si	1	0
㒌	qiong	2	0
㒍	lei	2	0
㒎	sa	4	0
㒑	kui	3	0
㒒	pu	2	0
㒓	ta	4	0
㒔	shu	2	0
㒕	yang	1	0
㒖	ou	3	0
㒗	tai	2	0
㒙	mian	2	0
㒚	yin	4	0
㒛	diao	4	0
㒜	yu	3	0
㒝	mie	4	0
㒞	jun	4	0
㒟	niao	3	0
㒠	xie	4	0
㒡	you	2	0
㒤	che	4	0
㒥	feng	1	0
㒦	lei	3	0
㒧	li	4	0
㒩	luo	3	0
㒫	ji	4	0
㒰	quan	2	0
㒲	cai	2	0
㒳	liang	3	0
㒴	gu	3	0
㒵	mao	4	0
㒷	gua	3	0
㒸	sui	4	0
㒻	mao	4	0
㒼	man	2	0
㒽	quan	1	0
㒾	shi	4	0
㒿	li	2	0
㓁	wang	3	0
㓂	kou	4	0
㓃	du	4	0
㓄	zhen	4	0
㓅	ting	1	0
㓈	bing	4	0
㓉	huo	4	0
㓊	dong	4	0
㓋	gong	4	0
㓌	cheng	1	0
㓎	qin	1	0
㓏	jiong	3	0
㓐	lu	4	0
㓑	xing	4	0
㓓	nan	2	0
㓔	xie	4	0
㓖	bi	4	0
㓗	jie	2	0
㓘	su	4	0
㓚	gong	1	0
㓜	you	4	0
㓝	xing	2	0
㓞	qia	4	0
㓟	pi	2	0
㓠	dian	4	0
㓡	fu	3	0
㓢	luo	4	0
㓣	qia	4	0
㓤	qia	4	0
㓥	tang	1	0
㓦	bai	1	0
㓧	gan	1	0
㓨	ci	2	0
㓩	xuan	1	0
㓪	lang	3	0
㓭	she	2	0
㓮	diao	1	0
㓯	li	2	0
㓰	hua	4	0
㓱	tou	2	0
㓲	pian	1	0
㓳	di	1	0
㓴	ruan	3	0
㓵	e	4	0
㓶	qie	4	0
㓷	yi	4	0
㓸	zhuo	1	0
㓹	rui	4	0
㓺	jian	1	0
㓼	chi	4	0
㓽	chong	2	0
㓾	xi	1	0
㔀	lve	4	0
㔁	deng	1	0
㔂	lin	2	0
㔃	jue	2	0
㔄	su	4	0
㔅	xiao	4	0
㔆	zan	4	0
㔉	zhu	3	0
㔊	zhan	3	0
㔋	jian	1	0
㔌	zou	4	0
㔍	chua	1	0
㔎	xie	4	0
㔏	li	4	0
㔑	chi	4	0
㔒	xi	2	0
㔓	jian	3	0
㔕	ji	2	0
㔗	fei	4	0
㔘	chu	4	0
㔙	beng	1	0
㔚	jie	2	0
㔜	ba	2	0
㔝	liang	3	0
㔞	kuai	4	0
㔠	xia	1	0
㔡	bie	1	0
㔢	jue	2	0
㔣	lei	2	0
㔤	xin	4	0
㔥	bai	4	0
㔦	yang	3	0
㔧	lv	4	0
㔨	bei	4	0
㔩	e	4	0
㔪	lu	3	0
㔭	che	4	0
㔮	nuo	2	0
㔯	xuan	2	0
㔰	heng	2	0
㔱	yu	3	0
㔳	gui	3	0
㔴	yi	4	0
㔵	xuan	3	0
㔶	gong	4	0
㔷	lou	4	0
㔸	ti	1	0
㔹	le	4	0
㔺	shi	4	0
㔼	sun	3	0
㔽	yao	4	0
㔾	xian	1	0
㔿	zou	4	0
㕁	que	4	0
㕂	yin	2	0
㕃	xi	1	0
㕄	zhi	3	0
㕅	jia	2	0
㕆	hu	4	0
㕇	la	1	0
㕈	yi	3	0
㕉	ke	4	0
㕊	fu	1	0
㕋	qin	2	0
㕌	ai	4	0
㕎	ke	4	0
㕏	chu	2	0
㕐	xie	3	0
㕑	chu	2	0
㕒	wei	1	0
㕕	huan	4	0
㕖	su	4	0
㕗	you	4	0
㕙	jun	4	0
㕚	zhao	3	0
㕛	xu	4	0
㕜	shi	3	0
㕞	shua	1	0
㕟	kui	4	0
㕠	shuang	1	0
㕡	he	2	0
㕢	gai	4	0
㕣	yan	3	0
㕤	qiu	2	0
㕥	shen	1	0
㕦	hua	4	0
㕧	xi	1	0
㕨	fan	4	0
㕩	pang	4	0
㕪	dan	3	0
㕫	fang	3	0
㕬	gong	1	0
㕭	ao	1	0
㕮	fu	3	0
㕯	ne	4	0
㕰	xue	4	0
㕱	you	2	0
㕲	hua	2	0
㕴	chen	2	0
㕵	guo	2	0
㕶	n	3	0
㕷	hua	4	0
㕸	li	4	0
㕹	fa	2	0
㕺	xiao	1	0
㕻	pou	3	0
㕽	si	4	0
㖀	le	4	0
㖁	lin	4	0
㖂	yi	4	0
㖃	hou	3	0
㖅	xu	4	0
㖆	qu	2	0
㖇	er	2	0
㖊	xun	2	0
㖏	nie	4	0
㖐	wei	3	0
㖑	xie	4	0
㖒	ti	2	0
㖓	hong	2	0
㖔	tun	3	0
㖕	nie	4	0
㖖	nie	4	0
㖗	yin	2	0
㖘	zhen	1	0
㖞	wai	1	0
㖟	shou	4	0
㖠	nuo	4	0
㖡	ye	4	0
㖢	qi	2	0
㖣	tou	4	0
㖤	han	2	0
㖥	jun	4	0
㖦	dong	3	0
㖧	hun	1	0
㖨	lu	4	0
㖩	ju	1	0
㖪	huo	4	0
㖫	ling	2	0
㖭	tian	3	0
㖮	lun	2	0
㖵	ge	2	0
㖶	yan	1	0
㖷	shi	2	0
㖸	xue	2	0
㖹	pen	1	0
㖺	chun	3	0
㖻	niu	2	0
㖼	duo	3	0
㖽	ze	2	0
㖾	e	4	0
㖿	xie	2	0
㗀	you	1	0
㗁	e	4	0
㗂	sheng	3	0
㗃	wen	3	0
㗄	ku	1	0
㗅	hu	2	0
㗆	ge	2	0
㗇	xia	2	0
㗈	man	4	0
㗉	lve	4	0
㗊	ji	2	0
㗋	hou	2	0
㗌	zhi	4	0
㗏	wai	1	0
㗑	bai	5	0
㗒	ai	4	0
㗓	zhui	1	0
㗔	qian	1	0
㗕	gou	4	0
㗖	dan	4	0
㗗	bei	1	0
㗘	bo	2	0
㗙	chu	1	0
㗚	li	4	0
㗛	xiao	4	0
㗜	xiu	4	0
㗢	hong	2	0
㗣	ti	4	0
㗤	cu	4	0
㗥	kuo	4	0
㗦	lao	2	0
㗧	zhi	4	0
㗨	xie	1	0
㗩	xi	1	0
㗫	qie	4	0
㗬	zha	1	0
㗭	xi	1	0
㗰	cong	2	0
㗱	ji	2	0
㗲	huo	4	0
㗳	ta	3	0
㗴	yan	2	0
㗵	xu	4	0
㗶	po	1	0
㗷	sai	3	0
㗻	guo	1	0
㗼	ye	4	0
㗽	xiang	3	0
㗾	xue	1	0
㗿	he	2	0
㘀	zuo	4	0
㘁	yi	4	0
㘂	ci	2	0
㘄	leng	1	0
㘅	xian	2	0
㘆	tai	3	0
㘇	rong	2	0
㘈	yi	4	0
㘉	zhi	4	0
㘊	xi	1	0
㘋	xian	2	0
㘌	ju	4	0
㘍	ji	2	0
㘎	han	3	0
㘐	pao	4	0
㘑	li	4	0
㘓	lan	2	0
㘔	sai	3	0
㘕	han	3	0
㘖	yan	2	0
㘗	qu	1	0
㘙	yan	2	0
㘚	han	3	0
㘛	kan	1	0
㘜	chi	3	0
㘝	nie	4	0
㘞	huo	4	0
㘠	bi	4	0
㘡	xia	2	0
㘢	weng	3	0
㘣	xuan	2	0
㘤	wan	1	0
㘥	you	2	0
㘦	qin	2	0
㘧	xu	4	0
㘨	nie	4	0
㘩	bi	4	0
㘪	hao	4	0
㘫	jing	3	0
㘬	ao	4	0
㘭	ao	4	0
㘰	zhen	1	0
㘱	tan	1	0
㘲	ju	2	0
㘴	zuo	4	0
㘵	bu	4	0
㘶	jie	2	0
㘷	ai	4	0
㘸	zang	4	0
㘹	ci	2	0
㘺	fa	2	0
㘿	nie	4	0
㙀	liu	4	0
㙁	mei	2	0
㙂	dui	4	0
㙃	bang	1	0
㙄	bi	4	0
㙅	bao	3	0
㙇	chu	4	0
㙈	xia	4	0
㙉	tian	3	0
㙊	chang	2	0
㙍	duo	1	0
㙎	wei	1	0
㙏	fu	4	0
㙐	duo	3	0
㙑	yu	3	0
㙒	ye	3	0
㙓	kui	2	0
㙔	wei	3	0
㙕	kuai	4	0
㙗	wei	1	0
㙘	yao	1	0
㙙	long	3	0
㙚	xing	1	0
㙛	bu	3	0
㙜	chi	2	0
㙝	xie	2	0
㙞	nie	4	0
㙟	lang	3	0
㙠	yi	1	0
㙡	zong	1	0
㙢	man	2	0
㙣	zhang	4	0
㙤	xia	4	0
㙥	gun	4	0
㙦	xie	2	0
㙨	ji	4	0
㙩	liao	2	0
㙪	yi	4	0
㙫	ji	2	0
㙬	yin	2	0
㙮	da	1	0
㙯	yi	4	0
㙰	xie	4	0
㙱	hao	4	0
㙲	yong	3	0
㙳	kan	3	0
㙴	chan	4	0
㙵	tai	2	0
㙶	tang	2	0
㙷	zhi	2	0
㙸	bao	4	0
㙹	meng	2	0
㙺	kui	2	0
㙻	chan	2	0
㙼	lei	3	0
㙾	xi	4	0
㚀	xi	1	0
㚁	qiao	4	0
㚂	nang	4	0
㚃	yun	1	0
㚅	long	2	0
㚆	fu	4	0
㚇	zong	1	0
㚉	gu	3	0
㚊	kai	1	0
㚋	diao	1	0
㚌	hua	4	0
㚍	kui	3	0
㚏	gao	3	0
㚐	tao	4	0
㚒	shan	3	0
㚓	lai	3	0
㚔	nie	4	0
㚕	fu	2	0
㚖	gao	3	0
㚗	qie	2	0
㚘	ban	4	0
㚙	jia	1	0
㚚	kong	1	0
㚛	xi	4	0
㚜	yu	4	0
㚝	zhui	1	0
㚞	shen	3	0
㚟	chuo	4	0
㚠	xiao	1	0
㚡	ji	3	0
㚢	nu	2	0
㚣	xiao	2	0
㚤	yi	4	0
㚥	yu	2	0
㚦	yi	2	0
㚧	yan	3	0
㚨	shen	3	0
㚩	ran	3	0
㚪	hao	4	0
㚫	sa	4	0
㚬	jun	1	0
㚭	you	2	0
㚯	xin	2	0
㚰	pei	1	0
㚱	qiu	1	0
㚲	chan	1	0
㚴	bu	4	0
㚵	dong	1	0
㚶	si	4	0
㚷	er	3	0
㚹	mao	3	0
㚺	yun	4	0
㚻	ji	1	0
㚽	qiao	3	0
㚾	xiong	1	0
㚿	pao	2	0
㛀	chu	2	0
㛁	peng	1	0
㛂	nuo	3	0
㛃	jie	2	0
㛄	yi	1	0
㛅	er	4	0
㛆	duo	4	0
㛊	duo	3	0
㛍	qie	4	0
㛎	lv	3	0
㛏	qiu	2	0
㛐	sou	3	0
㛑	can	4	0
㛒	dou	4	0
㛓	xi	1	0
㛔	feng	1	0
㛕	yi	4	0
㛖	suo	1	0
㛗	qie	1	0
㛘	po	4	0
㛙	xin	1	0
㛚	tong	3	0
㛛	xin	4	0
㛜	you	2	0
㛝	bei	4	0
㛞	long	4	0
㛣	yun	2	0
㛤	li	2	0
㛥	ta	4	0
㛦	lan	3	0
㛧	man	3	0
㛨	qiang	3	0
㛩	zhou	2	0
㛪	yan	4	0
㛫	xi	1	0
㛬	lu	4	0
㛭	xi	1	0
㛮	sao	3	0
㛯	fan	4	0
㛱	wei	3	0
㛲	fa	4	0
㛳	yi	4	0
㛴	nao	3	0
㛵	cheng	1	0
㛶	tan	4	0
㛷	ji	1	0
㛸	shu	4	0
㛹	pian	2	0
㛺	an	1	0
㛻	kua	1	0
㛼	cha	1	0
㛾	xian	2	0
㛿	zhi	4	0
㜂	feng	1	0
㜃	lian	4	0
㜄	xun	2	0
㜅	xu	4	0
㜆	mi	4	0
㜇	hui	4	0
㜈	mu	4	0
㜉	yong	1	0
㜊	zhan	3	0
㜋	yi	4	0
㜌	nou	3	0
㜍	tang	2	0
㜎	xi	1	0
㜏	yun	2	0
㜐	shu	4	0
㜑	fu	2	0
㜒	yi	4	0
㜓	da	2	0
㜕	lian	2	0
㜖	cao	2	0
㜗	can	1	0
㜘	ju	4	0
㜙	lu	4	0
㜚	su	4	0
㜛	nen	4	0
㜜	ao	4	0
㜝	an	3	0
㜞	qian	4	0
㜠	cui	1	0
㜡	cong	1	0
㜣	ran	2	0
㜤	nian	3	0
㜥	mai	2	0
㜦	xin	2	0
㜧	yue	4	0
㜨	nai	2	0
㜩	ao	4	0
㜪	shen	1	0
㜫	ma	4	0
㜮	lan	4	0
㜯	xi	1	0
㜰	yue	4	0
㜱	zhi	4	0
㜲	weng	3	0
㜳	huai	2	0
㜴	meng	4	0
㜵	niao	3	0
㜶	wan	3	0
㜷	mi	2	0
㜸	nie	4	0
㜹	qu	2	0
㜺	zan	4	0
㜻	lian	4	0
㜼	zhi	2	0
㜽	zi	3	0
㜾	hai	2	0
㜿	xu	4	0
㝀	hao	4	0
㝁	xuan	1	0
㝂	zhi	4	0
㝃	mian	3	0
㝄	chun	2	0
㝅	gou	4	0
㝇	chun	2	0
㝈	luan	2	0
㝉	zhu	4	0
㝊	shou	3	0
㝋	liao	3	0
㝌	jiu	4	0
㝍	xie	3	0
㝎	ding	4	0
㝏	jie	4	0
㝐	rong	2	0
㝑	mang	2	0
㝓	ke	4	0
㝔	yao	3	0
㝕	ning	2	0
㝖	yi	2	0
㝗	lang	2	0
㝘	yong	2	0
㝙	yin	2	0
㝚	yan	2	0
㝛	su	4	0
㝝	lin	2	0
㝞	ya	1	0
㝟	mao	2	0
㝠	ming	2	0
㝡	zui	4	0
㝢	yu	3	0
㝣	yi	4	0
㝤	gou	4	0
㝥	mi	3	0
㝦	jun	4	0
㝧	wen	3	0
㝩	kang	1	0
㝪	dian	4	0
㝫	long	2	0
㝭	xing	3	0
㝮	cui	4	0
㝯	qiao	2	0
㝰	mian	2	0
㝱	meng	4	0
㝲	qin	3	0
㝴	wan	2	0
㝵	de	2	0
㝶	ai	4	0
㝸	bian	4	0
㝹	nou	2	0
㝺	lian	2	0
㝻	jin	3	0
㝼	yu	1	0
㝽	chui	2	0
㝾	zuo	3	0
㝿	bo	3	0
㞀	hui	1	0
㞁	yao	4	0
㞂	tui	3	0
㞃	ji	4	0
㞄	an	1	0
㞅	luo	4	0
㞆	ji	3	0
㞇	wei	3	0
㞈	bo	1	0
㞉	za	1	0
㞊	xu	4	0
㞋	nian	3	0
㞌	yun	4	0
㞎	ba	3	0
㞏	zhe	2	0
㞐	ju	1	0
㞑	wei	3	0
㞒	xie	4	0
㞓	qi	4	0
㞔	yi	2	0
㞕	xie	4	0
㞖	ci	2	0
㞗	qiu	2	0
㞘	du	1	0
㞙	niao	4	0
㞚	qi	4	0
㞛	ji	3	0
㞜	tui	1	0
㞞	song	2	0
㞟	dian	4	0
㞠	lao	2	0
㞡	zhan	3	0
㞤	yin	2	0
㞥	cen	2	0
㞦	ji	3	0
㞧	hui	4	0
㞨	zi	3	0
㞩	lan	2	0
㞪	nao	2	0
㞫	ju	4	0
㞬	qin	4	0
㞭	dai	4	0
㞯	jie	2	0
㞰	xu	3	0
㞱	cong	1	0
㞲	yong	4	0
㞳	dou	3	0
㞴	chi	2	0
㞶	min	3	0
㞷	huang	2	0
㞸	sui	4	0
㞹	ke	3	0
㞺	zu	2	0
㞻	hao	4	0
㞼	cheng	2	0
㞽	xue	4	0
㞾	ni	2	0
㞿	chi	4	0
㟀	lian	2	0
㟁	an	4	0
㟂	mu	3	0
㟃	si	1	0
㟄	xiang	2	0
㟅	yang	2	0
㟆	hua	2	0
㟇	cuo	4	0
㟈	qiu	2	0
㟉	lao	2	0
㟊	fu	2	0
㟋	dui	4	0
㟌	mang	2	0
㟍	lang	2	0
㟎	tuo	3	0
㟏	han	2	0
㟐	mang	3	0
㟑	bo	2	0
㟒	qun	1	0
㟓	qi	2	0
㟔	han	2	0
㟖	long	4	0
㟗	bin	1	0
㟘	tiao	2	0
㟙	ze	2	0
㟚	qi	2	0
㟛	zan	4	0
㟜	mi	2	0
㟝	pei	2	0
㟞	zhan	4	0
㟟	xiang	4	0
㟠	gang	3	0
㟢	qi	2	0
㟤	lu	4	0
㟥	cen	1	0
㟦	yun	4	0
㟧	e	4	0
㟨	duan	1	0
㟩	min	2	0
㟪	wei	1	0
㟫	quan	2	0
㟬	sou	3	0
㟭	min	2	0
㟮	tu	1	0
㟰	ming	3	0
㟱	yao	3	0
㟲	jue	2	0
㟳	li	4	0
㟴	kuai	4	0
㟵	gang	3	0
㟶	yuan	2	0
㟷	da	5	0
㟹	lao	2	0
㟺	lou	2	0
㟻	qian	4	0
㟼	ao	2	0
㟽	biao	3	0
㟾	yong	1	0
㟿	mang	3	0
㠀	dao	3	0
㠂	ao	2	0
㠄	xi	2	0
㠅	fu	2	0
㠆	dan	1	0
㠇	jiu	4	0
㠈	run	4	0
㠉	tong	2	0
㠊	qu	1	0
㠋	e	4	0
㠌	qi	1	0
㠍	ji	2	0
㠎	ji	2	0
㠏	hua	2	0
㠐	jiao	4	0
㠑	zui	4	0
㠒	biao	3	0
㠓	meng	2	0
㠔	bai	4	0
㠕	wei	3	0
㠖	yi	3	0
㠗	ao	4	0
㠘	yu	3	0
㠙	hao	2	0
㠚	dui	4	0
㠛	wo	4	0
㠜	ni	4	0
㠝	cuan	2	0
㠟	li	2	0
㠠	lu	2	0
㠡	niao	3	0
㠢	huai	2	0
㠣	li	4	0
㠥	lv	4	0
㠦	feng	1	0
㠧	mi	3	0
㠨	yu	4	0
㠪	ju	4	0
㠭	zhan	3	0
㠮	peng	1	0
㠯	yi	3	0
㠱	ji	4	0
㠲	bi	3	0
㠴	ren	4	0
㠵	huang	1	0
㠶	fan	2	0
㠷	ge	2	0
㠸	ku	4	0
㠹	jie	4	0
㠺	sha	1	0
㠼	si	1	0
㠽	tong	2	0
㠾	yuan	1	0
㠿	zi	1	0
㡀	bi	4	0
㡁	kua	3	0
㡂	li	4	0
㡃	huang	1	0
㡄	xun	2	0
㡅	nuo	3	0
㡇	zhe	2	0
㡈	wen	4	0
㡉	xian	2	0
㡊	qia	4	0
㡋	ye	2	0
㡌	mao	4	0
㡎	shan	1	0
㡏	shu	4	0
㡑	qiao	1	0
㡒	zhun	1	0
㡓	kun	1	0
㡔	wu	4	0
㡕	ying	1	0
㡖	chuang	2	0
㡗	ti	2	0
㡘	lian	2	0
㡙	bi	1	0
㡚	gou	1	0
㡛	mang	2	0
㡜	xie	4	0
㡝	feng	4	0
㡞	lou	2	0
㡟	zao	1	0
㡠	zheng	4	0
㡡	chu	2	0
㡢	man	4	0
㡣	long	2	0
㡥	yin	4	0
㡦	pin	1	0
㡧	zheng	4	0
㡨	jian	1	0
㡩	luan	2	0
㡪	nie	2	0
㡫	yi	4	0
㡭	ji	4	0
㡮	ji	2	0
㡯	zhai	2	0
㡰	yu	3	0
㡱	jiu	3	0
㡲	huan	2	0
㡳	zhi	3	0
㡴	la	1	0
㡵	ling	2	0
㡶	zhi	3	0
㡷	ben	3	0
㡸	zha	4	0
㡹	ju	1	0
㡺	dan	4	0
㡻	liao	4	0
㡼	yi	4	0
㡽	zhao	4	0
㡾	xian	4	0
㡿	chi	4	0
㢀	ci	4	0
㢁	chi	3	0
㢂	yan	3	0
㢃	lang	2	0
㢄	dou	4	0
㢅	long	4	0
㢆	chan	2	0
㢈	tui	2	0
㢉	cha	2	0
㢊	ai	3	0
㢋	chi	3	0
㢍	ying	3	0
㢎	zhe	2	0
㢏	tou	2	0
㢑	tui	2	0
㢒	cha	2	0
㢓	yao	3	0
㢔	zong	3	0
㢖	pan	1	0
㢗	qiao	4	0
㢘	lian	2	0
㢙	qin	2	0
㢚	lu	3	0
㢛	yan	4	0
㢜	kang	4	0
㢝	su	1	0
㢞	yi	4	0
㢟	chan	1	0
㢠	jiong	3	0
㢡	jiang	3	0
㢣	jing	4	0
㢥	dong	4	0
㢧	juan	4	0
㢨	han	4	0
㢩	di	4	0
㢬	hong	2	0
㢮	chi	2	0
㢯	diao	1	0
㢰	bi	4	0
㢲	xun	4	0
㢳	lu	2	0
㢵	xie	2	0
㢶	bi	4	0
㢸	bi	4	0
㢺	xian	2	0
㢻	rui	4	0
㢼	bie	4	0
㢽	er	3	0
㢾	juan	4	0
㣀	zhen	4	0
㣁	bei	4	0
㣂	e	4	0
㣃	yu	3	0
㣄	qu	2	0
㣅	zan	4	0
㣆	mi	2	0
㣇	yi	4	0
㣈	si	4	0
㣌	shan	4	0
㣍	tai	2	0
㣎	mu	4	0
㣏	jing	4	0
㣐	bian	4	0
㣑	rong	2	0
㣒	ceng	4	0
㣓	can	4	0
㣔	ding	1	0
㣙	di	2	0
㣚	tong	3	0
㣛	ta	4	0
㣜	xing	2	0
㣝	song	1	0
㣞	duo	2	0
㣟	xi	4	0
㣠	tao	1	0
㣢	ti	2	0
㣣	shan	4	0
㣤	jian	4	0
㣥	zhi	4	0
㣦	wei	1	0
㣧	yin	4	0
㣪	huan	3	0
㣫	zhong	3	0
㣬	qi	4	0
㣭	zong	1	0
㣯	xie	4	0
㣰	xie	4	0
㣱	ze	2	0
㣲	wei	2	0
㣵	ta	4	0
㣶	zhan	1	0
㣷	ning	4	0
㣺	xin	1	0
㣻	yi	4	0
㣼	ren	3	0
㣽	shu	4	0
㣾	cha	4	0
㣿	zhuo	2	0
㤁	mian	3	0
㤂	ji	2	0
㤃	fang	2	0
㤄	pei	4	0
㤅	ai	4	0
㤆	fan	4	0
㤇	ao	3	0
㤈	qin	4	0
㤉	qia	1	0
㤊	xiao	4	0
㤋	fen	1	0
㤌	gan	1	0
㤍	qiao	1	0
㤎	ge	1	0
㤏	tong	2	0
㤐	chan	1	0
㤑	you	4	0
㤒	gao	1	0
㤓	ben	4	0
㤔	fu	4	0
㤕	chu	4	0
㤖	zhu	4	0
㤘	zhou	4	0
㤚	hang	2	0
㤛	nin	2	0
㤜	jue	2	0
㤝	chong	1	0
㤞	cha	4	0
㤟	kong	3	0
㤠	lie	4	0
㤡	li	4	0
㤢	yu	4	0
㤤	yu	2	0
㤥	hai	4	0
㤦	li	4	0
㤧	hou	2	0
㤨	gong	3	0
㤩	ke	4	0
㤪	yuan	4	0
㤫	de	2	0
㤬	hui	4	0
㤭	jiao	1	0
㤮	guang	4	0
㤯	jiong	3	0
㤰	zuo	4	0
㤱	fu	4	0
㤲	qie	4	0
㤳	bei	3	0
㤴	che	4	0
㤵	ci	2	0
㤶	mang	2	0
㤷	han	1	0
㤸	xi	4	0
㤹	qiu	2	0
㤺	huang	3	0
㤽	chou	2	0
㤾	san	4	0
㤿	yan	1	0
㥀	zhi	2	0
㥁	de	2	0
㥂	te	4	0
㥃	men	4	0
㥄	ling	2	0
㥅	shou	4	0
㥆	tui	4	0
㥇	can	2	0
㥈	die	2	0
㥉	che	4	0
㥊	peng	2	0
㥋	yi	1	0
㥌	ju	2	0
㥍	ji	4	0
㥎	lai	2	0
㥏	tian	3	0
㥐	yuan	4	0
㥒	cai	3	0
㥓	qi	1	0
㥔	yu	4	0
㥕	lian	2	0
㥖	cong	1	0
㥚	yu	2	0
㥛	ji	2	0
㥜	wei	4	0
㥝	mi	3	0
㥞	sui	4	0
㥟	xie	2	0
㥠	xu	1	0
㥡	chi	4	0
㥢	qiu	2	0
㥣	hui	4	0
㥥	yu	2	0
㥦	qie	4	0
㥧	shun	4	0
㥨	shui	4	0
㥩	duo	3	0
㥪	lou	2	0
㥬	pang	2	0
㥭	tai	4	0
㥮	zhou	4	0
㥯	yin	3	0
㥰	sao	1	0
㥱	fei	3	0
㥲	chen	1	0
㥳	yuan	2	0
㥴	yi	2	0
㥵	hun	4	0
㥶	se	4	0
㥷	ye	4	0
㥸	min	3	0
㥹	fen	3	0
㥺	he	2	0
㥼	yin	4	0
㥽	ce	4	0
㥾	ni	4	0
㥿	ao	4	0
㦀	feng	2	0
㦁	lian	2	0
㦂	chang	2	0
㦃	chan	3	0
㦄	ma	2	0
㦅	die	1	0
㦆	hu	1	0
㦇	lu	4	0
㦈	ai	4	0
㦉	yi	4	0
㦊	hua	2	0
㦋	zha	1	0
㦌	hu	1	0
㦍	e	4	0
㦎	huo	4	0
㦏	sun	3	0
㦐	ni	4	0
㦑	xian	4	0
㦒	li	2	0
㦓	xian	4	0
㦔	yan	4	0
㦕	long	2	0
㦖	men	4	0
㦗	jin	1	0
㦘	ji	1	0
㦚	bian	3	0
㦛	yu	3	0
㦜	huo	4	0
㦝	miao	3	0
㦞	chou	2	0
㦟	mai	2	0
㦡	le	4	0
㦢	jie	2	0
㦣	wei	4	0
㦤	yi	4	0
㦥	xuan	1	0
㦦	xi	4	0
㦧	can	3	0
㦨	lan	2	0
㦩	yin	3	0
㦪	xie	4	0
㦫	za	1	0
㦬	luo	3	0
㦭	ling	2	0
㦮	qian	2	0
㦯	huo	4	0
㦰	jian	1	0
㦱	wo	3	0
㦴	ge	2	0
㦵	zhu	1	0
㦶	die	2	0
㦷	yong	3	0
㦸	ji	3	0
㦹	yang	2	0
㦺	ru	4	0
㦻	xi	2	0
㦼	shuang	4	0
㦽	yu	4	0
㦾	yi	2	0
㦿	qian	3	0
㧀	ji	2	0
㧁	qu	4	0
㧂	tian	2	0
㧃	shou	1	0
㧄	qian	3	0
㧅	mu	4	0
㧆	jin	1	0
㧇	mao	3	0
㧈	yin	3	0
㧉	gai	4	0
㧊	po	1	0
㧋	xuan	3	0
㧌	mao	4	0
㧍	fang	3	0
㧎	ya	2	0
㧏	gang	1	0
㧐	song	3	0
㧑	hui	1	0
㧒	yu	4	0
㧓	gua	1	0
㧔	guai	4	0
㧕	liu	3	0
㧖	e	4	0
㧗	zi	3	0
㧘	zi	4	0
㧙	bi	4	0
㧚	wa	3	0
㧛	lan	3	0
㧜	lie	4	0
㧟	kuai	3	0
㧡	hai	4	0
㧢	yin	1	0
㧣	zhu	1	0
㧤	chong	4	0
㧥	xian	3	0
㧦	xuan	4	0
㧨	qiu	2	0
㧩	pei	4	0
㧪	gui	3	0
㧫	er	2	0
㧬	gong	3	0
㧭	qiong	2	0
㧮	hu	1	0
㧯	lao	3	0
㧰	li	4	0
㧱	chen	4	0
㧲	san	3	0
㧳	zhuo	4	0
㧴	wo	3	0
㧵	pou	2	0
㧶	keng	1	0
㧷	tun	4	0
㧸	peng	1	0
㧹	te	4	0
㧺	ta	4	0
㧻	zhuo	2	0
㧼	biao	4	0
㧽	gu	4	0
㧾	hu	1	0
㨀	bing	3	0
㨁	zhi	4	0
㨂	dong	3	0
㨃	dui	3	0
㨄	zhou	1	0
㨅	nei	4	0
㨆	lin	3	0
㨇	po	2	0
㨈	ji	3	0
㨉	min	2	0
㨊	wei	3	0
㨋	che	3	0
㨌	gou	4	0
㨍	bang	1	0
㨎	ru	2	0
㨏	tan	1	0
㨐	bu	3	0
㨑	zong	1	0
㨒	kui	1	0
㨓	lao	2	0
㨔	han	4	0
㨕	ying	2	0
㨖	zhi	4	0
㨗	jie	2	0
㨘	xing	3	0
㨙	xie	2	0
㨚	xun	2	0
㨛	shan	3	0
㨜	qian	2	0
㨝	xie	1	0
㨞	su	4	0
㨟	hai	1	0
㨠	mi	4	0
㨡	hun	2	0
㨢	pi	1	0
㨤	hui	4	0
㨥	na	4	0
㨦	song	3	0
㨧	ben	4	0
㨨	chou	1	0
㨩	jie	2	0
㨪	huang	4	0
㨫	lan	3	0
㨭	hu	4	0
㨮	dou	1	0
㨯	huo	4	0
㨰	gun	3	0
㨱	yao	2	0
㨲	ce	4	0
㨳	gui	3	0
㨴	jian	4	0
㨵	jian	3	0
㨶	dao	3	0
㨷	jin	4	0
㨸	ma	4	0
㨹	hui	4	0
㨺	mian	3	0
㨻	can	2	0
㨼	lve	4	0
㨽	pi	4	0
㨾	yang	4	0
㨿	ju	4	0
㩀	ju	4	0
㩁	que	4	0
㩃	qian	1	0
㩄	shai	1	0
㩆	jiu	4	0
㩇	huo	4	0
㩈	yun	3	0
㩉	da	2	0
㩊	xuan	1	0
㩋	xiao	1	0
㩌	fei	4	0
㩍	ce	4	0
㩎	ye	4	0
㩐	den	4	0
㩒	qin	2	0
㩓	hui	3	0
㩔	tun	2	0
㩖	qiang	2	0
㩗	xi	2	0
㩘	ni	3	0
㩙	sai	1	0
㩚	meng	2	0
㩛	tuan	2	0
㩜	lan	3	0
㩝	hao	2	0
㩞	ci	4	0
㩟	zhai	4	0
㩠	ao	1	0
㩡	luo	3	0
㩢	mie	4	0
㩤	fu	1	0
㩦	xie	2	0
㩧	bo	2	0
㩨	hui	4	0
㩩	qing	3	0
㩪	xie	2	0
㩭	bo	2	0
㩮	qian	2	0
㩯	po	2	0
㩰	jiao	3	0
㩱	jue	2	0
㩲	kun	3	0
㩳	song	3	0
㩴	ju	2	0
㩵	e	4	0
㩶	nie	4	0
㩷	qian	1	0
㩸	die	2	0
㩹	die	2	0
㩻	qi	1	0
㩼	zhi	1	0
㩽	qi	2	0
㩾	zhui	4	0
㩿	ku	1	0
㪀	yu	2	0
㪁	qin	2	0
㪂	ku	1	0
㪃	he	2	0
㪄	fu	2	0
㪅	geng	4	0
㪆	di	3	0
㪇	xian	4	0
㪈	gui	4	0
㪉	he	2	0
㪊	qun	2	0
㪋	han	4	0
㪌	tong	3	0
㪍	bo	2	0
㪎	shan	3	0
㪏	bi	3	0
㪐	lu	4	0
㪑	ye	4	0
㪒	ni	2	0
㪓	chuai	2	0
㪔	san	4	0
㪕	diao	4	0
㪖	lu	4	0
㪗	tou	3	0
㪘	lian	3	0
㪙	ke	3	0
㪚	san	4	0
㪛	zhen	3	0
㪜	chuai	3	0
㪝	lian	4	0
㪞	mao	4	0
㪠	qian	1	0
㪡	kai	4	0
㪢	shao	3	0
㪣	xiao	1	0
㪤	bi	4	0
㪥	zha	1	0
㪦	yin	4	0
㪧	xi	1	0
㪨	shan	4	0
㪩	su	4	0
㪪	sa	4	0
㪫	rui	4	0
㪬	chuo	1	0
㪭	lu	2	0
㪮	ling	2	0
㪯	cha	2	0
㪱	huan	4	0
㪴	jia	2	0
㪵	ban	4	0
㪶	hu	2	0
㪷	dou	3	0
㪹	lou	3	0
㪺	ju	1	0
㪻	juan	4	0
㪼	ke	3	0
㪽	suo	3	0
㪾	luo	4	0
㪿	zhe	2	0
㫀	ding	3	0
㫁	duan	4	0
㫂	zhu	4	0
㫃	yan	3	0
㫄	pang	2	0
㫅	cha	2	0
㫊	yi	3	0
㫍	you	2	0
㫎	hui	1	0
㫏	yao	3	0
㫐	yao	3	0
㫑	zhi	3	0
㫒	gong	3	0
㫓	qi	3	0
㫔	gen	4	0
㫗	hou	4	0
㫘	mi	4	0
㫙	fu	2	0
㫚	hu	1	0
㫛	guang	4	0
㫜	tan	3	0
㫝	di	1	0
㫟	yan	2	0
㫢	qu	4	0
㫤	chang	3	0
㫥	ming	3	0
㫦	tao	1	0
㫧	bao	4	0
㫨	an	1	0
㫫	xian	3	0
㫯	mao	4	0
㫰	lang	4	0
㫱	nan	3	0
㫲	bei	4	0
㫳	chen	2	0
㫵	fei	1	0
㫶	zhou	3	0
㫷	ji	1	0
㫸	jie	1	0
㫹	shu	4	0
㫻	kun	4	0
㫼	die	2	0
㫽	lu	4	0
㬂	yu	2	0
㬃	tai	2	0
㬄	chan	4	0
㬅	man	4	0
㬆	min	3	0
㬇	huan	4	0
㬈	wen	1	0
㬉	nuan	3	0
㬊	huan	3	0
㬋	hou	2	0
㬌	jing	4	0
㬍	bo	2	0
㬎	xian	3	0
㬏	li	4	0
㬐	jin	4	0
㬒	mang	3	0
㬓	piao	4	0
㬔	hao	2	0
㬕	yang	2	0
㬗	xian	4	0
㬘	su	4	0
㬙	wei	3	0
㬚	che	4	0
㬛	xi	1	0
㬜	jin	4	0
㬝	ceng	2	0
㬞	he	4	0
㬟	fen	1	0
㬠	shai	4	0
㬡	ling	2	0
㬣	dui	4	0
㬤	qi	1	0
㬥	pu	4	0
㬦	yue	4	0
㬧	bo	2	0
㬩	hui	4	0
㬪	die	2	0
㬫	yan	4	0
㬬	ju	4	0
㬭	jiao	4	0
㬮	nan	4	0
㬯	lie	4	0
㬰	yu	2	0
㬱	ti	4	0
㬲	tian	1	0
㬳	wu	3	0
㬴	hong	3	0
㬵	xiao	2	0
㬶	hao	4	0
㬸	tiao	1	0
㬹	zheng	1	0
㬻	huang	1	0
㬼	fu	4	0
㬿	tun	1	0
㭁	reng	2	0
㭂	jiao	3	0
㭄	xin	4	0
㭇	yuan	4	0
㭈	jue	2	0
㭉	hua	2	0
㭋	bang	4	0
㭌	mou	2	0
㭎	gang	1	0
㭏	wei	3	0
㭑	mei	4	0
㭒	si	4	0
㭓	bian	4	0
㭔	lu	2	0
㭕	qu	1	0
㭘	ge	2	0
㭙	zhe	2	0
㭚	lv	3	0
㭛	pai	4	0
㭜	rong	2	0
㭝	qiu	2	0
㭞	lie	4	0
㭟	gong	3	0
㭠	xian	3	0
㭡	xi	4	0
㭢	xin	1	0
㭤	niao	3	0
㭨	xie	2	0
㭩	lie	4	0
㭪	fu	1	0
㭫	cuo	2	0
㭬	zhuo	2	0
㭭	ba	1	0
㭮	zuo	4	0
㭯	zhe	2	0
㭰	zui	1	0
㭱	he	2	0
㭲	ji	2	0
㭴	jian	1	0
㭸	tu	2	0
㭹	xian	2	0
㭺	yan	3	0
㭻	tang	2	0
㭼	ta	4	0
㭽	di	3	0
㭾	jue	2	0
㭿	ang	2	0
㮀	han	2	0
㮁	xiao	2	0
㮂	ju	2	0
㮃	wei	1	0
㮄	bang	3	0
㮅	zhui	1	0
㮆	nie	4	0
㮇	tian	4	0
㮈	nai	4	0
㮋	you	3	0
㮌	mian	2	0
㮏	nai	4	0
㮐	sheng	3	0
㮑	cha	1	0
㮒	yan	1	0
㮓	gen	4	0
㮔	chong	4	0
㮕	ruan	3	0
㮖	jia	2	0
㮗	qin	2	0
㮘	mao	2	0
㮙	e	4	0
㮚	li	4	0
㮛	chi	2	0
㮜	zang	1	0
㮝	he	2	0
㮞	jie	2	0
㮟	nian	3	0
㮡	guan	4	0
㮢	hou	2	0
㮣	gai	4	0
㮥	ben	4	0
㮦	suo	3	0
㮧	wu	1	0
㮨	ji	4	0
㮩	xi	1	0
㮪	qiong	2	0
㮫	he	2	0
㮬	weng	1	0
㮭	xian	2	0
㮮	jie	2	0
㮯	hun	2	0
㮰	pi	2	0
㮱	shen	1	0
㮲	chou	1	0
㮳	zhen	4	0
㮵	zhan	1	0
㮶	shuo	4	0
㮷	ji	1	0
㮸	song	4	0
㮹	zhi	3	0
㮺	ben	3	0
㮾	lang	3	0
㮿	bi	4	0
㯀	xuan	4	0
㯁	pei	2	0
㯂	dai	4	0
㯃	qi	1	0
㯄	zhi	1	0
㯅	pi	2	0
㯆	chan	3	0
㯇	bi	4	0
㯈	su	4	0
㯉	huo	4	0
㯊	hen	2	0
㯋	jiong	3	0
㯌	chuan	2	0
㯍	jiang	3	0
㯎	nen	4	0
㯏	gu	3	0
㯐	fang	3	0
㯓	ta	4	0
㯔	cui	4	0
㯕	xi	1	0
㯖	de	2	0
㯗	xian	2	0
㯘	kuan	3	0
㯙	zhe	2	0
㯚	ta	1	0
㯛	hu	2	0
㯜	cui	4	0
㯝	lu	4	0
㯞	juan	4	0
㯟	lu	4	0
㯠	qian	4	0
㯡	pao	4	0
㯢	zhen	4	0
㯤	li	4	0
㯥	cao	2	0
㯦	qi	2	0
㯩	ti	4	0
㯪	ling	2	0
㯫	qu	2	0
㯬	lian	3	0
㯭	lu	3	0
㯮	shu	2	0
㯯	gong	4	0
㯰	zhe	2	0
㯱	pao	1	0
㯲	jin	4	0
㯳	qing	2	0
㯶	zong	1	0
㯷	pu	2	0
㯸	jin	3	0
㯹	biao	3	0
㯺	jian	4	0
㯻	gun	3	0
㯽	bin	1	0
㯾	zao	1	0
㯿	lie	4	0
㰀	li	2	0
㰁	luo	3	0
㰂	shen	3	0
㰃	mian	2	0
㰄	jian	4	0
㰅	di	2	0
㰆	bei	4	0
㰈	lian	3	0
㰊	xian	2	0
㰋	pin	2	0
㰌	que	4	0
㰍	long	2	0
㰎	zui	4	0
㰐	jue	2	0
㰑	shan	1	0
㰒	xue	2	0
㰔	xie	4	0
㰖	lan	3	0
㰗	qi	2	0
㰘	yi	2	0
㰙	nuo	2	0
㰚	li	2	0
㰛	yue	4	0
㰝	yi	3	0
㰞	chi	1	0
㰟	ji	4	0
㰠	hang	1	0
㰡	xie	4	0
㰢	keng	1	0
㰣	zi	1	0
㰤	he	1	0
㰥	xi	4	0
㰦	qu	4	0
㰧	hai	1	0
㰨	xia	1	0
㰩	hai	1	0
㰪	gui	1	0
㰫	chan	1	0
㰬	xun	2	0
㰭	xu	1	0
㰮	shen	4	0
㰯	kou	4	0
㰰	xia	1	0
㰱	sha	4	0
㰲	yu	1	0
㰳	ya	4	0
㰴	pou	3	0
㰵	zu	2	0
㰶	you	3	0
㰷	zi	4	0
㰸	lian	3	0
㰹	xian	1	0
㰺	xia	4	0
㰻	yi	3	0
㰼	sha	4	0
㰽	yan	4	0
㰾	jiao	4	0
㰿	xi	1	0
㱀	chi	3	0
㱁	shi	4	0
㱂	kang	1	0
㱃	yin	3	0
㱄	hei	1	0
㱅	yi	4	0
㱆	xi	1	0
㱇	se	4	0
㱈	jin	4	0
㱉	ye	4	0
㱊	you	1	0
㱋	que	4	0
㱌	ye	2	0
㱍	luan	2	0
㱎	kun	1	0
㱏	zheng	4	0
㱔	xie	1	0
㱖	cui	4	0
㱗	xiu	1	0
㱘	an	4	0
㱙	xiu	3	0
㱚	can	2	0
㱛	chuan	3	0
㱜	zha	2	0
㱞	yi	4	0
㱟	pi	1	0
㱠	ku	1	0
㱡	sheng	1	0
㱢	lang	2	0
㱣	tui	3	0
㱤	xi	1	0
㱥	ling	2	0
㱦	qi	1	0
㱧	wo	4	0
㱨	lian	4	0
㱩	du	2	0
㱪	men	4	0
㱫	lan	4	0
㱬	wei	3	0
㱭	duan	4	0
㱮	kuai	4	0
㱯	ai	2	0
㱰	zai	3	0
㱱	hui	4	0
㱲	yi	4	0
㱳	mo	4	0
㱴	zi	4	0
㱵	fen	4	0
㱶	peng	2	0
㱸	bi	4	0
㱹	li	4	0
㱺	lu	2	0
㱻	luo	4	0
㱼	hai	1	0
㱽	zhen	3	0
㱾	gai	1	0
㱿	que	4	0
㲀	zhen	1	0
㲁	kong	1	0
㲂	cheng	2	0
㲃	jiu	4	0
㲄	jue	2	0
㲅	ji	4	0
㲆	ling	2	0
㲈	shao	2	0
㲉	que	4	0
㲊	rui	4	0
㲋	chuo	4	0
㲌	neng	4	0
㲍	zhi	1	0
㲎	lou	2	0
㲏	pao	1	0
㲒	bao	4	0
㲓	rong	2	0
㲔	xian	1	0
㲕	lei	4	0
㲖	xiao	1	0
㲗	fu	1	0
㲘	qu	2	0
㲚	sha	1	0
㲛	zhi	3	0
㲜	tan	2	0
㲝	rong	3	0
㲞	su	1	0
㲟	ying	3	0
㲠	mao	2	0
㲡	nai	4	0
㲢	bian	4	0
㲤	shuai	1	0
㲥	tang	2	0
㲦	han	4	0
㲧	sao	4	0
㲨	rong	2	0
㲪	deng	1	0
㲫	pu	2	0
㲬	jiao	1	0
㲭	tan	3	0
㲯	ran	2	0
㲰	ning	2	0
㲱	lie	4	0
㲲	die	2	0
㲳	die	2	0
㲴	zhong	4	0
㲶	lv	4	0
㲷	dan	4	0
㲸	xi	1	0
㲹	gui	3	0
㲺	ji	2	0
㲻	ni	4	0
㲼	yi	4	0
㲽	nian	4	0
㲾	yu	3	0
㲿	wang	3	0
㳀	guo	4	0
㳁	ze	4	0
㳂	yan	2	0
㳃	cui	4	0
㳄	xian	2	0
㳅	jiao	3	0
㳆	tou	3	0
㳇	fu	4	1
㳈	pei	4	0
㳊	you	1	0
㳋	qiu	1	0
㳌	ya	1	0
㳍	bu	4	0
㳎	bian	4	0
㳏	shi	4	0
㳐	zha	2	0
㳑	yi	4	0
㳒	bian	4	0
㳔	dui	4	0
㳕	lan	2	0
㳖	yi	1	0
㳗	chai	4	0
㳘	chong	1	0
㳙	xuan	4	0
㳚	xu	4	0
㳛	yu	2	0
㳜	xiu	1	0
㳠	ta	4	0
㳡	guo	1	0
㳥	long	4	0
㳦	xie	4	0
㳧	che	4	0
㳨	jian	3	0
㳩	tan	1	0
㳪	pi	4	0
㳫	zan	3	0
㳬	xuan	2	0
㳭	xian	2	0
㳮	niao	4	0
㳴	mi	4	0
㳵	ji	4	0
㳶	nou	3	0
㳷	hu	1	0
㳸	hua	1	0
㳹	wang	3	0
㳺	you	2	0
㳻	ze	2	0
㳼	bi	4	0
㳽	mi	3	0
㳾	qiang	1	0
㳿	xie	4	0
㴀	fan	4	0
㴁	yi	4	0
㴂	tan	1	0
㴃	lei	4	0
㴄	yong	3	0
㴆	jin	4	0
㴇	she	4	0
㴈	yin	4	0
㴉	ji	3	0
㴋	su	4	0
㴎	nai	4	0
㴏	wang	3	0
㴐	mian	4	0
㴑	su	4	0
㴒	yi	4	0
㴓	shai	1	0
㴔	ji	2	0
㴕	ji	2	0
㴖	luo	4	0
㴗	you	1	0
㴘	mao	4	0
㴙	zha	3	0
㴚	sui	4	0
㴛	zhi	4	0
㴜	bian	4	0
㴝	li	2	0
㴥	qiao	4	0
㴦	guan	4	0
㴧	xi	1	0
㴨	zhen	4	0
㴩	yong	1	0
㴪	nie	4	0
㴫	jun	4	0
㴬	xie	4	0
㴭	yao	3	0
㴮	xie	4	0
㴯	zhi	1	0
㴰	neng	2	0
㴲	si	1	0
㴳	long	3	0
㴴	chen	2	0
㴵	mi	4	0
㴶	que	4	0
㴷	dan	1	0
㴸	shan	3	0
㴼	su	4	0
㴽	xie	4	0
㴾	bo	2	0
㴿	ding	3	0
㵀	zu	2	0
㵂	shu	4	0
㵃	she	2	0
㵄	han	4	0
㵅	tan	1	0
㵆	gao	3	0
㵊	na	4	0
㵋	mi	4	0
㵌	xun	2	0
㵍	men	4	0
㵎	jian	4	0
㵏	cui	3	0
㵐	jue	2	0
㵑	he	4	0
㵒	fei	4	0
㵓	shi	2	0
㵔	che	3	0
㵕	shen	4	0
㵖	nv	4	0
㵗	ping	2	0
㵘	man	4	0
㵝	yi	4	0
㵞	chou	2	0
㵠	ku	1	0
㵡	bao	2	0
㵢	lei	2	0
㵣	ke	3	0
㵤	sha	4	0
㵥	mi	4	0
㵦	sui	2	0
㵧	ge	2	0
㵨	pi	4	0
㵩	yi	4	0
㵪	xian	2	0
㵫	ni	4	0
㵬	ying	2	0
㵭	zhu	3	0
㵮	chun	2	0
㵯	feng	2	0
㵰	xu	4	0
㵱	piao	3	0
㵲	wu	3	0
㵳	liao	2	0
㵴	cang	2	0
㵵	zou	4	0
㵶	zuo	1	0
㵷	bian	4	0
㵸	yao	4	0
㵹	huan	2	0
㵺	pai	4	0
㵻	xiu	1	0
㵽	lei	3	0
㵾	qing	4	0
㵿	xiao	4	0
㶀	jiao	1	0
㶁	guo	2	0
㶄	yan	2	0
㶅	xue	2	0
㶆	zhu	1	0
㶇	heng	2	0
㶈	ying	2	0
㶉	xi	1	0
㶌	lian	2	0
㶍	xian	3	0
㶎	huan	2	0
㶏	yin	1	0
㶑	lian	4	0
㶒	shan	3	0
㶓	cang	2	0
㶔	bei	4	0
㶕	jian	3	0
㶖	shu	4	0
㶗	fan	4	0
㶘	dian	4	0
㶚	ba	4	0
㶛	yu	2	0
㶞	nang	3	0
㶟	lei	3	0
㶠	yi	4	0
㶡	dai	4	0
㶣	chan	2	0
㶤	chao	3	0
㶥	gan	1	0
㶦	jin	4	0
㶧	nen	4	0
㶫	liao	3	0
㶬	mo	4	0
㶭	you	3	0
㶯	liu	4	0
㶰	han	2	0
㶲	yong	4	0
㶳	jin	4	0
㶴	chi	3	0
㶵	ren	4	0
㶶	nong	2	0
㶹	hong	4	0
㶺	tian	4	0
㶼	ai	1	0
㶽	gua	1	0
㶾	biao	1	0
㶿	bo	2	0
㷀	qiong	2	0
㷂	shu	4	0
㷃	chui	3	0
㷄	hui	3	0
㷅	chao	3	0
㷆	fu	4	0
㷇	hui	1	0
㷈	e	4	0
㷉	wei	4	0
㷊	fen	2	0
㷋	tan	2	0
㷍	lun	2	0
㷎	he	4	0
㷏	yong	3	0
㷐	hui	3	0
㷒	yu	2	0
㷓	zong	3	0
㷔	yan	4	0
㷕	qiu	2	0
㷖	zhao	4	0
㷗	jiong	3	0
㷘	tai	2	0
㷟	tui	4	0
㷠	lin	2	0
㷡	jiong	3	0
㷢	zha	3	0
㷣	xing	1	0
㷤	hu	4	0
㷦	xu	4	0
㷪	cui	4	0
㷫	qing	3	0
㷬	mo	4	0
㷮	zao	1	0
㷯	beng	4	0
㷰	chi	1	0
㷳	yan	4	0
㷴	ge	2	0
㷵	mo	4	0
㷶	bei	4	0
㷷	juan	3	0
㷸	die	2	0
㷹	zhao	4	0
㷻	wu	2	0
㷼	yan	4	0
㷾	jue	2	0
㷿	xian	1	0
㸀	tai	2	0
㸁	han	3	0
㸃	dian	3	0
㸄	ji	4	0
㸅	jie	2	0
㸆	kao	4	0
㸇	zuan	3	0
㸉	xie	4	0
㸊	lai	4	0
㸋	fan	2	0
㸌	huo	4	0
㸍	xi	4	0
㸎	nie	4	0
㸏	mi	2	0
㸐	ran	2	0
㸑	cuan	4	0
㸒	yin	2	0
㸓	mi	4	0
㸕	jue	2	0
㸖	qu	1	0
㸗	tong	2	0
㸘	wan	4	0
㸙	zhe	1	0
㸚	li	3	0
㸛	shao	2	0
㸜	kong	4	0
㸝	xian	1	0
㸞	zhe	2	0
㸟	zhi	1	0
㸠	tiao	3	0
㸡	shu	1	0
㸢	bei	4	0
㸣	ye	4	0
㸤	pian	4	0
㸥	chan	4	0
㸦	hu	4	0
㸧	ken	4	0
㸨	jiu	1	0
㸩	an	1	0
㸪	chun	2	0
㸫	qian	2	0
㸬	bei	4	0
㸭	ba	1	0
㸮	fen	2	0
㸯	ke	1	0
㸰	tuo	2	0
㸱	tuo	2	0
㸲	zuo	2	0
㸳	ling	2	0
㸵	gui	3	0
㸶	yan	1	0
㸷	shi	4	0
㸸	hou	3	0
㸹	lie	4	0
㸺	sha	1	0
㸻	si	4	0
㸽	bei	4	0
㸾	ren	4	0
㸿	du	2	0
㹀	bo	2	0
㹁	liang	2	0
㹂	qian	3	0
㹃	fei	4	0
㹄	ji	4	0
㹅	zong	3	0
㹆	hui	1	0
㹇	he	2	0
㹈	li	2	0
㹉	yuan	2	0
㹊	yue	4	0
㹋	xiu	1	0
㹌	chan	3	0
㹍	di	2	0
㹎	lei	2	0
㹏	jin	3	0
㹐	chong	2	0
㹑	si	4	0
㹒	pu	3	0
㹓	yao	3	0
㹔	jiang	1	0
㹕	huan	1	0
㹖	huan	4	0
㹗	tao	1	0
㹘	ru	4	0
㹙	weng	3	0
㹚	ying	2	0
㹛	rao	2	0
㹜	yin	2	0
㹝	shi	4	0
㹞	yin	2	0
㹟	jue	2	0
㹠	tun	2	0
㹡	xuan	2	0
㹢	jia	1	0
㹣	zhong	1	0
㹤	qie	4	0
㹥	zhu	4	0
㹦	diao	1	0
㹨	you	4	0
㹫	yi	2	0
㹬	shi	3	0
㹭	yi	4	0
㹮	mo	4	0
㹱	que	4	0
㹲	xiao	1	0
㹳	wu	2	0
㹴	geng	1	0
㹵	ying	3	0
㹶	ting	2	0
㹷	shi	3	0
㹸	ni	2	0
㹹	geng	1	0
㹺	ta	4	0
㹻	wo	1	0
㹼	ju	2	0
㹽	chan	3	0
㹾	piao	3	0
㹿	zhuo	2	0
㺀	hu	1	0
㺁	nao	3	0
㺂	yan	2	0
㺃	gou	3	0
㺄	yu	3	0
㺅	hou	2	0
㺇	si	1	0
㺈	chi	1	0
㺉	hu	4	0
㺊	yang	4	0
㺋	weng	1	0
㺌	xian	4	0
㺍	pin	2	0
㺎	rong	2	0
㺏	lou	2	0
㺐	lao	3	0
㺑	shan	1	0
㺒	xiao	1	0
㺓	ze	2	0
㺔	hai	4	0
㺕	fan	2	0
㺖	han	3	0
㺗	chan	1	0
㺘	zhan	4	0
㺚	ta	3	0
㺛	zhu	4	0
㺜	nong	2	0
㺝	han	4	0
㺞	yu	2	0
㺟	zhuo	2	0
㺠	you	4	0
㺡	li	4	0
㺢	huo	4	0
㺣	xi	1	0
㺤	xian	1	0
㺥	chan	2	0
㺦	lian	2	0
㺨	si	1	0
㺩	jiu	4	0
㺪	pu	2	0
㺫	qiu	2	0
㺬	gong	3	0
㺭	zi	3	0
㺮	yu	2	0
㺱	reng	2	0
㺲	niu	3	0
㺳	mei	2	0
㺴	ba	1	0
㺵	jiu	2	0
㺷	xu	4	0
㺸	ping	2	0
㺹	bian	4	0
㺺	mao	4	0
㺿	yi	2	0
㻀	yu	2	0
㻂	ping	2	0
㻃	qu	1	0
㻄	bao	3	0
㻅	hui	4	0
㻉	bu	4	0
㻊	mang	2	0
㻋	la	4	0
㻌	tu	2	0
㻍	wu	2	0
㻎	li	4	0
㻏	ling	2	0
㻑	ji	4	0
㻒	jun	4	0
㻓	zou	1	0
㻔	duo	3	0
㻕	jue	2	0
㻖	dai	4	0
㻗	bei	4	0
㻝	la	4	0
㻞	bin	1	0
㻟	sui	2	0
㻠	tu	2	0
㻡	xue	1	0
㻧	duo	4	0
㻪	sui	4	0
㻫	bi	4	0
㻬	tu	1	0
㻭	se	4	0
㻮	can	4	0
㻯	tu	2	0
㻰	mian	3	0
㻱	jin	1	0
㻲	lv	3	0
㻵	zhan	4	0
㻶	bi	3	0
㻷	ji	2	0
㻸	zen	1	0
㻹	xuan	1	0
㻺	li	4	0
㻽	sui	4	0
㻾	yong	1	0
㻿	shu	3	0
㼂	e	2	0
㼆	ying	2	0
㼇	qiong	2	0
㼈	luo	2	0
㼉	zhen	4	0
㼊	tun	2	0
㼋	gu	1	0
㼌	yu	3	0
㼍	lei	3	0
㼎	bo	2	0
㼏	nei	3	0
㼐	pian	2	0
㼑	lian	4	0
㼒	tang	3	0
㼓	lian	2	0
㼔	wen	1	0
㼕	dang	1	0
㼖	li	4	0
㼗	ting	2	0
㼘	wa	3	0
㼙	zhou	4	0
㼚	gang	1	0
㼛	xing	2	0
㼜	ang	4	0
㼝	fan	4	0
㼞	peng	4	0
㼟	bo	2	0
㼠	tuo	2	0
㼡	shu	1	0
㼢	yi	2	0
㼣	bo	2	0
㼤	qie	4	0
㼥	tou	3	0
㼦	gong	3	0
㼧	tong	2	0
㼨	han	2	0
㼩	cheng	2	0
㼪	jie	2	0
㼫	huan	4	0
㼬	xing	4	0
㼭	dian	4	0
㼮	chai	1	0
㼯	dong	4	0
㼰	pi	2	0
㼱	ruan	3	0
㼲	lie	4	0
㼳	sheng	3	0
㼴	ou	3	0
㼵	di	4	0
㼶	yu	2	0
㼷	chuan	2	0
㼸	rong	2	0
㼹	kang	1	0
㼺	tang	2	0
㼻	cong	2	0
㼼	piao	2	0
㼽	chuang	3	0
㼾	lu	4	0
㼿	tong	2	0
㽀	zheng	4	0
㽁	li	4	0
㽂	sa	4	0
㽃	pan	1	0
㽄	si	1	0
㽆	dang	1	0
㽇	hu	2	0
㽈	yi	4	0
㽉	xian	4	0
㽊	xie	4	0
㽋	luo	2	0
㽌	liu	4	0
㽎	tan	2	0
㽏	gan	4	0
㽑	tan	2	0
㽕	you	2	0
㽖	nan	2	0
㽘	gang	3	0
㽙	jun	4	0
㽚	chi	4	0
㽛	gou	1	0
㽜	wan	3	0
㽝	li	4	0
㽞	liu	2	0
㽟	lie	4	0
㽠	xia	2	0
㽡	bei	1	0
㽢	an	3	0
㽣	yu	4	0
㽤	ju	2	0
㽥	rou	2	0
㽦	xun	2	0
㽧	zi	1	0
㽨	cuo	2	0
㽩	can	4	0
㽪	zeng	3	0
㽫	yong	1	0
㽬	fu	4	0
㽭	ruan	3	0
㽯	xi	2	0
㽰	shu	4	0
㽱	jiao	3	0
㽲	jiao	3	0
㽳	xu	1	0
㽴	zhang	4	0
㽷	shui	4	0
㽸	chen	2	0
㽹	fan	3	0
㽺	ji	2	0
㽻	zhi	1	0
㽽	gu	4	0
㽾	wu	4	0
㾀	qie	4	0
㾁	shu	4	0
㾂	hai	1	0
㾃	tuo	2	0
㾄	du	2	0
㾅	zi	3	0
㾆	ran	2	0
㾇	mu	4	0
㾈	fu	4	0
㾉	ling	2	0
㾊	ji	2	0
㾋	xiu	1	0
㾌	xuan	3	0
㾍	nai	2	0
㾎	ya	1	0
㾏	jie	4	0
㾐	li	4	0
㾑	da	2	0
㾒	ru	2	0
㾓	yuan	1	0
㾔	lv	3	0
㾕	shen	3	0
㾖	li	3	0
㾗	liang	4	0
㾘	geng	3	0
㾙	xin	4	0
㾚	xie	1	0
㾛	qin	3	0
㾜	qie	4	0
㾝	che	4	0
㾞	you	2	0
㾟	bu	4	0
㾠	kuang	2	0
㾡	que	4	0
㾢	ai	4	0
㾣	qin	1	0
㾤	qiang	1	0
㾥	chu	4	0
㾦	pei	4	0
㾧	kuo	4	0
㾨	yi	1	0
㾩	guai	1	0
㾪	sheng	3	0
㾫	pian	1	0
㾭	zhou	4	0
㾮	huang	2	0
㾯	hui	1	0
㾰	hu	2	0
㾱	bei	4	0
㾴	zha	1	0
㾵	ji	4	0
㾶	gu	3	0
㾷	xi	1	0
㾸	gao	3	0
㾹	chai	2	0
㾺	ma	4	0
㾻	zhu	4	0
㾼	tui	3	0
㾽	zhui	4	0
㾾	xian	1	0
㾿	lang	2	0
㿃	zhi	4	0
㿄	ai	4	0
㿅	xian	3	0
㿆	guo	1	0
㿇	xi	2	0
㿉	tui	3	0
㿊	can	3	0
㿋	sao	4	0
㿌	xian	1	0
㿍	jie	4	0
㿎	fen	4	0
㿏	qun	2	0
㿑	yao	4	0
㿒	dao	3	0
㿓	jia	2	0
㿔	lei	3	0
㿕	yan	2	0
㿖	lu	2	0
㿗	tui	2	0
㿘	ying	2	0
㿙	pi	4	0
㿚	luo	4	0
㿛	li	4	0
㿜	bie	3	0
㿞	mao	4	0
㿟	bai	2	0
㿠	huang	4	0
㿢	yao	4	0
㿣	he	1	0
㿤	chun	3	0
㿥	he	2	0
㿦	ning	4	0
㿧	chou	2	0
㿨	li	4	0
㿩	tang	3	0
㿪	huan	2	0
㿫	bi	4	0
㿬	ba	1	0
㿭	che	4	0
㿮	yang	4	0
㿯	da	2	0
㿰	ao	2	0
㿱	xue	2	0
㿳	zi	1	0
㿴	da	1	0
㿵	ran	3	0
㿶	bang	1	0
㿷	cuo	2	0
㿸	wan	3	0
㿹	ta	4	0
㿺	bao	2	0
㿻	gan	1	0
㿼	yan	2	0
㿽	xi	1	0
㿾	zhu	4	0
㿿	ya	3	0
䀀	fan	4	0
䀁	you	4	0
䀂	an	1	0
䀃	tui	2	0
䀄	meng	2	0
䀅	she	4	0
䀆	jin	4	0
䀇	gu	3	0
䀈	ji	4	0
䀉	qiao	2	0
䀊	jiao	3	0
䀋	yan	2	0
䀌	xi	4	0
䀍	kan	4	0
䀎	mian	3	0
䀏	xuan	4	0
䀐	shan	1	0
䀑	wo	4	0
䀒	qian	1	0
䀓	huan	4	0
䀔	ren	4	0
䀕	zhen	4	0
䀖	tian	1	0
䀗	jue	2	0
䀘	xie	2	0
䀙	qi	4	0
䀚	ang	2	0
䀛	mei	4	0
䀜	gu	3	0
䀞	tao	1	0
䀟	fan	2	0
䀠	ju	4	0
䀡	chan	4	0
䀢	shun	4	0
䀣	bi	4	0
䀤	mao	4	0
䀥	shuo	4	0
䀦	gu	3	0
䀧	hong	3	0
䀨	hua	4	0
䀩	luo	4	0
䀪	hang	2	0
䀫	jia	2	0
䀬	quan	2	0
䀭	gai	1	0
䀮	huang	1	0
䀯	bu	3	0
䀰	gu	3	0
䀱	feng	1	0
䀲	mu	4	0
䀳	ai	4	0
䀴	ying	3	0
䀵	shun	4	0
䀶	liang	4	0
䀷	jie	2	0
䀸	chi	4	0
䀹	jie	2	0
䀺	chou	1	0
䀻	ping	4	0
䀼	chen	1	0
䀽	yan	2	0
䀾	du	3	0
䀿	di	4	0
䁁	liang	4	0
䁂	xian	4	0
䁃	biao	1	0
䁄	xing	4	0
䁅	meng	3	0
䁆	ye	4	0
䁇	mi	4	0
䁈	qi	4	0
䁉	qi	4	0
䁊	wo	4	0
䁋	xie	4	0
䁌	yu	4	0
䁍	qia	4	0
䁎	cheng	2	0
䁏	yao	3	0
䁐	ying	1	0
䁑	yang	2	0
䁒	ji	2	0
䁓	zong	1	0
䁔	xuan	1	0
䁕	min	2	0
䁖	lou	1	0
䁗	kai	3	0
䁘	yao	3	0
䁙	yan	3	0
䁚	sun	3	0
䁛	gui	4	0
䁜	huang	4	0
䁝	ying	2	0
䁞	sheng	3	0
䁟	cha	2	0
䁠	lian	2	0
䁢	xuan	2	0
䁣	chuan	2	0
䁤	che	4	0
䁥	ni	4	0
䁦	qu	4	0
䁧	miao	2	0
䁨	huo	4	0
䁩	yu	2	0
䁪	zhan	3	0
䁫	hu	2	0
䁬	ceng	2	0
䁭	biao	1	0
䁮	qian	2	0
䁯	xi	1	0
䁰	jiang	3	0
䁱	kou	1	0
䁲	mai	2	0
䁳	mang	3	0
䁴	zhan	3	0
䁵	bian	3	0
䁶	ji	1	0
䁷	jue	2	0
䁸	nang	2	0
䁹	bi	4	0
䁺	shi	4	0
䁻	shuo	4	0
䁼	mo	4	0
䁽	lie	4	0
䁾	mie	4	0
䁿	mo	4	0
䂀	xi	1	0
䂁	chan	2	0
䂂	qu	2	0
䂃	jiao	4	0
䂄	huo	4	0
䂅	xian	1	0
䂆	xu	4	0
䂇	niu	3	0
䂈	tong	2	0
䂉	hou	2	0
䂊	yu	4	0
䂌	chong	1	0
䂍	bo	2	0
䂎	zuan	3	0
䂏	diao	1	0
䂐	zhuo	1	0
䂑	ji	1	0
䂒	qia	4	0
䂔	xing	4	0
䂕	hui	4	0
䂖	shi	2	0
䂗	ku	1	0
䂙	dui	1	0
䂚	yao	2	0
䂛	yu	2	0
䂜	bang	4	0
䂝	jie	2	0
䂞	zhe	4	0
䂟	jia	1	0
䂠	shi	3	0
䂡	di	3	0
䂢	dong	3	0
䂣	ci	2	0
䂤	fu	4	0
䂥	min	2	0
䂦	zhen	1	0
䂧	zhen	3	0
䂩	yan	4	0
䂪	qiao	3	0
䂫	hang	1	0
䂬	gong	3	0
䂭	qiao	1	0
䂮	lve	4	0
䂯	guai	4	0
䂰	la	4	0
䂱	rui	4	0
䂲	fa	3	0
䂳	cuo	3	0
䂴	yan	2	0
䂵	gong	1	0
䂶	jie	2	0
䂷	guai	1	0
䂸	guo	2	0
䂹	suo	3	0
䂺	wo	3	0
䂻	zheng	4	0
䂼	nie	4	0
䂽	diao	4	0
䂾	lai	3	0
䂿	ta	4	0
䃀	cui	4	0
䃁	ya	1	0
䃂	gun	3	0
䃅	di	1	0
䃇	mian	2	0
䃈	jie	1	0
䃉	min	2	0
䃊	ju	3	0
䃋	yu	2	0
䃌	zhen	1	0
䃍	zhao	4	0
䃎	zha	4	0
䃏	xing	1	0
䃑	ban	1	0
䃒	he	2	0
䃓	gou	4	0
䃔	hong	2	0
䃕	lao	2	0
䃖	wu	4	0
䃗	bo	1	0
䃘	keng	1	0
䃙	lu	4	0
䃚	cu	4	0
䃛	lian	2	0
䃜	yi	1	0
䃝	qiao	4	0
䃞	shu	2	0
䃠	xuan	4	0
䃡	jin	1	0
䃢	qin	1	0
䃣	hui	3	0
䃤	su	4	0
䃥	chuang	2	0
䃦	dun	1	0
䃧	long	2	0
䃩	nao	2	0
䃪	tan	2	0
䃫	dan	3	0
䃬	wei	3	0
䃭	gan	3	0
䃮	da	2	0
䃯	li	4	0
䃰	ca	1	0
䃱	xian	4	0
䃲	pan	2	0
䃳	la	4	0
䃴	zhu	1	0
䃵	niao	3	0
䃶	huai	2	0
䃷	ying	2	0
䃸	xian	4	0
䃹	lan	4	0
䃺	mo	2	0
䃻	ba	4	0
䃽	gui	3	0
䃾	bi	3	0
䃿	fu	1	0
䄀	huo	4	0
䄁	yi	4	0
䄂	liu	4	0
䄃	yang	1	0
䄄	yin	1	0
䄅	juan	4	0
䄆	huo	2	0
䄇	cheng	2	0
䄈	dou	4	0
䄉	e	2	0
䄋	yan	3	0
䄌	zhui	4	0
䄍	zha	4	0
䄎	qi	3	0
䄏	yu	2	0
䄐	quan	4	0
䄑	huo	2	0
䄒	nie	4	0
䄓	huang	2	0
䄔	ju	3	0
䄕	she	4	0
䄘	peng	2	0
䄙	ming	2	0
䄚	cao	2	0
䄛	lou	2	0
䄜	li	2	0
䄝	chuang	1	0
䄟	cui	1	0
䄠	shan	4	0
䄡	dan	1	0
䄢	qi	2	0
䄤	lai	4	0
䄥	ling	2	0
䄦	liao	3	0
䄧	reng	2	0
䄨	yu	2	0
䄩	yi	4	0
䄪	diao	3	0
䄫	qi	3	0
䄬	yi	2	0
䄭	nian	2	0
䄮	fu	1	0
䄯	jian	3	0
䄰	ya	2	0
䄱	fang	1	0
䄲	rui	4	0
䄳	xian	1	0
䄶	bi	4	0
䄷	shi	2	0
䄸	po	4	0
䄹	nian	2	0
䄺	zhi	4	0
䄻	tao	2	0
䄼	tian	3	0
䄽	tian	3	0
䄾	ru	4	0
䄿	yi	4	0
䅀	lie	4	0
䅁	an	4	0
䅂	he	2	0
䅃	qiong	2	0
䅄	li	4	0
䅅	gui	1	0
䅆	zi	4	0
䅇	su	4	0
䅈	yuan	4	0
䅉	ya	4	0
䅊	cha	2	0
䅋	wan	3	0
䅌	juan	1	0
䅍	ting	3	0
䅎	you	3	0
䅏	hui	4	0
䅐	jian	3	0
䅑	rui	2	0
䅒	mang	2	0
䅓	ju	3	0
䅔	zi	1	0
䅕	ju	1	0
䅖	an	1	0
䅗	sui	4	0
䅘	lai	2	0
䅙	hun	4	0
䅚	quan	3	0
䅛	chang	1	0
䅜	duo	4	0
䅝	kong	1	0
䅞	ne	4	0
䅟	can	3	0
䅠	ti	2	0
䅡	xu	3	0
䅢	jiu	4	0
䅣	huang	2	0
䅤	qi	4	0
䅥	jie	2	0
䅦	mao	2	0
䅧	yan	1	0
䅩	zhi	3	0
䅪	tui	2	0
䅬	ai	4	0
䅭	pang	2	0
䅮	cang	4	0
䅯	tang	2	0
䅰	en	3	0
䅱	hun	4	0
䅲	qi	2	0
䅳	chu	2	0
䅴	suo	3	0
䅵	zhuo	2	0
䅶	nou	4	0
䅷	tu	2	0
䅸	shen	1	0
䅹	lou	3	0
䅺	biao	1	0
䅻	li	2	0
䅼	man	2	0
䅽	xin	1	0
䅾	cen	2	0
䅿	huang	2	0
䆀	mei	3	0
䆁	gao	1	0
䆂	lian	2	0
䆃	dao	4	0
䆄	zhan	3	0
䆅	zi	1	0
䆈	zhi	4	0
䆉	ba	4	0
䆊	cui	4	0
䆋	qiu	1	0
䆍	long	2	0
䆎	xian	1	0
䆏	fei	4	0
䆐	guo	2	0
䆑	cheng	2	0
䆒	jiu	4	0
䆓	e	4	0
䆔	chong	1	0
䆕	yue	4	0
䆖	hong	2	0
䆗	yao	3	0
䆘	ya	1	0
䆙	yao	2	0
䆚	tong	2	0
䆛	zha	4	0
䆜	you	4	0
䆝	xue	4	0
䆞	yao	3	0
䆟	ke	4	0
䆠	huan	4	0
䆡	lang	2	0
䆢	yue	4	0
䆣	chen	2	0
䆦	shen	4	0
䆨	ning	2	0
䆩	ming	2	0
䆪	hong	1	0
䆫	chuang	1	0
䆬	yun	3	0
䆭	xuan	1	0
䆮	jin	4	0
䆯	zhuo	2	0
䆰	yu	1	0
䆱	tan	1	0
䆲	kang	1	0
䆳	qiong	2	0
䆵	cheng	2	0
䆶	jiu	1	0
䆷	xue	4	0
䆸	zheng	1	0
䆹	chong	1	0
䆺	pan	1	0
䆻	qiao	4	0
䆽	qu	2	0
䆾	lan	2	0
䆿	yi	4	0
䇀	rong	2	0
䇁	si	1	0
䇂	qian	1	0
䇃	si	4	0
䇅	fa	2	0
䇇	meng	2	0
䇈	hua	4	0
䇋	hai	4	0
䇌	qiao	4	0
䇍	chu	4	0
䇎	que	4	0
䇏	dui	4	0
䇐	li	4	0
䇑	ba	4	0
䇒	jie	4	0
䇓	xu	1	0
䇔	luo	4	0
䇖	yun	3	0
䇗	zhong	1	0
䇘	hu	4	0
䇙	yin	3	0
䇚	pu	1	0
䇛	zhi	3	0
䇜	qian	3	0
䇞	gan	1	0
䇟	jian	4	0
䇠	zhu	4	0
䇡	zhu	4	0
䇢	ku	3	0
䇣	nie	4	0
䇤	rui	4	0
䇥	ze	2	0
䇦	ang	3	0
䇧	zhi	4	0
䇨	gong	4	0
䇩	yi	4	0
䇪	chi	1	0
䇫	ji	1	0
䇬	zhu	1	0
䇭	lao	3	0
䇮	ren	4	0
䇯	rong	2	0
䇰	zheng	1	0
䇱	na	4	0
䇲	ce	4	0
䇵	yi	2	0
䇶	jue	2	0
䇷	bie	2	0
䇸	cheng	2	0
䇹	jun	4	0
䇺	dou	4	0
䇻	wei	3	0
䇼	yi	4	0
䇽	zhe	2	0
䇾	yan	2	0
䈀	san	1	0
䈁	lun	2	0
䈂	ping	2	0
䈃	zhao	3	0
䈄	han	2	0
䈅	yu	4	0
䈆	dai	4	0
䈇	zhao	4	0
䈈	fei	2	0
䈉	sha	4	0
䈊	ling	2	0
䈋	ta	4	0
䈌	qu	1	0
䈍	mang	2	0
䈎	ye	4	0
䈏	bao	2	0
䈐	gui	4	0
䈑	gua	3	0
䈒	nan	3	0
䈓	ge	2	0
䈕	shi	2	0
䈖	ke	1	0
䈗	suo	3	0
䈘	ci	2	0
䈙	zhou	4	0
䈚	tai	2	0
䈛	kuai	4	0
䈜	qin	4	0
䈝	xu	1	0
䈞	du	3	0
䈟	ce	4	0
䈠	huan	3	0
䈡	cong	1	0
䈢	sai	3	0
䈣	zheng	4	0
䈤	qian	2	0
䈥	jin	1	0
䈦	zong	1	0
䈧	wei	3	0
䈪	xi	4	0
䈫	na	4	0
䈬	pu	2	0
䈭	sou	1	0
䈮	ju	4	0
䈯	zhen	1	0
䈰	shao	1	0
䈱	tao	1	0
䈲	ban	1	0
䈳	ta	4	0
䈴	qian	4	0
䈵	weng	1	0
䈶	rong	2	0
䈷	luo	4	0
䈸	hu	2	0
䈹	sou	3	0
䈺	zhong	1	0
䈻	pu	2	0
䈼	mie	4	0
䈽	jin	1	0
䈾	shao	1	0
䈿	mi	4	0
䉀	shu	4	0
䉁	ling	2	0
䉂	lei	3	0
䉃	jiang	3	0
䉄	leng	2	0
䉅	zhi	4	0
䉆	diao	3	0
䉈	san	3	0
䉉	gu	1	0
䉊	fan	4	0
䉋	mei	4	0
䉌	sui	4	0
䉍	jian	3	0
䉎	tang	2	0
䉏	xie	4	0
䉐	ku	1	0
䉑	wu	2	0
䉒	fan	2	0
䉓	luo	4	0
䉔	can	1	0
䉕	ceng	2	0
䉖	ling	2	0
䉗	yi	1	0
䉘	cong	2	0
䉙	yun	2	0
䉚	meng	2	0
䉛	yu	4	0
䉜	zhi	4	0
䉝	yi	3	0
䉞	dan	3	0
䉟	huo	4	0
䉠	wei	2	0
䉡	tan	2	0
䉢	se	4	0
䉣	xie	4	0
䉤	sou	3	0
䉥	song	3	0
䉦	qian	1	0
䉧	liu	2	0
䉨	yi	4	0
䉪	lei	4	0
䉫	li	2	0
䉬	fei	4	0
䉭	lie	4	0
䉮	lin	4	0
䉯	xian	4	0
䉰	xiao	4	0
䉱	ou	1	0
䉲	mi	2	0
䉳	xian	1	0
䉴	rang	2	0
䉵	zhuan	4	0
䉶	shuang	1	0
䉷	yan	2	0
䉸	bian	4	0
䉹	ling	2	0
䉺	hong	2	0
䉻	qi	2	0
䉼	liao	4	0
䉽	ban	3	0
䉾	bi	4	0
䉿	hu	2	0
䊀	hu	2	0
䊂	ce	4	0
䊃	pei	4	0
䊄	qiong	2	0
䊅	ming	2	0
䊆	jiu	4	0
䊇	bu	4	0
䊈	mei	2	0
䊉	san	3	0
䊊	wei	4	0
䊍	li	2	0
䊎	quan	3	0
䊐	hun	2	0
䊑	xiang	3	0
䊓	shi	4	0
䊔	ying	2	0
䊖	nan	3	0
䊗	huang	2	0
䊘	jiu	4	0
䊙	yan	1	0
䊛	sa	4	0
䊜	tuan	2	0
䊝	xie	4	0
䊞	zhe	2	0
䊟	men	2	0
䊠	xi	4	0
䊡	man	2	0
䊣	huang	2	0
䊤	tan	2	0
䊥	xiao	4	0
䊦	ye	4	0
䊧	bi	4	0
䊨	luo	2	0
䊩	fan	2	0
䊪	li	4	0
䊫	cui	3	0
䊬	chua	1	0
䊭	dao	4	0
䊮	di	2	0
䊯	kuang	4	0
䊰	chu	2	0
䊱	xian	1	0
䊲	chan	4	0
䊳	mi	2	0
䊴	qian	4	0
䊵	qiu	2	0
䊶	zhen	4	0
䊺	hu	4	0
䊻	gan	1	0
䊼	chi	3	0
䊽	guai	4	0
䊾	mu	4	0
䊿	bo	2	0
䋀	hua	4	0
䋁	geng	3	0
䋂	yao	2	0
䋃	mao	4	0
䋄	wang	3	0
䋈	ru	2	0
䋉	xue	2	0
䋊	zheng	1	0
䋋	min	2	0
䋌	jiang	3	0
䋎	zhan	4	0
䋏	zuo	2	0
䋐	yue	4	0
䋑	lie	4	0
䋓	zhou	4	0
䋔	bi	4	0
䋕	ren	4	0
䋖	yu	4	0
䋘	chuo	4	0
䋙	er	3	0
䋚	yi	4	0
䋛	mi	3	0
䋜	qing	4	0
䋞	wang	3	0
䋟	ji	4	0
䋠	bu	3	0
䋢	bie	1	0
䋣	fan	2	0
䋤	yue	4	0
䋥	li	2	0
䋦	fan	2	0
䋧	qu	2	0
䋨	fu	3	0
䋩	er	2	0
䋪	e	1	0
䋫	zheng	1	0
䋬	tian	1	0
䋭	yu	4	0
䋮	jin	4	0
䋯	qi	3	0
䋰	ju	2	0
䋱	lai	2	0
䋲	che	3	0
䋳	bei	3	0
䋴	niu	4	0
䋵	yi	4	0
䋶	xu	3	0
䋷	mou	2	0
䋸	xun	2	0
䋹	fu	2	0
䋻	nin	2	0
䋼	ting	1	0
䋽	beng	3	0
䋾	zha	3	0
䋿	wei	1	0
䌀	ke	1	0
䌁	yao	1	0
䌂	ou	4	0
䌃	xiao	1	0
䌄	geng	3	0
䌅	tang	2	0
䌆	gui	4	0
䌇	hui	4	0
䌈	ta	1	0
䌊	yao	2	0
䌋	da	1	0
䌌	qi	4	0
䌍	jin	3	0
䌎	lve	4	0
䌏	mi	4	0
䌐	mi	4	0
䌑	jian	1	0
䌒	lu	4	0
䌓	fan	2	0
䌔	ou	1	0
䌕	mi	2	0
䌖	jie	2	0
䌗	fu	3	0
䌘	bie	4	0
䌙	huang	4	0
䌚	su	1	0
䌛	yao	2	0
䌜	nie	4	0
䌝	jin	1	0
䌞	lian	3	0
䌟	bo	2	0
䌠	jian	1	0
䌡	ti	3	0
䌢	ling	2	0
䌣	zuan	3	0
䌤	shi	1	0
䌥	yin	3	0
䌦	dao	4	0
䌧	chou	2	0
䌨	ca	1	0
䌩	mie	4	0
䌪	yan	3	0
䌫	lan	3	0
䌬	chong	2	0
䌭	jiao	1	0
䌮	shuang	1	0
䌯	quan	1	0
䌰	nie	4	0
䌱	luo	4	0
䌳	shi	1	0
䌴	luo	4	0
䌵	zhu	2	0
䌷	chou	1	0
䌸	juan	4	0
䌹	jiong	3	0
䌺	er	3	0
䌻	yi	4	0
䌼	rui	4	0
䌽	cai	3	0
䌾	ren	2	0
䌿	fu	2	0
䍀	lan	2	0
䍁	sui	4	0
䍂	yu	2	0
䍃	you	2	0
䍄	dian	3	0
䍅	ling	2	0
䍆	zhu	4	0
䍇	ta	4	0
䍈	ping	2	0
䍉	zhai	3	0
䍊	jiao	1	0
䍋	chui	2	0
䍌	bu	4	0
䍍	kou	4	0
䍎	cun	4	0
䍐	han	3	0
䍑	han	3	0
䍒	mou	3	0
䍓	hu	4	0
䍔	gong	1	0
䍕	di	1	0
䍖	fu	2	0
䍗	xuan	4	0
䍘	mi	2	0
䍙	mei	2	0
䍚	lang	4	0
䍛	gu	4	0
䍜	zhao	4	0
䍝	ta	4	0
䍞	yu	4	0
䍟	zong	4	0
䍠	li	2	0
䍡	lu	4	0
䍢	wu	2	0
䍣	lei	2	0
䍤	ji	3	0
䍥	li	4	0
䍦	li	2	0
䍨	po	1	0
䍩	yang	3	0
䍪	wa	4	0
䍫	tuo	2	0
䍬	peng	1	0
䍮	zhao	4	0
䍯	gui	3	0
䍱	xu	2	0
䍲	nai	2	0
䍳	que	4	0
䍴	wei	3	0
䍵	zheng	1	0
䍶	dong	1	0
䍷	wei	3	0
䍸	bo	2	0
䍺	huan	4	0
䍻	xuan	4	0
䍼	zan	1	0
䍽	li	4	0
䍾	yan	3	0
䍿	huang	2	0
䎀	xue	4	0
䎁	hu	2	0
䎂	bao	3	0
䎃	ran	3	0
䎄	xiao	1	0
䎅	po	4	0
䎆	liao	4	0
䎇	zhou	1	0
䎈	yi	4	0
䎉	xu	4	0
䎊	luo	4	0
䎋	kao	4	0
䎌	chu	4	0
䎎	na	4	0
䎏	han	2	0
䎐	chao	3	0
䎑	lu	4	0
䎒	zhan	3	0
䎓	ta	4	0
䎔	fu	1	0
䎕	hong	1	0
䎖	zeng	1	0
䎗	qiao	2	0
䎘	su	4	0
䎙	pin	1	0
䎚	guan	4	0
䎜	hun	1	0
䎝	chu	2	0
䎟	er	2	0
䎠	er	2	0
䎡	ruan	3	0
䎢	qi	3	0
䎣	si	4	0
䎤	ju	2	0
䎦	yan	3	0
䎧	bang	4	0
䎨	ye	4	0
䎩	zi	1	0
䎪	ne	4	0
䎫	chuang	4	0
䎬	ba	4	0
䎭	cao	1	0
䎮	ti	4	0
䎯	han	4	0
䎰	zuo	2	0
䎱	ba	4	0
䎲	zhe	2	0
䎳	wa	4	0
䎴	geng	1	0
䎵	bi	4	0
䎶	er	4	0
䎷	zhu	4	0
䎸	wu	4	0
䎹	wen	2	0
䎺	zhi	4	0
䎻	zhou	4	0
䎼	lu	4	0
䎽	wen	2	0
䎾	gun	3	0
䎿	qiu	2	0
䏀	la	4	0
䏁	zai	3	0
䏂	sou	3	0
䏃	mian	2	0
䏄	di	3	0
䏅	qi	4	0
䏆	cao	2	0
䏇	piao	4	0
䏈	lian	2	0
䏉	shi	1	0
䏊	long	2	0
䏋	su	4	0
䏌	qi	4	0
䏍	yuan	4	0
䏎	feng	2	0
䏏	xu	1	0
䏐	jue	2	0
䏑	di	4	0
䏒	pian	4	0
䏓	guan	3	0
䏔	niu	3	0
䏕	ren	4	0
䏖	zhen	4	0
䏗	gai	4	0
䏘	pi	4	0
䏙	tan	3	0
䏚	chao	3	0
䏛	chun	3	0
䏜	he	1	0
䏝	zhuan	1	0
䏞	mo	4	0
䏟	bie	2	0
䏠	qi	4	0
䏡	shi	4	0
䏢	bi	3	0
䏣	jue	2	0
䏤	si	4	0
䏦	gua	1	0
䏧	na	4	0
䏨	hui	3	0
䏩	xi	1	0
䏪	er	4	0
䏫	xiu	1	0
䏬	mou	2	0
䏮	xi	2	0
䏯	zhi	4	0
䏰	run	4	0
䏱	ju	2	0
䏲	ti	1	0
䏳	zhe	4	0
䏴	shao	4	0
䏵	meng	3	0
䏶	bi	4	0
䏷	han	4	0
䏸	yu	2	0
䏹	xian	4	0
䏺	pang	1	0
䏻	neng	2	0
䏼	can	2	0
䏽	bu	4	0
䏿	qi	3	0
䐀	ji	4	0
䐁	zhuo	2	0
䐂	lu	4	0
䐃	jun	4	0
䐄	xian	4	0
䐅	xi	1	0
䐆	cai	3	0
䐇	wen	3	0
䐈	zhi	2	0
䐉	zi	4	0
䐊	kun	1	0
䐋	cong	1	0
䐌	tian	3	0
䐍	chu	4	0
䐎	di	1	0
䐏	chun	3	0
䐐	qiu	1	0
䐑	zhe	2	0
䐒	zha	1	0
䐓	rou	2	0
䐔	bin	3	0
䐕	ji	2	0
䐖	xi	1	0
䐗	zhu	1	0
䐘	jue	2	0
䐙	ge	2	0
䐚	ji	1	0
䐛	da	1	0
䐜	chen	1	0
䐝	suo	4	0
䐞	ruo	4	0
䐟	xiang	3	0
䐠	huang	3	0
䐡	qi	2	0
䐢	zhu	4	0
䐣	sun	3	0
䐤	chai	1	0
䐥	weng	3	0
䐦	ke	1	0
䐧	kao	4	0
䐨	gu	3	0
䐩	gai	1	0
䐪	fan	4	0
䐫	cong	1	0
䐬	cao	2	0
䐭	zhi	4	0
䐮	chan	3	0
䐯	lei	2	0
䐰	xiu	1	0
䐱	zhai	4	0
䐲	zhe	2	0
䐳	yu	2	0
䐴	gui	4	0
䐵	gong	1	0
䐶	zan	1	0
䐷	dan	1	0
䐸	huo	4	0
䐹	sou	1	0
䐺	tan	4	0
䐻	gu	1	0
䐼	xi	4	0
䐽	man	2	0
䐾	duo	2	0
䐿	ao	4	0
䑀	pi	4	0
䑁	wu	4	0
䑂	ai	3	0
䑃	meng	2	0
䑄	pi	4	0
䑅	meng	2	0
䑆	yang	3	0
䑇	zhi	4	0
䑈	bo	2	0
䑉	ying	2	0
䑊	wei	2	0
䑋	rang	3	0
䑌	lan	2	0
䑍	yan	1	0
䑎	chan	3	0
䑏	quan	2	0
䑐	zhen	3	0
䑑	pu	2	0
䑓	tai	2	0
䑔	fei	4	0
䑕	shu	3	0
䑗	dang	4	0
䑘	cuo	2	0
䑙	tan	1	0
䑚	tian	2	0
䑛	chi	3	0
䑜	ta	4	0
䑝	jia	3	0
䑞	shun	4	0
䑟	huang	2	0
䑠	liao	3	0
䑣	chen	1	0
䑤	jin	4	0
䑥	e	4	0
䑦	gou	1	0
䑧	fu	2	0
䑨	duo	4	0
䑪	e	4	0
䑫	beng	1	0
䑬	tao	1	0
䑭	di	4	0
䑯	di	4	0
䑰	bu	4	0
䑱	wan	3	0
䑲	zhao	4	0
䑳	lun	2	0
䑴	qi	2	0
䑵	mu	4	0
䑶	qian	4	0
䑸	zong	1	0
䑹	sou	1	0
䑻	you	2	0
䑼	zhou	1	0
䑽	ta	4	0
䑿	su	4	0
䒀	bu	4	0
䒁	xi	2	0
䒂	jiang	3	0
䒃	cao	4	0
䒄	fu	4	0
䒅	teng	2	0
䒆	che	4	0
䒇	fu	4	0
䒈	fei	4	0
䒉	wu	3	0
䒊	xi	1	0
䒋	yang	3	0
䒌	ming	4	0
䒍	pang	3	0
䒎	mang	3	0
䒏	seng	1	0
䒐	meng	2	0
䒑	cao	3	0
䒒	tiao	2	0
䒓	kai	3	0
䒔	bai	4	0
䒕	xiao	3	0
䒖	xin	4	0
䒗	qi	4	0
䒚	shao	3	0
䒛	huan	4	0
䒜	niu	2	0
䒝	xiao	2	0
䒞	chen	2	0
䒟	dan	1	0
䒠	feng	1	0
䒡	yin	3	0
䒢	ang	2	0
䒣	ran	3	0
䒤	ri	4	0
䒥	man	2	0
䒦	fan	4	0
䒧	qu	1	0
䒨	shi	3	0
䒩	he	2	0
䒪	bian	4	0
䒫	dai	4	0
䒬	mo	4	0
䒭	deng	3	0
䒰	kuang	1	0
䒲	cha	4	0
䒳	duo	3	0
䒴	you	3	0
䒵	hao	4	0
䒷	gua	1	0
䒸	xue	4	0
䒹	lei	4	0
䒺	jin	3	0
䒻	qi	3	0
䒼	qu	1	0
䒽	wang	3	0
䒾	yi	1	0
䒿	liao	2	0
䓂	yan	2	0
䓃	yi	4	0
䓄	yin	2	0
䓅	qi	2	0
䓆	zhe	2	0
䓇	xi	4	0
䓈	yi	4	0
䓉	ye	2	0
䓊	wu	2	0
䓋	zhi	1	0
䓌	zhi	4	0
䓍	han	3	0
䓎	chuo	4	0
䓏	fu	1	0
䓐	chun	2	0
䓑	ping	2	0
䓒	kuai	3	0
䓓	chou	2	0
䓕	tuo	3	0
䓖	qiong	2	0
䓗	cong	1	0
䓘	gao	1	0
䓙	kua	1	0
䓚	qu	1	0
䓛	qu	1	0
䓜	zhi	1	0
䓝	meng	4	0
䓞	li	4	0
䓟	zhou	1	0
䓠	ta	4	0
䓡	zhi	1	0
䓢	gu	4	0
䓣	liang	3	0
䓤	hu	1	0
䓥	la	4	0
䓦	dian	3	0
䓧	ci	4	0
䓨	ying	1	0
䓫	qi	2	0
䓬	zhuo	2	0
䓭	cha	4	0
䓮	mao	4	0
䓯	du	2	0
䓰	yin	1	0
䓱	chai	2	0
䓲	rui	4	0
䓳	hen	3	0
䓴	ruan	3	0
䓵	fu	1	0
䓶	lai	4	0
䓷	xing	4	0
䓸	jian	1	0
䓹	yi	4	0
䓺	mei	3	0
䓼	mang	2	0
䓽	ji	4	0
䓾	suo	1	0
䓿	han	4	0
䔁	li	4	0
䔂	zi	3	0
䔃	zu	3	0
䔄	yao	2	0
䔅	ge	1	0
䔆	li	2	0
䔇	qi	3	0
䔈	gong	4	0
䔉	li	4	0
䔊	bing	1	0
䔋	suo	1	0
䔎	su	4	0
䔏	chou	4	0
䔐	jian	1	0
䔑	xie	2	0
䔒	bei	4	0
䔓	xu	3	0
䔔	jing	4	0
䔕	pu	2	0
䔖	ling	2	0
䔗	xiang	2	0
䔘	zuo	4	0
䔙	diao	4	0
䔚	chun	2	0
䔛	qing	3	0
䔜	nan	2	0
䔝	zhai	1	0
䔞	lv	4	0
䔟	yi	2	0
䔠	shao	3	0
䔡	yu	2	0
䔢	hua	2	0
䔣	li	2	0
䔤	pa	1	0
䔧	li	2	0
䔪	shuang	3	0
䔬	yi	4	0
䔭	ning	4	0
䔮	si	1	0
䔯	ku	4	0
䔰	fu	4	0
䔱	yi	1	0
䔲	deng	1	0
䔳	ran	2	0
䔴	ce	4	0
䔶	ti	2	0
䔷	qin	2	0
䔸	biao	3	0
䔹	sui	4	0
䔺	wei	2	0
䔻	dun	1	0
䔼	se	4	0
䔽	ai	4	0
䔾	qi	4	0
䔿	zun	3	0
䕀	kuan	3	0
䕁	fei	3	0
䕃	yin	4	0
䕅	sao	3	0
䕆	dou	4	0
䕇	hui	4	0
䕈	xie	4	0
䕉	ze	2	0
䕊	tan	2	0
䕋	tang	2	0
䕌	zhi	4	0
䕍	yi	4	0
䕎	fu	2	0
䕏	e	2	0
䕑	jun	4	0
䕒	jia	1	0
䕓	cha	2	0
䕔	xian	2	0
䕕	man	4	0
䕗	bi	4	0
䕘	ling	2	0
䕙	jie	2	0
䕚	kui	4	0
䕛	jia	2	0
䕝	cheng	1	0
䕞	lang	4	0
䕟	xing	1	0
䕠	fei	4	0
䕡	lv	2	0
䕢	zha	3	0
䕣	he	2	0
䕤	ji	1	0
䕥	ni	3	0
䕦	ying	2	0
䕧	xiao	4	0
䕨	teng	2	0
䕩	lao	3	0
䕪	ze	2	0
䕫	kui	2	0
䕭	qian	2	0
䕮	ju	2	0
䕯	piao	2	0
䕰	fan	2	0
䕱	tou	2	0
䕲	lin	3	0
䕳	mi	2	0
䕴	zhuo	2	0
䕵	xie	2	0
䕶	hu	4	0
䕷	mi	2	0
䕸	jie	1	0
䕹	za	2	0
䕺	cong	2	0
䕻	li	4	0
䕼	ran	2	0
䕽	zhu	2	0
䕾	yin	2	0
䕿	han	4	0
䖁	yi	4	0
䖂	luan	2	0
䖃	yue	4	0
䖄	ran	2	0
䖅	ling	2	0
䖆	niang	4	0
䖇	yu	4	0
䖈	nve	4	0
䖊	yi	4	0
䖋	nve	4	0
䖌	yi	4	0
䖍	qian	2	0
䖎	xia	2	0
䖏	chu	3	0
䖐	yin	2	0
䖑	mi	4	0
䖒	xi	1	0
䖓	na	4	0
䖔	kan	3	0
䖕	zu	3	0
䖖	xia	2	0
䖗	yan	2	0
䖘	tu	2	0
䖙	ti	1	0
䖚	wu	1	0
䖛	suo	3	0
䖜	yin	2	0
䖝	chong	2	0
䖞	zhou	3	0
䖟	mang	3	0
䖠	yuan	2	0
䖡	nv	4	0
䖢	miao	2	0
䖣	zao	3	0
䖤	wan	3	0
䖥	li	2	0
䖦	qu	1	0
䖧	na	4	0
䖨	shi	2	0
䖩	bi	4	0
䖪	zi	1	0
䖫	bang	4	0
䖭	juan	4	0
䖮	xiang	3	0
䖯	kui	2	0
䖰	pai	4	0
䖱	kuang	1	0
䖲	xun	2	0
䖳	zha	4	0
䖴	yao	2	0
䖵	kun	1	0
䖶	hui	1	0
䖷	xi	1	0
䖸	e	2	0
䖹	yang	2	0
䖺	tiao	2	0
䖻	you	2	0
䖼	jue	2	0
䖽	li	2	0
䖿	li	2	0
䗀	cheng	1	0
䗁	ji	4	0
䗂	hu	3	0
䗃	zhan	4	0
䗄	fu	3	0
䗅	chang	2	0
䗆	guan	3	0
䗇	ju	2	0
䗈	meng	2	0
䗉	chang	1	0
䗊	tan	4	0
䗋	mou	2	0
䗌	xing	1	0
䗍	li	3	0
䗎	yan	1	0
䗏	sou	1	0
䗐	shi	1	0
䗑	yi	4	0
䗒	bing	4	0
䗓	cong	1	0
䗔	hou	2	0
䗕	wan	3	0
䗖	di	4	0
䗗	ji	1	0
䗘	ge	2	0
䗙	han	2	0
䗚	bo	2	0
䗛	xiu	1	0
䗜	liu	2	0
䗝	can	2	0
䗞	can	2	0
䗟	yi	4	0
䗠	xuan	2	0
䗡	yan	2	0
䗢	zao	3	0
䗣	han	4	0
䗤	yong	2	0
䗥	zong	1	0
䗧	kang	1	0
䗨	yu	2	0
䗩	qi	1	0
䗪	zhe	4	0
䗫	ma	2	0
䗮	shuang	3	0
䗯	jin	4	0
䗰	guan	4	0
䗱	pu	2	0
䗲	lin	4	0
䗴	ting	2	0
䗵	jiang	1	0
䗶	la	4	0
䗷	yi	4	0
䗸	yong	1	0
䗹	ci	4	0
䗺	yan	3	0
䗻	jie	2	0
䗼	xun	1	0
䗽	wei	4	0
䗾	xian	3	0
䗿	ning	2	0
䘀	fu	4	0
䘁	ge	2	0
䘃	mo	4	0
䘄	zhu	4	0
䘅	nai	2	0
䘆	xian	3	0
䘇	wen	2	0
䘈	li	4	0
䘉	can	2	0
䘊	mie	4	0
䘋	jian	1	0
䘌	ni	4	0
䘍	chai	4	0
䘎	wan	1	0
䘏	xu	4	0
䘐	nv	4	0
䘑	mai	4	0
䘒	zui	1	0
䘓	kan	4	0
䘔	ka	1	0
䘕	hang	2	0
䘘	yu	4	0
䘙	wei	4	0
䘚	zhu	2	0
䘝	yi	4	0
䘟	diao	1	0
䘠	fu	2	0
䘡	bi	3	0
䘢	zhu	3	0
䘣	zi	3	0
䘤	shu	4	0
䘥	xia	2	0
䘦	ni	2	0
䘨	jiao	3	0
䘩	xun	2	0
䘪	chong	1	0
䘫	nou	4	0
䘬	rong	2	0
䘭	zhi	4	0
䘮	sang	1	0
䘰	shan	1	0
䘱	yu	4	0
䘳	jin	1	0
䘵	lu	4	0
䘶	han	1	0
䘷	bie	1	0
䘸	yi	4	0
䘹	zui	4	0
䘺	zhan	4	0
䘻	yu	4	0
䘼	wan	3	0
䘽	ni	2	0
䘾	guan	3	0
䘿	jue	2	0
䙀	beng	3	0
䙁	can	2	0
䙃	duo	4	0
䙄	qi	4	0
䙅	yao	1	0
䙆	kui	4	0
䙇	ruan	2	0
䙈	hou	2	0
䙉	xun	2	0
䙊	xie	4	0
䙌	kui	4	0
䙎	xie	2	0
䙏	bo	2	0
䙐	ke	4	0
䙑	cui	1	0
䙒	xu	4	0
䙓	bai	3	0
䙔	ou	1	0
䙕	zong	3	0
䙗	ti	4	0
䙘	chu	3	0
䙙	chi	2	0
䙚	niao	3	0
䙛	guan	4	0
䙜	feng	2	0
䙝	xie	4	0
䙞	deng	1	0
䙟	wei	2	0
䙠	jue	2	0
䙡	kui	4	0
䙢	zeng	4	0
䙣	sa	4	0
䙤	duo	3	0
䙥	ling	2	0
䙦	meng	2	0
䙨	guo	3	0
䙩	meng	2	0
䙪	long	2	0
䙬	ying	4	0
䙮	guan	4	0
䙯	cu	4	0
䙰	li	2	0
䙱	du	2	0
䙳	biao	1	0
䙴	qian	1	0
䙵	xi	1	0
䙷	de	2	0
䙸	de	2	0
䙹	xian	4	0
䙺	lian	2	0
䙼	shao	4	0
䙽	xie	2	0
䙾	shi	1	0
䙿	wei	4	0
䚂	he	4	0
䚃	you	2	0
䚄	lu	4	0
䚅	lai	4	0
䚆	ying	3	0
䚇	sheng	3	0
䚈	juan	4	0
䚉	qi	4	0
䚊	jian	3	0
䚋	yun	4	0
䚍	qi	4	0
䚏	lin	4	0
䚐	ji	2	0
䚑	mai	2	0
䚒	chuang	2	0
䚓	nian	3	0
䚔	bin	1	0
䚕	li	4	0
䚖	ling	2	0
䚗	gang	1	0
䚘	cheng	2	0
䚙	xuan	1	0
䚚	xian	3	0
䚛	hu	2	0
䚜	bi	1	0
䚝	zu	2	0
䚞	dai	3	0
䚟	dai	3	0
䚠	hun	4	0
䚡	sai	1	0
䚢	che	4	0
䚣	ti	2	0
䚥	nuo	4	0
䚦	zhi	4	0
䚧	liu	2	0
䚨	fei	4	0
䚩	jiao	3	0
䚪	guan	1	0
䚫	xi	2	0
䚬	lin	2	0
䚭	xuan	1	0
䚮	reng	2	0
䚯	tao	3	0
䚰	pi	3	0
䚱	xin	4	0
䚲	shan	4	0
䚳	zhi	4	0
䚴	wa	4	0
䚵	tou	3	0
䚶	tian	1	0
䚷	yi	1	0
䚸	xie	4	0
䚹	pi	3	0
䚺	yao	2	0
䚻	yao	2	0
䚼	nv	4	0
䚽	hao	4	0
䚾	nin	2	0
䚿	yin	4	0
䛀	fan	3	0
䛁	nan	2	0
䛂	yao	1	0
䛃	wan	4	0
䛄	yuan	3	0
䛅	xia	2	0
䛆	zhou	4	0
䛇	yuan	3	0
䛈	shi	4	0
䛉	mian	4	0
䛊	xi	1	0
䛋	ji	4	0
䛌	tao	2	0
䛍	fei	4	0
䛎	xue	4	0
䛏	ni	2	0
䛐	ci	2	0
䛑	mi	4	0
䛒	bian	4	0
䛓	jian	1	0
䛔	na	2	0
䛕	yu	4	0
䛖	e	4	0
䛗	zhi	3	0
䛘	ren	2	0
䛙	xu	4	0
䛚	lve	4	0
䛛	hui	4	0
䛜	xun	4	0
䛝	nao	2	0
䛞	han	4	0
䛟	jia	2	0
䛠	dou	4	0
䛡	hua	4	0
䛢	tu	1	0
䛣	ping	1	0
䛤	cu	4	0
䛥	xi	1	0
䛦	song	4	0
䛧	mi	2	0
䛨	xin	4	0
䛩	wu	4	0
䛪	qiong	2	0
䛫	zhang	1	0
䛬	tao	2	0
䛭	xing	4	0
䛮	jiu	4	0
䛯	ju	4	0
䛰	hun	4	0
䛱	ti	2	0
䛲	man	2	0
䛳	yan	4	0
䛴	ji	1	0
䛵	shou	4	0
䛶	lei	3	0
䛷	wan	3	0
䛸	che	4	0
䛹	can	4	0
䛺	jie	4	0
䛻	you	4	0
䛼	hui	3	0
䛽	zha	3	0
䛾	su	4	0
䛿	ge	2	0
䜀	nao	3	0
䜁	xi	4	0
䜃	dui	1	0
䜄	chi	2	0
䜅	wei	2	0
䜆	zhe	2	0
䜇	gun	3	0
䜈	chao	1	0
䜉	chi	1	0
䜊	zao	1	0
䜋	hui	4	0
䜌	luan	2	0
䜍	liao	2	0
䜎	lao	2	0
䜏	tuo	1	0
䜐	hui	1	0
䜑	wu	4	0
䜒	ao	4	0
䜓	she	4	0
䜔	sui	2	0
䜕	mai	4	0
䜖	tan	4	0
䜗	xin	4	0
䜘	jing	3	0
䜙	an	2	0
䜚	ta	4	0
䜛	chan	2	0
䜜	wei	4	0
䜝	tuan	3	0
䜞	ji	4	0
䜟	chen	2	0
䜠	che	4	0
䜡	yu	4	0
䜢	xian	3	0
䜣	xin	1	0
䜧	nao	3	0
䜩	yan	4	0
䜪	qiu	2	0
䜫	jiang	1	0
䜬	song	3	0
䜭	jun	4	0
䜮	liao	2	0
䜯	ju	2	0
䜱	man	3	0
䜲	lie	4	0
䜴	chu	4	0
䜵	chi	3	0
䜶	xiang	2	0
䜷	qin	1	0
䜸	mei	3	0
䜹	shu	4	0
䜺	chai	3	0
䜻	chi	3	0
䜼	gu	2	0
䜽	yu	2	0
䜾	yin	1	0
䝀	liu	2	0
䝁	lao	2	0
䝂	shu	4	0
䝃	zhe	2	0
䝄	shuang	1	0
䝅	hui	1	0
䝈	e	4	0
䝊	sha	4	0
䝋	zong	4	0
䝌	jue	2	0
䝍	jun	4	0
䝎	tuan	1	0
䝏	lou	2	0
䝐	wei	2	0
䝑	chong	1	0
䝒	zhu	4	0
䝓	lie	4	0
䝕	zhe	2	0
䝖	zhao	3	0
䝘	yi	4	0
䝙	chu	1	0
䝚	ni	2	0
䝛	bo	1	0
䝜	suan	1	0
䝝	yi	3	0
䝞	hao	4	0
䝟	ya	4	0
䝠	huan	2	0
䝡	man	4	0
䝢	man	4	0
䝣	qu	2	0
䝤	lao	3	0
䝥	hao	2	0
䝦	zhong	1	0
䝧	min	2	0
䝨	xian	2	0
䝩	zhen	4	0
䝪	shu	3	0
䝫	zuo	2	0
䝬	zhu	4	0
䝭	gou	4	0
䝮	xuan	4	0
䝯	yi	4	0
䝰	zhi	4	0
䝱	xie	2	0
䝲	jin	4	0
䝳	can	2	0
䝵	bu	4	0
䝶	liang	2	0
䝷	zhi	1	0
䝸	ji	4	0
䝹	wan	3	0
䝺	guan	4	0
䝻	ju	1	0
䝼	jing	4	0
䝽	ai	4	0
䝾	fu	4	0
䝿	gui	4	0
䞀	hou	4	0
䞁	yan	4	0
䞂	ruan	3	0
䞃	zhi	4	0
䞄	biao	4	0
䞅	yi	2	0
䞆	suo	3	0
䞇	die	2	0
䞈	gui	4	0
䞉	sheng	4	0
䞊	xun	4	0
䞋	chen	4	0
䞌	she	2	0
䞍	qing	2	0
䞐	chun	3	0
䞑	hong	2	0
䞒	dong	4	0
䞓	cheng	1	0
䞔	wei	3	0
䞕	ru	2	0
䞖	shu	3	0
䞗	cai	1	0
䞘	ji	2	0
䞙	za	2	0
䞚	qi	2	0
䞛	yan	1	0
䞜	fu	4	0
䞝	yu	4	0
䞞	fu	2	0
䞟	po	4	0
䞠	zhi	1	0
䞡	tan	3	0
䞢	zuo	2	0
䞣	che	3	0
䞤	qu	2	0
䞥	you	4	0
䞦	he	2	0
䞧	hou	4	0
䞨	gui	3	0
䞩	e	4	0
䞪	jiang	4	0
䞫	yun	3	0
䞬	tou	4	0
䞭	cun	1	0
䞮	tu	1	0
䞯	fu	4	0
䞰	zuo	2	0
䞱	hu	2	0
䞳	bo	2	0
䞴	zhao	1	0
䞵	jue	3	0
䞶	tang	1	0
䞷	jue	2	0
䞸	fu	4	0
䞹	huang	2	0
䞺	chun	1	0
䞻	yong	3	0
䞼	chui	3	0
䞽	suo	3	0
䞾	chi	2	0
䞿	qian	1	0
䟀	cai	1	0
䟁	xiao	2	0
䟂	man	2	0
䟃	can	1	0
䟄	qi	4	0
䟅	jian	4	0
䟆	bi	4	0
䟇	ji	1	0
䟈	zhi	2	0
䟉	zhu	2	0
䟊	qu	2	0
䟋	zhan	3	0
䟌	ji	2	0
䟍	bian	1	0
䟏	li	4	0
䟐	li	4	0
䟑	yue	4	0
䟒	quan	2	0
䟓	cheng	1	0
䟔	fu	4	0
䟕	cha	4	0
䟖	tang	4	0
䟗	shi	4	0
䟘	hang	4	0
䟙	qie	4	0
䟚	qi	2	0
䟛	bo	2	0
䟜	na	4	0
䟝	tou	4	0
䟞	chu	2	0
䟟	cu	4	0
䟠	yue	4	0
䟡	zhi	1	0
䟢	chen	2	0
䟣	chu	4	0
䟤	bi	4	0
䟥	meng	2	0
䟦	ba	2	0
䟧	tian	2	0
䟨	min	2	0
䟩	lie	3	0
䟪	feng	3	0
䟫	cheng	1	0
䟬	qiu	4	0
䟭	tiao	2	0
䟮	fu	2	0
䟯	kuo	4	0
䟰	jian	3	0
䟴	zhen	4	0
䟵	qiu	2	0
䟶	zuo	4	0
䟷	chi	4	0
䟸	kui	2	0
䟹	lie	4	0
䟺	bei	4	0
䟻	du	4	0
䟼	wu	3	0
䟾	zhuo	2	0
䟿	lu	4	0
䠀	tang	1	0
䠂	chu	2	0
䠃	liang	3	0
䠄	tian	3	0
䠅	kun	3	0
䠆	chang	2	0
䠇	jue	2	0
䠈	tu	2	0
䠉	huan	4	0
䠊	fei	4	0
䠋	bi	4	0
䠍	xia	1	0
䠎	wo	4	0
䠏	ji	4	0
䠐	qu	4	0
䠑	kui	3	0
䠒	hu	2	0
䠓	qiu	1	0
䠔	sui	4	0
䠕	cai	1	0
䠗	qiu	4	0
䠘	pi	4	0
䠙	pang	2	0
䠚	wa	4	0
䠛	yao	2	0
䠜	rong	2	0
䠝	xun	1	0
䠞	cu	4	0
䠟	die	2	0
䠠	chi	4	0
䠡	cuo	2	0
䠢	meng	4	0
䠣	xuan	3	0
䠤	duo	3	0
䠥	bie	2	0
䠦	zhe	4	0
䠧	chu	2	0
䠨	chan	4	0
䠩	gui	4	0
䠪	duan	4	0
䠫	zou	4	0
䠬	deng	4	0
䠭	lai	2	0
䠮	teng	2	0
䠯	yue	4	0
䠰	quan	2	0
䠱	zhu	2	0
䠲	ling	2	0
䠳	chen	1	0
䠴	zhen	3	0
䠵	fu	4	0
䠶	she	4	0
䠷	tiao	3	0
䠸	kua	1	0
䠹	ai	2	0
䠻	qiong	2	0
䠼	shu	4	0
䠽	hai	2	0
䠾	shan	3	0
䠿	wai	4	0
䡀	zhan	3	0
䡁	long	3	0
䡂	jiu	1	0
䡃	li	4	0
䡅	chun	1	0
䡆	rong	2	0
䡇	yue	4	0
䡈	jue	2	0
䡉	kang	3	0
䡊	fan	3	0
䡋	qi	2	0
䡌	hong	2	0
䡍	fu	2	0
䡎	lu	2	0
䡏	hong	2	0
䡐	tuo	2	0
䡑	min	2	0
䡒	tian	2	0
䡓	juan	4	0
䡔	qi	3	0
䡕	zheng	3	0
䡖	qing	4	0
䡗	gong	3	0
䡘	tian	2	0
䡙	lang	2	0
䡚	mao	4	0
䡛	yin	4	0
䡜	lu	4	0
䡝	yuan	1	0
䡞	ju	2	0
䡟	pi	4	0
䡡	xie	2	0
䡢	bian	4	0
䡣	hun	1	0
䡤	zhu	1	0
䡥	rong	2	0
䡦	sang	3	0
䡧	wu	1	0
䡨	cha	4	0
䡩	keng	1	0
䡪	shan	4	0
䡫	peng	2	0
䡬	man	4	0
䡭	xiu	1	0
䡯	cong	1	0
䡰	keng	1	0
䡱	zhuan	3	0
䡲	chan	2	0
䡳	si	1	0
䡴	chong	1	0
䡵	sui	4	0
䡶	bei	4	0
䡷	kai	4	0
䡹	zhi	4	0
䡺	wei	4	0
䡻	min	2	0
䡼	ling	2	0
䡽	zuan	1	0
䡾	nie	4	0
䡿	ling	2	0
䢀	qi	4	0
䢁	yue	4	0
䢃	yi	4	0
䢄	xi	3	0
䢅	chen	2	0
䢇	rong	3	0
䢈	chen	2	0
䢉	nong	2	0
䢊	you	2	0
䢋	ji	4	0
䢌	bo	2	0
䢍	fang	3	0
䢐	cu	2	0
䢑	di	3	0
䢒	jiao	1	0
䢓	yu	2	0
䢔	he	2	0
䢕	xu	4	0
䢖	yu	4	0
䢗	qu	1	0
䢙	bai	4	0
䢚	geng	1	0
䢛	jiong	3	0
䢝	ya	4	0
䢞	shu	4	0
䢟	you	2	0
䢠	song	4	0
䢡	ye	4	0
䢢	cang	4	0
䢣	yao	2	0
䢤	shu	4	0
䢥	yan	2	0
䢦	shuai	4	0
䢧	liao	4	0
䢨	cong	1	0
䢩	yu	4	0
䢪	bo	2	0
䢫	sui	2	0
䢭	yan	4	0
䢮	lei	4	0
䢯	lin	2	0
䢰	ti	1	0
䢱	du	2	0
䢲	yue	4	0
䢳	ji	3	0
䢵	yun	2	0
䢸	ju	1	0
䢹	ju	3	0
䢺	chu	1	0
䢻	chen	2	0
䢼	gong	1	0
䢽	xiang	4	0
䢾	xian	3	0
䢿	an	1	0
䣀	gui	3	0
䣁	yu	3	0
䣂	lei	3	0
䣄	tu	2	0
䣅	chen	2	0
䣆	xing	2	0
䣇	qiu	2	0
䣈	hang	4	0
䣊	dang	3	0
䣋	cai	3	0
䣌	di	3	0
䣍	yan	3	0
䣎	zi	1	0
䣐	ying	1	0
䣑	chan	2	0
䣓	li	2	0
䣔	suo	3	0
䣕	ma	3	0
䣖	ma	3	0
䣘	tang	2	0
䣙	pei	2	0
䣚	lou	2	0
䣛	qi	1	0
䣜	cuo	2	0
䣝	tu	2	0
䣞	e	4	0
䣟	can	2	0
䣠	jie	2	0
䣡	yi	2	0
䣢	ji	2	0
䣣	dang	3	0
䣤	jue	2	0
䣥	bi	3	0
䣦	lei	4	0
䣧	yi	4	0
䣨	chun	2	0
䣩	chun	2	0
䣪	po	4	0
䣫	li	2	0
䣬	zai	3	0
䣭	tai	4	0
䣮	po	4	0
䣯	cu	2	0
䣰	ju	4	0
䣱	xu	4	0
䣲	fan	4	0
䣴	xu	4	0
䣵	er	4	0
䣶	huo	2	0
䣷	zhu	1	0
䣸	ran	3	0
䣹	fa	2	0
䣺	juan	1	0
䣻	han	1	0
䣼	liang	2	0
䣽	zhi	1	0
䣾	mi	4	0
䣿	yu	1	0
䤁	cen	2	0
䤂	mei	2	0
䤃	yin	1	0
䤄	mian	3	0
䤅	tu	2	0
䤆	kui	2	0
䤉	mi	4	0
䤊	rong	2	0
䤋	yu	4	0
䤌	qiang	1	0
䤍	mi	2	0
䤎	ju	2	0
䤏	pi	3	0
䤐	jin	3	0
䤑	wang	4	0
䤒	ji	4	0
䤓	meng	2	0
䤔	jian	4	0
䤕	xue	4	0
䤖	bao	4	0
䤗	gan	3	0
䤘	chan	3	0
䤙	li	4	0
䤚	li	3	0
䤛	qiu	2	0
䤜	dun	4	0
䤝	ying	4	0
䤞	yun	3	0
䤟	chen	2	0
䤠	zhi	3	0
䤡	ran	3	0
䤣	lve	4	0
䤤	kai	1	0
䤥	gui	3	0
䤦	yue	4	0
䤧	hui	4	0
䤨	pi	4	0
䤩	cha	2	0
䤪	duo	3	0
䤫	chan	2	0
䤬	sha	1	0
䤭	shi	4	0
䤮	she	4	0
䤯	xing	2	0
䤰	ying	2	0
䤱	shi	4	0
䤲	chi	4	0
䤳	ye	4	0
䤴	han	2	0
䤵	fei	4	0
䤶	ye	4	0
䤷	yan	3	0
䤸	zuan	4	0
䤹	sou	1	0
䤺	jin	1	0
䤻	duo	4	0
䤼	xian	4	0
䤽	guan	1	0
䤾	tao	1	0
䤿	qie	4	0
䥀	chan	3	0
䥁	han	2	0
䥂	meng	4	0
䥃	yue	4	0
䥄	cu	4	0
䥅	qian	4	0
䥆	jin	3	0
䥇	shan	4	0
䥈	mu	3	0
䥉	yuan	1	0
䥋	peng	1	0
䥌	zheng	4	0
䥍	zhi	4	0
䥎	chun	2	0
䥏	yu	3	0
䥐	mou	2	0
䥑	mai	4	0
䥒	jiang	4	0
䥓	qi	1	0
䥔	su	4	0
䥕	pie	3	0
䥖	tian	2	0
䥗	kuan	3	0
䥘	cu	4	0
䥙	sui	4	0
䥛	jie	1	0
䥜	jian	4	0
䥝	ao	2	0
䥞	jiao	3	0
䥟	ye	4	0
䥡	ye	4	0
䥢	long	2	0
䥣	zao	2	0
䥤	bao	2	0
䥥	lian	2	0
䥧	huan	2	0
䥨	lv	4	0
䥩	wei	2	0
䥪	xian	3	0
䥫	tie	3	0
䥬	bo	2	0
䥭	zheng	4	0
䥮	zhu	2	0
䥯	bei	1	0
䥰	meng	2	0
䥱	xie	3	0
䥲	ou	1	0
䥳	you	1	0
䥵	xiao	3	0
䥶	li	4	0
䥷	zha	2	0
䥸	mi	2	0
䥺	ye	2	0
䥽	po	1	0
䥾	xie	3	0
䦂	shan	4	0
䦃	zhuo	1	0
䦅	shan	4	0
䦆	jue	2	0
䦇	ji	4	0
䦈	jie	1	0
䦊	niao	3	0
䦋	ao	2	0
䦌	chu	4	0
䦍	wu	4	0
䦎	guan	3	0
䦏	xie	4	0
䦐	ting	3	0
䦑	xue	4	0
䦒	dang	4	0
䦓	zhan	1	0
䦔	tan	3	0
䦕	peng	1	0
䦖	xie	2	0
䦗	xu	4	0
䦘	xian	4	0
䦙	si	4	0
䦚	kua	4	0
䦛	zheng	4	0
䦜	wu	2	0
䦝	huo	1	0
䦞	run	4	0
䦟	chuai	4	0
䦠	du	1	0
䦡	huan	2	0
䦢	kuo	4	0
䦣	fu	4	0
䦤	chuai	4	0
䦥	xian	2	0
䦦	qin	2	0
䦧	qie	2	0
䦨	lan	2	0
䦪	ya	4	0
䦫	ying	1	0
䦬	que	4	0
䦭	hang	1	0
䦮	chun	3	0
䦯	zhi	4	0
䦱	wei	3	0
䦲	yan	2	0
䦳	xiang	4	0
䦴	yi	4	0
䦵	ni	3	0
䦶	zheng	4	0
䦷	chuai	4	0
䦹	shi	2	0
䦺	ding	1	0
䦻	zi	3	0
䦼	jue	2	0
䦽	xu	4	0
䦾	yuan	2	0
䧁	xu	3	0
䧂	dao	4	0
䧃	tian	2	0
䧄	ge	4	0
䧅	yi	2	0
䧆	hong	2	0
䧇	yi	1	0
䧉	li	3	0
䧊	ku	1	0
䧋	xian	3	0
䧌	sui	1	0
䧍	xi	4	0
䧎	xuan	4	0
䧑	di	1	0
䧒	lai	2	0
䧓	zhou	1	0
䧔	nian	4	0
䧕	cheng	2	0
䧖	jian	4	0
䧗	bi	4	0
䧘	zhuan	4	0
䧙	ling	2	0
䧚	hao	4	0
䧛	bang	4	0
䧜	tang	2	0
䧝	chi	1	0
䧞	ma	4	0
䧟	xian	4	0
䧠	shuan	4	0
䧡	yong	1	0
䧢	qu	1	0
䧤	pu	2	0
䧥	hui	4	0
䧦	wei	2	0
䧧	yi	3	0
䧨	ye	4	0
䧪	che	4	0
䧫	hao	2	0
䧬	bin	1	0
䧮	xian	4	0
䧯	chan	2	0
䧰	hun	4	0
䧲	han	4	0
䧳	ci	2	0
䧴	zhi	1	0
䧵	qi	2	0
䧶	kui	2	0
䧷	rou	2	0
䧹	ying	1	0
䧺	xiong	2	0
䧼	hu	2	0
䧽	cui	3	0
䧿	que	4	0
䨀	di	2	0
䨁	wu	4	0
䨂	qiu	1	0
䨄	yan	4	0
䨅	liao	2	0
䨆	bi	2	0
䨈	bin	1	0
䨊	yuan	1	0
䨋	nve	4	0
䨌	bao	2	0
䨍	ying	3	0
䨎	hong	2	0
䨏	ci	2	0
䨐	qia	4	0
䨑	ti	2	0
䨒	yu	4	0
䨓	lei	2	0
䨔	bao	2	0
䨖	ji	4	0
䨗	fu	2	0
䨘	xian	4	0
䨙	cen	2	0
䨚	hu	1	0
䨛	se	4	0
䨜	beng	1	0
䨝	qing	1	0
䨞	yu	3	0
䨟	wa	1	0
䨠	ai	3	0
䨡	han	2	0
䨢	dan	4	0
䨣	ge	2	0
䨤	di	2	0
䨥	huo	4	0
䨦	pang	1	0
䨨	zhui	1	0
䨩	ling	2	0
䨪	mai	2	0
䨫	mai	4	0
䨬	lian	2	0
䨭	xiao	1	0
䨮	xue	3	0
䨯	zhen	4	0
䨰	po	4	0
䨱	fu	4	0
䨲	nou	2	0
䨳	xi	4	0
䨴	dui	4	0
䨵	dan	4	0
䨶	yun	3	0
䨷	xian	4	0
䨸	yin	3	0
䨹	shu	1	0
䨺	dui	4	0
䨻	beng	4	0
䨼	hu	4	0
䨽	fei	3	0
䨾	fei	4	0
䨿	za	2	0
䩀	bei	4	0
䩁	fei	1	0
䩂	xian	1	0
䩃	shi	4	0
䩄	mian	3	0
䩅	zhan	3	0
䩆	zhan	3	0
䩇	zhan	1	0
䩈	hui	4	0
䩉	fu	3	0
䩊	wan	3	0
䩋	mo	3	0
䩌	qiao	2	0
䩍	liao	3	0
䩏	mie	4	0
䩐	hu	1	0
䩑	hong	2	0
䩒	yu	2	0
䩓	qi	2	0
䩔	duo	4	0
䩕	ang	2	0
䩗	ba	4	0
䩘	di	4	0
䩙	xuan	4	0
䩚	di	4	0
䩛	bi	4	0
䩜	zhou	4	0
䩝	pao	2	0
䩞	tie	2	0
䩟	yi	2	0
䩡	jia	2	0
䩢	zhi	4	0
䩣	tu	2	0
䩤	xie	2	0
䩥	dan	4	0
䩦	tiao	2	0
䩧	xie	4	0
䩨	chang	4	0
䩩	yuan	3	0
䩪	guan	3	0
䩫	liang	3	0
䩬	beng	3	0
䩮	lu	4	0
䩯	ji	2	0
䩰	xuan	4	0
䩱	shu	4	0
䩲	du	1	0
䩳	sou	1	0
䩴	hu	2	0
䩵	yun	4	0
䩶	chan	3	0
䩷	bang	1	0
䩸	rong	2	0
䩹	e	2	0
䩺	weng	1	0
䩻	ba	4	0
䩼	feng	2	0
䩽	yu	1	0
䩾	zhe	4	0
䩿	fen	2	0
䪀	guan	3	0
䪁	bu	3	0
䪂	ge	2	0
䪃	dun	1	0
䪄	huang	2	0
䪅	du	2	0
䪆	ti	3	0
䪇	bo	2	0
䪈	qian	4	0
䪉	lie	4	0
䪊	long	2	0
䪋	wei	4	0
䪌	zhan	4	0
䪍	lan	2	0
䪎	sui	1	0
䪏	na	4	0
䪐	bi	4	0
䪑	tuo	2	0
䪒	zhu	4	0
䪓	die	1	0
䪔	bu	3	0
䪕	ju	2	0
䪖	po	4	0
䪗	xia	2	0
䪘	wei	3	0
䪙	po	4	0
䪚	da	1	0
䪛	fan	1	0
䪜	chan	1	0
䪝	hu	4	0
䪞	za	2	0
䪤	fan	2	0
䪥	xie	4	0
䪦	hong	2	0
䪧	chi	2	0
䪨	bao	2	0
䪩	yin	2	0
䪫	jing	1	0
䪬	bo	2	0
䪭	ruan	3	0
䪮	chou	3	0
䪯	ying	1	0
䪰	yi	1	0
䪱	gai	3	0
䪲	kun	1	0
䪳	yun	3	0
䪴	zhen	3	0
䪵	ya	3	0
䪶	ju	1	0
䪷	hou	4	0
䪸	min	2	0
䪹	bai	1	0
䪺	ge	2	0
䪻	bian	4	0
䪼	zhuo	1	0
䪽	hao	4	0
䪾	zhen	3	0
䪿	sheng	3	0
䫀	gen	3	0
䫁	bi	4	0
䫂	duo	3	0
䫃	chun	2	0
䫄	chua	4	0
䫅	san	4	0
䫆	cheng	2	0
䫇	ran	2	0
䫈	chen	3	0
䫉	mao	4	0
䫊	pei	2	0
䫋	wei	1	0
䫌	pi	3	0
䫍	fu	3	0
䫎	zhuo	1	0
䫏	qi	1	0
䫐	lin	2	0
䫑	yi	1	0
䫒	men	2	0
䫓	wu	2	0
䫔	qi	4	0
䫕	die	2	0
䫖	chen	3	0
䫗	xia	2	0
䫘	he	2	0
䫙	sang	3	0
䫚	gua	1	0
䫛	hou	2	0
䫜	ao	1	0
䫝	fu	3	0
䫞	qiao	1	0
䫟	hun	4	0
䫠	pi	1	0
䫡	yan	2	0
䫢	si	1	0
䫣	xi	2	0
䫤	ming	2	0
䫥	kui	3	0
䫦	ge	2	0
䫨	ao	4	0
䫩	san	3	0
䫪	shuang	3	0
䫫	lou	2	0
䫬	zhen	3	0
䫭	hui	4	0
䫮	chan	2	0
䫰	lin	4	0
䫱	na	2	0
䫲	han	4	0
䫳	du	2	0
䫴	jin	4	0
䫵	mian	2	0
䫶	fan	2	0
䫷	e	4	0
䫸	chao	1	0
䫹	hong	2	0
䫺	hong	2	0
䫻	yu	4	0
䫼	xue	4	0
䫽	pao	1	0
䫾	bi	1	0
䫿	chao	1	0
䬀	you	3	0
䬁	yi	2	0
䬂	xue	4	0
䬃	sa	4	0
䬄	xu	4	0
䬅	li	4	0
䬆	li	4	0
䬇	yuan	4	0
䬈	dui	4	0
䬉	huo	4	0
䬊	sha	4	0
䬋	leng	2	0
䬌	pou	1	0
䬍	hu	1	0
䬎	guo	2	0
䬏	bu	4	0
䬐	rui	2	0
䬑	wei	4	0
䬒	sou	1	0
䬓	an	4	0
䬔	yu	2	0
䬕	xiang	1	0
䬖	heng	2	0
䬗	yang	2	0
䬘	xiao	1	0
䬙	yao	2	0
䬛	bi	4	0
䬝	heng	2	0
䬞	tao	2	0
䬟	liu	2	0
䬡	zhu	4	0
䬣	xi	4	0
䬤	zan	4	0
䬥	yi	4	0
䬦	dou	4	0
䬧	yuan	2	0
䬨	jiu	4	0
䬪	bo	2	0
䬫	ti	2	0
䬬	ying	3	0
䬮	yi	2	0
䬯	nian	2	0
䬰	shao	4	0
䬱	ben	4	0
䬲	gou	1	0
䬳	ban	3	0
䬴	mo	4	0
䬵	gai	1	0
䬶	en	4	0
䬷	she	3	0
䬹	zhi	4	0
䬺	yang	4	0
䬻	jian	4	0
䬼	yuan	4	0
䬽	shui	4	0
䬾	ti	2	0
䬿	wei	3	0
䭀	xun	4	0
䭁	zhi	4	0
䭂	yi	4	0
䭃	ren	3	0
䭄	shi	4	0
䭅	hu	2	0
䭆	ne	4	0
䭇	ye	1	0
䭈	jian	4	0
䭉	sui	3	0
䭊	ying	3	0
䭋	bao	3	0
䭌	hu	2	0
䭍	hu	2	0
䭎	ye	4	0
䭐	yang	4	0
䭑	lian	2	0
䭒	xi	1	0
䭓	en	4	0
䭔	dui	1	0
䭕	zan	3	0
䭖	zhu	4	0
䭗	ying	3	0
䭘	ying	3	0
䭙	jin	3	0
䭚	chuang	2	0
䭛	dan	4	0
䭝	kuai	4	0
䭞	yi	4	0
䭟	ye	4	0
䭠	jian	3	0
䭡	en	4	0
䭢	ning	2	0
䭣	ci	2	0
䭤	qian	3	0
䭥	xue	4	0
䭦	bo	1	0
䭧	mi	3	0
䭨	shui	4	0
䭩	mo	2	0
䭪	liang	2	0
䭫	qi	3	0
䭬	qi	3	0
䭭	shou	3	0
䭮	fu	2	0
䭯	bo	2	0
䭰	beng	4	0
䭱	bie	2	0
䭲	yi	3	0
䭳	wei	4	0
䭴	huan	2	0
䭵	fan	2	0
䭶	qi	2	0
䭷	mao	2	0
䭸	fu	4	0
䭹	ang	2	0
䭺	ang	3	0
䭻	fu	4	0
䭼	qi	2	0
䭽	qun	2	0
䭾	tuo	2	0
䭿	yi	4	0
䮀	bo	2	0
䮁	pian	2	0
䮂	ba	2	0
䮄	xuan	2	0
䮇	yu	4	0
䮈	chi	2	0
䮉	lu	2	0
䮊	yi	2	0
䮋	li	4	0
䮍	niao	3	0
䮎	xi	4	0
䮏	wu	2	0
䮑	lei	4	0
䮒	pu	1	0
䮓	zhuo	1	0
䮔	zui	1	0
䮕	zhuo	2	0
䮖	chang	1	0
䮗	an	4	0
䮘	er	2	0
䮙	yu	4	0
䮚	leng	4	0
䮛	fu	4	0
䮜	zha	2	0
䮝	hun	2	0
䮞	chun	3	0
䮟	sou	1	0
䮠	bi	1	0
䮡	bi	4	0
䮢	zha	2	0
䮤	he	2	0
䮥	li	4	0
䮧	han	4	0
䮨	zai	3	0
䮩	gu	2	0
䮪	cheng	2	0
䮫	lou	2	0
䮬	mo	4	0
䮭	mi	4	0
䮮	mai	4	0
䮯	ao	4	0
䮰	zhe	2	0
䮱	zhu	2	0
䮲	huang	2	0
䮳	fan	2	0
䮴	deng	4	0
䮵	tong	2	0
䮷	du	2	0
䮸	wo	4	0
䮹	wei	4	0
䮺	ji	4	0
䮻	chi	4	0
䮼	lin	2	0
䮽	biao	1	0
䮾	long	2	0
䮿	jian	3	0
䯀	nie	4	0
䯁	luo	2	0
䯂	shen	1	0
䯄	gua	1	0
䯅	nie	4	0
䯆	yi	4	0
䯇	ku	1	0
䯈	wan	2	0
䯉	wa	1	0
䯊	qia	4	0
䯋	bo	2	0
䯌	kao	1	0
䯍	ling	2	0
䯎	gan	4	0
䯏	gua	1	0
䯐	hai	2	0
䯑	kuang	1	0
䯒	heng	2	0
䯓	kui	1	0
䯔	ze	2	0
䯕	ting	1	0
䯖	lang	2	0
䯗	bi	4	0
䯘	huan	4	0
䯙	po	4	0
䯚	yao	3	0
䯛	wan	4	0
䯜	ti	4	0
䯝	sui	3	0
䯞	kua	1	0
䯟	dui	4	0
䯠	ao	3	0
䯡	jian	4	0
䯢	mo	2	0
䯣	kui	4	0
䯤	kuai	4	0
䯥	an	4	0
䯦	ma	4	0
䯧	qing	3	0
䯨	qiao	1	0
䯪	kao	3	0
䯫	hao	4	0
䯬	duo	3	0
䯭	xian	1	0
䯮	nai	2	0
䯯	suo	1	0
䯰	jie	4	0
䯱	pi	1	0
䯲	pa	1	0
䯳	song	1	0
䯴	chang	2	0
䯵	nie	4	0
䯶	man	2	0
䯷	song	1	0
䯸	ci	4	0
䯹	xian	1	0
䯺	kuo	4	0
䯼	di	2	0
䯽	pou	2	0
䯾	tiao	2	0
䯿	zu	2	0
䰀	wo	3	0
䰁	fei	4	0
䰂	cai	4	0
䰃	peng	2	0
䰄	sai	1	0
䰆	rou	2	0
䰇	qi	2	0
䰈	cuo	2	0
䰉	pan	2	0
䰊	bo	2	0
䰋	man	2	0
䰌	zong	3	0
䰍	ci	4	0
䰎	kui	4	0
䰏	ji	4	0
䰐	lan	2	0
䰒	meng	2	0
䰓	mian	2	0
䰔	pan	2	0
䰕	lu	2	0
䰖	zuan	3	0
䰗	jiu	1	0
䰘	liu	2	0
䰙	yi	3	0
䰚	wen	2	0
䰛	li	4	0
䰜	li	4	0
䰝	zeng	4	0
䰞	zhu	3	0
䰟	hun	2	0
䰠	shen	2	0
䰡	chi	4	0
䰢	xing	4	0
䰣	wang	3	0
䰤	dong	1	0
䰥	huo	4	0
䰦	pi	3	0
䰧	hu	1	0
䰨	mei	4	0
䰩	che	3	0
䰪	mei	4	0
䰫	chao	1	0
䰬	ju	2	0
䰭	nou	4	0
䰯	yi	4	0
䰰	ru	2	0
䰱	ling	2	0
䰲	ya	4	0
䰴	qi	4	0
䰵	zi	1	0
䰷	bang	4	0
䰸	gong	1	0
䰹	ze	2	0
䰺	jie	4	0
䰻	yu	2	0
䰼	qin	2	0
䰽	bei	4	0
䰾	ba	1	0
䰿	tuo	2	0
䱀	yang	1	0
䱁	qiao	2	0
䱂	you	3	0
䱃	zhi	4	0
䱄	jie	4	0
䱅	mo	4	0
䱆	sheng	2	0
䱇	shan	4	0
䱈	qi	2	0
䱉	shan	4	0
䱊	mi	3	0
䱋	gong	3	0
䱌	yi	2	0
䱍	geng	4	0
䱎	geng	4	0
䱏	tou	3	0
䱐	fu	1	0
䱑	xue	2	0
䱒	ye	4	0
䱓	ting	2	0
䱔	tiao	2	0
䱕	mou	2	0
䱖	liu	2	0
䱗	can	1	0
䱘	li	2	0
䱙	shu	1	0
䱚	lu	4	0
䱛	huo	4	0
䱜	cuo	4	0
䱝	pai	2	0
䱞	liu	2	0
䱟	ju	4	0
䱠	zhan	4	0
䱡	ju	2	0
䱢	zheng	1	0
䱣	zu	2	0
䱤	xian	4	0
䱥	zhi	4	0
䱨	la	4	0
䱫	la	4	0
䱬	xu	1	0
䱭	geng	4	0
䱮	e	2	0
䱯	mu	2	0
䱰	zhong	4	0
䱱	ti	2	0
䱲	yuan	2	0
䱳	zhan	1	0
䱴	geng	4	0
䱵	weng	1	0
䱶	lang	2	0
䱷	yu	2	0
䱸	sou	1	0
䱹	zha	3	0
䱺	hai	2	0
䱻	hua	2	0
䱼	zhan	3	0
䱽	chang	1	0
䱾	lou	2	0
䱿	chan	4	0
䲀	zhi	4	0
䲁	wei	4	0
䲂	xuan	2	0
䲃	zao	3	0
䲄	min	2	0
䲅	gui	1	0
䲆	su	1	0
䲉	si	1	0
䲊	duo	4	0
䲋	cen	2	0
䲌	kuan	3	0
䲍	teng	2	0
䲎	nei	3	0
䲏	lao	2	0
䲐	lu	3	0
䲑	yi	2	0
䲒	xie	4	0
䲓	yan	3	0
䲔	qing	2	0
䲕	pu	1	0
䲖	chou	2	0
䲗	xian	2	0
䲘	guan	3	0
䲙	jie	2	0
䲚	lai	4	0
䲛	meng	2	0
䲜	ye	4	0
䲝	chang	1	0
䲞	li	4	0
䲟	yin	4	0
䲠	chun	1	0
䲡	qiu	1	0
䲢	teng	2	0
䲣	yu	2	0
䲦	dai	4	0
䲧	du	4	0
䲨	hong	2	0
䲪	xi	4	0
䲬	qi	2	0
䲮	yuan	2	0
䲯	ji	2	0
䲰	yun	4	0
䲱	fang	3	0
䲲	gong	1	0
䲳	hang	2	0
䲴	zhen	4	0
䲵	que	4	0
䲸	jie	4	0
䲹	pi	2	0
䲺	gan	4	0
䲻	xuan	2	0
䲼	sheng	1	0
䲽	shi	2	0
䲾	qiao	3	0
䲿	ci	2	0
䳀	die	2	0
䳁	bo	2	0
䳂	diao	1	0
䳃	wan	3	0
䳄	ci	2	0
䳅	zhi	3	0
䳆	bai	2	0
䳇	wu	3	0
䳈	bao	3	0
䳉	dan	4	0
䳊	ba	2	0
䳋	tong	2	0
䳍	gong	1	0
䳎	jiu	4	0
䳏	gui	4	0
䳐	ci	4	0
䳑	you	3	0
䳒	yuan	2	0
䳓	lao	3	0
䳔	ju	2	0
䳕	fu	2	0
䳖	nie	4	0
䳗	e	2	0
䳘	e	2	0
䳙	xing	3	0
䳚	kan	4	0
䳛	yan	4	0
䳜	tu	2	0
䳝	pou	3	0
䳞	beng	3	0
䳟	ming	2	0
䳠	shui	4	0
䳡	yan	4	0
䳢	qi	2	0
䳣	yuan	2	0
䳤	bie	1	0
䳦	xuan	1	0
䳧	hou	2	0
䳨	huang	2	0
䳩	yao	1	0
䳪	juan	4	0
䳫	kui	2	0
䳬	e	4	0
䳭	ji	2	0
䳮	mo	4	0
䳯	chong	2	0
䳰	bao	3	0
䳱	wu	4	0
䳲	zhen	4	0
䳳	xu	4	0
䳴	ta	4	0
䳵	chi	4	0
䳶	xi	1	0
䳷	cong	2	0
䳸	ma	2	0
䳹	kou	4	0
䳺	yan	4	0
䳻	can	2	0
䳽	he	4	0
䳾	deng	1	0
䳿	ran	2	0
䴀	tong	2	0
䴁	yu	4	0
䴂	xiang	4	0
䴃	nao	2	0
䴄	shun	4	0
䴅	fen	2	0
䴆	pu	2	0
䴇	ling	2	0
䴈	ao	3	0
䴉	huan	2	0
䴊	yi	2	0
䴋	huan	2	0
䴌	meng	2	0
䴍	ying	1	0
䴎	lei	3	0
䴏	yan	4	0
䴐	bao	3	0
䴑	die	2	0
䴒	ling	2	0
䴓	shi	1	0
䴔	jiao	1	0
䴕	lie	4	0
䴖	jing	1	0
䴗	ju	2	0
䴘	ti	1	0
䴙	pi	4	0
䴚	gang	3	0
䴛	xiao	1	0
䴜	wai	1	0
䴝	chuai	4	0
䴞	di	2	0
䴟	huan	2	0
䴠	yao	3	0
䴡	li	4	0
䴢	mi	2	0
䴣	hu	1	0
䴤	sheng	1	0
䴥	jia	1	0
䴦	yin	2	0
䴧	wei	1	0
䴩	piao	2	0
䴪	lu	4	0
䴫	ling	2	0
䴬	yi	4	0
䴭	cai	2	0
䴮	shan	4	0
䴯	hu	1	0
䴰	shu	2	0
䴱	tuo	1	0
䴲	mo	4	0
䴳	hua	2	0
䴴	tie	4	0
䴵	bing	3	0
䴶	peng	2	0
䴷	hun	2	0
䴸	fu	1	0
䴹	guo	3	0
䴺	bu	4	0
䴻	li	2	0
䴼	chan	4	0
䴽	pi	2	0
䴾	cuo	2	0
䴿	meng	2	0
䵀	suo	3	0
䵁	qiang	4	0
䵂	zhi	2	0
䵃	kuang	4	0
䵄	bi	2	0
䵅	ao	2	0
䵆	meng	2	0
䵇	xian	4	0
䵈	ku	4	0
䵉	tou	2	0
䵊	tuan	1	0
䵋	wei	3	0
䵌	xian	1	0
䵎	tuan	1	0
䵏	lao	3	0
䵐	chan	3	0
䵑	ni	4	0
䵒	ni	4	0
䵓	li	2	0
䵔	dong	3	0
䵕	ju	4	0
䵖	qian	4	0
䵗	bo	2	0
䵘	shai	4	0
䵙	zha	1	0
䵚	tao	3	0
䵛	qian	4	0
䵜	nong	3	0
䵝	yi	4	0
䵞	jing	4	0
䵟	gan	3	0
䵠	di	2	0
䵡	jian	3	0
䵢	mei	4	0
䵣	da	2	0
䵤	jian	3	0
䵥	yu	4	0
䵦	xie	4	0
䵧	zai	4	0
䵨	mang	2	0
䵩	li	2	0
䵪	gun	4	0
䵫	xun	1	0
䵬	ta	4	0
䵭	zhe	4	0
䵮	yang	4	0
䵯	tuan	3	0
䵰	shang	1	0
䵱	xi	4	0
䵲	qiao	1	0
䵳	wei	4	0
䵴	ying	4	0
䵵	chua	1	0
䵶	qu	2	0
䵷	wa	1	0
䵹	zhi	1	0
䵺	ting	3	0
䵻	gu	3	0
䵼	shang	1	0
䵽	ca	4	0
䵾	fu	2	0
䵿	tie	4	0
䶀	ta	4	0
䶁	ta	4	0
䶂	zhuo	2	0
䶃	han	2	0
䶄	ping	2	0
䶅	he	2	0
䶆	zhui	1	0
䶇	zhou	4	0
䶈	bo	2	0
䶉	liu	2	0
䶊	nv	4	0
䶋	xi	1	0
䶌	pao	4	0
䶍	di	4	0
䶎	he	1	0
䶏	ti	4	0
䶐	wai	4	0
䶑	ti	4	0
䶒	qi	2	0
䶓	ji	4	0
䶔	chi	2	0
䶕	ba	4	0
䶖	jin	4	0
䶗	ke	4	0
䶘	li	4	0
䶙	ju	4	0
䶚	qu	3	0
䶛	la	4	0
䶜	gu	3	0
䶝	qia	4	0
䶞	qi	2	0
䶟	xian	4	0
䶠	jian	3	0
䶡	shi	2	0
䶢	jian	1	0
䶣	ai	2	0
䶤	hua	2	0
䶥	zha	1	0
䶦	ze	2	0
䶧	yao	3	0
䶨	zhan	1	0
䶩	ji	4	0
䶪	cha	4	0
䶫	yan	4	0
䶬	jian	1	0
䶮	yan	3	0
䶰	jiao	1	0
䶱	tong	2	0
䶲	nan	2	0
䶳	yue	4	0
䶵	chi	2	0
䶷	jiao	4	0
䶹	zuo	3	0
一	yi	1	134392
丁	ding	1	4011
丂	kao	3	0
七	qi	1	6313
丄	shang	4	0
丅	xia	4	0
丆	han	3	0
万	wan	4	25941
丈	zhang	4	305
三	san	1	26761
上	shang	4	284918
下	xia	4	163638
丌	ji	1	78
不	bu	4	590643
与	yu	3	202250
丏	mian	3	5
丐	gai	4	128
丑	chou	3	3197
丒	chou	3	0
专	zhuan	1	2662
且	qie	3	12175
丕	pi	1	143
世	shi	4	3253
丗	shi	4	90
丘	qiu	1	725
丙	bing	3	683
业	ye	4	5470
丛	cong	2	550
东	dong	1	8696
丝	si	1	2479
丞	cheng	2	160
丟	diu	1	37
丠	qiu	1	0
両	liang	3	7
丢	diu	1	5594
丣	you	3	0
两	liang	3	16584
严	yan	2	2385
並	bing	4	253
丧	sang	4	421
丨	gun	3	77
丩	jiu	1	0
个	ge	4	245957
丫	ya	1	5309
丬	qiang	2	25
中	zhong	1	243213
丮	ji	3	72
丯	jie	4	0
丰	feng	1	1689
丱	guan	4	1
串	chuan	4	1399
丳	chan	3	2
临	lin	2	1838
丵	zhuo	2	0
丶	zhu	3	145
丷	ba	1	0
丸	wan	2	1024
丹	dan	1	2418
为	wei	4	210479
主	zhu	3	10842
丼	jing	3	4
丽	li	4	3385
举	ju	3	2164
丿	pie	3	131
乀	fu	2	0
乁	yi	2	0
乂	yi	4	85
乃	nai	3	3671
乄	wu	3	0
久	jiu	3	8100
乆	jiu	3	0
乇	tuo	1	67
么	me	5	110511
义	yi	4	2504
乊	yi	1	0
之	zhi	1	49530
乌	wu	1	1409
乍	zha	4	432
乎	hu	1	1311
乏	fa	2	328
乐	le	4	6513
乑	yin	2	0
乒	ping	1	41
乓	pang	1	25
乔	qiao	2	1913
乕	hu	3	8
乖	guai	1	18529
乗	cheng	2	2
乘	cheng	2	2409
乙	yi	3	1670
乚	yin	3	0
乛	ya	5	0
乜	mie	1	2194
九	jiu	3	5217
乞	qi	3	203
也	ye	3	404388
习	xi	2	665
乡	xiang	1	3961
乢	gai	4	118
乣	jiu	3	0
乤	xia	4	0
乥	hu	4	0
书	shu	1	19044
乧	dou	3	0
乨	shi	3	0
乩	ji	1	11
乪	nang	2	0
乫	jia	1	0
乬	ju	4	0
乭	shi	2	0
乮	mao	3	0
乯	hu	1	0
买	mai	3	100275
乱	luan	4	12576
乲	zi	1	0
乳	ru	3	1092
乴	xue	2	0
乵	yan	3	0
乶	fu	3	0
乷	sha	1	3
乸	na	3	0
乹	gan	1	0
乺	suo	3	0
乻	yu	2	0
乼	cui	5	0
乽	zhe	3	0
乾	qian	2	516
乿	zhi	4	7
亀	gui	1	6
亁	gan	1	0
亂	luan	4	47
亃	lin	3	4
亄	yi	4	3
亅	jue	2	74
了	le	5	1500186
亇	ma	5	0
予	yu	3	1126
争	zheng	1	2564
亊	shi	4	13
事	shi	4	38942
二	er	4	20319
亍	chu	4	80
于	yu	2	73708
亏	kui	1	4988
亐	yu	2	131
云	yun	2	8398
互	hu	4	1223
亓	qi	2	109
五	wu	3	12861
井	jing	3	2051
亖	si	4	0
亗	sui	4	0
亘	gen	4	63
亙	gen	4	5
亚	ya	4	4107
些	xie	1	21951
亜	ya	4	21
亝	qi	2	0
亞	ya	4	52
亟	ji	2	41
亠	tou	2	73
亡	wang	2	738
亢	kang	4	146
亣	da	4	0
交	jiao	1	14714
亥	hai	4	165
亦	yi	4	5497
产	chan	3	2648
亨	heng	1	489
亩	mu	3	1202
亪	ye	5	0
享	xiang	3	608
京	jing	1	2347
亭	ting	2	1344
亮	liang	4	4387
亯	xiang	3	0
亰	jing	1	4
亱	ye	4	0
亲	qin	1	6778
亳	bo	2	25
亴	you	4	0
亵	xie	4	30
亶	dan	3	27
亷	lian	2	0
亸	duo	3	0
亹	wei	3	8
人	ren	2	250285
亻	ren	2	30
亼	ji	2	95
亽	ji	2	0
亾	wang	2	0
亿	yi	4	8567
什	shen	2	890
仁	ren	2	2400
仂	le	4	139
仃	ding	1	17
仄	ze	4	152
仅	jin	3	6472
仆	pu	1	181
仇	chou	2	664
仈	ba	1	10
仉	zhang	3	8
今	jin	1	4112
介	jie	4	1122
仌	bing	1	0
仍	reng	2	8751
从	cong	2	126905
仏	fo	2	4
仐	san	3	0
仑	lun	2	200
仒	bing	1	0
仓	cang	1	2113
仔	zi	3	1416
仕	shi	4	761
他	ta	1	343908
仗	zhang	4	541
付	fu	4	6081
仙	xian	1	2749
仚	xian	1	4
仛	tuo	1	0
仜	hong	2	7
仝	tong	2	64
仞	ren	4	52
仟	qian	1	183
仠	gan	3	0
仡	ge	1	3
仢	bo	2	0
代	dai	4	5504
令	ling	4	7764
以	yi	3	100400
仦	chao	4	0
仧	chang	2	0
仨	sa	1	328
仩	chang	2	16
仪	yi	2	1797
仫	mu	4	7
们	men	5	65806
仭	ren	4	7
仮	fan	3	5
仯	chao	4	0
仰	yang	3	425
仱	qian	2	7
仲	zhong	4	3273
仳	pi	3	10
仴	wo	4	6
仵	wu	3	28
件	jian	4	7286
价	jia	4	5685
仸	yao	3	0
仹	feng	1	0
仺	cang	1	0
任	ren	4	7851
仼	wang	2	5
份	fen	4	6408
仾	di	1	0
仿	fang	3	1252
伀	zhong	1	10
企	qi	3	1179
伂	pei	4	6
伃	yu	2	5
伄	diao	4	5
伅	dun	4	10
伆	wu	4	0
伇	yi	4	0
伈	xin	3	16
伉	kang	4	13
伊	yi	1	3849
伋	ji	2	8
伌	ai	4	0
伍	wu	3	1069
伎	ji	4	83
伏	fu	2	826
伐	fa	2	10721
休	xiu	1	2127
伒	jin	4	9
伓	pi	1	7
伔	dan	3	4
伕	fu	1	8
伖	tang	3	0
众	zhong	4	3095
优	you	1	1968
伙	huo	3	271
会	hui	4	208391
伛	yu	3	4
伜	cui	4	5
伝	yun	2	13
伞	san	3	1190
伟	wei	3	2561
传	chuan	2	14495
伡	che	1	0
伢	ya	2	85
伣	qian	4	0
伤	shang	1	5552
伥	chang	1	14
伦	lun	2	1356
伧	cang	1	5
伨	xun	4	0
伩	xin	4	0
伪	wei	3	978
伫	zhu	4	48
伬	ze	5	3
伭	xian	2	5
伮	nu	3	0
伯	bo	2	1525
估	gu	1	426
伱	ni	3	0
伲	ni	2	14
伳	xie	4	6
伴	ban	4	1657
伵	xu	4	0
伶	ling	2	174
伷	zhou	4	0
伸	shen	1	997
伹	qu	1	4
伺	ci	4	66
伻	beng	1	6
似	si	4	3298
伽	jia	1	335
伾	pi	1	13
伿	yi	4	3
佀	si	4	0
佁	yi	3	4
佂	zheng	1	0
佃	dian	4	48
佄	han	1	0
佅	mai	4	0
但	dan	4	115581
佇	zhu	4	8
佈	bu	4	12
佉	qu	1	13
佊	bi	3	0
佋	zhao	1	0
佌	ci	3	7
位	wei	4	14033
低	di	1	15738
住	zhu	4	21924
佐	zuo	3	1852
佑	you	4	608
佒	yang	3	6
体	ti	3	5566
佔	zhan	4	20
何	he	2	6636
佖	bi	4	7
佗	tuo	2	53
佘	she	2	257
余	yu	2	4431
佚	yi	4	83
佛	fu	2	4148
作	zuo	4	19307
佝	gou	1	7
佞	ning	4	30
佟	tong	2	395
你	ni	3	973526
佡	xian	1	7
佢	qu	2	2904
佣	yong	1	103
佤	wa	3	31
佥	qian	1	33
佦	shi	5	0
佧	ka	3	7
佨	bao	1	0
佩	pei	4	919
佪	hui	2	6
佫	he	4	5
佬	lao	3	686
佭	xiang	2	0
佮	ge	2	4
佯	yang	2	97
佰	bai	3	274
佱	fa	3	0
佲	ming	3	0
佳	jia	1	2904
佴	nai	4	3
併	bing	4	10
佶	ji	2	22
佷	hen	3	41
佸	huo	2	44
佹	gui	3	31
佺	quan	2	37
佻	tiao	1	15
佼	jiao	3	18
佽	ci	4	19
佾	yi	4	13
使	shi	3	34422
侀	xing	2	17
侁	shen	1	10
侂	tuo	1	14
侃	kan	3	543
侄	zhi	2	100
侅	gai	1	5
來	lai	2	457
侇	yi	2	11
侈	chi	3	31
侉	kua	3	9
侊	guang	1	7
例	li	4	2655
侌	yin	1	0
侍	shi	4	363
侎	mi	3	0
侏	zhu	1	27
侐	xu	4	4
侑	you	4	71
侒	an	1	4
侓	lu	4	0
侔	mou	2	21
侕	er	2	5
侖	lun	2	4
侗	dong	4	44
侘	cha	4	6
侙	chi	1	0
侚	xun	4	5
供	gong	1	4781
侜	zhou	1	4
依	yi	1	3390
侞	ru	2	7
侟	cun	2	0
侠	xia	2	855
価	si	4	11
侢	dai	4	0
侣	lv	3	241
侤	ta	5	0
侥	jiao	3	33
侦	zhen	1	100
侧	ce	4	2221
侨	qiao	2	341
侩	kuai	4	80
侪	chai	2	15
侫	ning	4	5
侬	nong	2	1991
侭	jin	3	2
侮	wu	3	45
侯	hou	2	2784
侰	jiong	3	0
侱	cheng	3	0
侲	zhen	4	4
侳	zuo	4	3
侴	chou	3	0
侵	qin	1	383
侶	lv	3	3
侷	ju	2	3
侸	shu	4	0
侹	ting	3	5
侺	shen	4	2
侻	tui	4	4
侼	bo	2	0
侽	nan	2	0
侾	xiao	1	0
便	bian	4	16095
俀	tui	3	4
俁	yu	3	5
係	xi	4	3253
促	cu	4	1409
俄	e	2	11525
俅	qiu	2	11
俆	xu	2	0
俇	guang	4	4
俈	ku	4	0
俉	wu	3	4
俊	jun	4	2406
俋	yi	4	6
俌	fu	3	0
俍	liang	2	4
俎	zu	3	41
俏	qiao	4	369
俐	li	4	176
俑	yong	3	80
俒	hun	4	0
俓	jing	4	6
俔	qian	4	4
俕	san	4	0
俖	pei	3	2
俗	su	2	1370
俘	fu	2	61
俙	xi	1	3
俚	li	3	35
俛	fu	3	7
俜	ping	1	4
保	bao	3	4532
俞	yu	2	510
俟	qi	2	66
俠	xia	2	11
信	xin	4	11312
俢	xiu	1	0
俣	yu	3	14
俤	di	4	8
俥	che	1	3
俦	chou	2	22
俧	zhi	4	0
俨	yan	3	40
俩	lia	3	5217
俪	li	4	83
俫	lai	2	0
俬	si	1	13
俭	jian	3	224
修	xiu	1	6710
俯	fu	3	194
俰	huo	4	0
俱	ju	4	1027
俲	xiao	4	0
俳	pai	2	16
俴	jian	4	6
俵	biao	4	8
俶	chu	4	14
俷	fei	4	22
俸	feng	4	56
俹	ya	4	0
俺	an	3	16897
俻	bei	4	0
俼	yu	4	0
俽	xin	1	0
俾	bi	3	1617
俿	hu	3	6
倀	chang	1	6
倁	zhi	1	0
倂	bing	4	3
倃	jiu	4	0
倄	yao	2	0
倅	cui	4	4
倆	lia	3	58
倇	wan	3	4
倈	lai	2	0
倉	cang	1	22
倊	zong	4	0
個	ge	4	349
倌	guan	1	56
倍	bei	4	3368
倎	tian	3	12
倏	shu	1	44
倐	shu	1	0
們	men	5	223
倒	dao	4	13603
倓	tan	2	12
倔	jue	2	146
倕	chui	2	11
倖	xing	4	11
倗	peng	2	6
倘	tang	3	183
候	hou	4	941
倚	yi	3	622
倛	qi	1	6
倜	ti	4	24
倝	gan	4	0
倞	jing	4	4
借	jie	4	7169
倠	sui	1	3
倡	chang	4	97
倢	jie	2	4
倣	fang	3	9
値	zhi	2	12
倥	kong	3	13
倦	juan	4	285
倧	zong	1	5
倨	ju	4	16
倩	qian	4	599
倪	ni	2	894
倫	lun	2	25
倬	zhuo	1	34
倭	wo	1	157
倮	luo	3	24
倯	song	1	3
倰	leng	4	3
倱	hun	4	4
倲	dong	1	0
倳	zi	4	11
倴	ben	4	0
倵	wu	3	7
倶	ju	4	12
倷	nai	3	10
倸	cai	3	0
倹	jian	3	7
债	zhai	4	898
倻	ye	1	6
值	zhi	2	9175
倽	sha	4	0
倾	qing	1	1211
倿	ning	4	0
偀	ying	1	4
偁	cheng	1	13
偂	qian	2	7
偃	yan	3	78
偄	ruan	3	0
偅	zhong	4	15
偆	chun	3	11
假	jia	3	8140
偈	ji	4	70
偉	wei	3	24
偊	yu	3	6
偋	bing	4	6
偌	ruo	4	38
偍	ti	2	8
偎	wei	1	82
偏	pian	1	3153
偐	yan	4	11
偑	feng	1	8
偒	tang	3	0
偓	wo	4	30
偔	e	4	0
偕	xie	2	121
偖	che	3	6
偗	sheng	3	6
偘	kan	3	0
偙	di	4	0
做	zuo	4	154137
偛	cha	1	11
停	ting	2	5939
偝	bei	4	7
偞	xie	4	6
偟	huang	2	9
偠	yao	3	13
偡	zhan	4	4
偢	chou	3	6
偣	yan	1	7
偤	you	2	7
健	jian	4	1820
偦	xu	3	0
偧	zha	1	0
偨	ci	1	8
偩	fu	4	5
偪	bi	1	4
偫	zhi	4	3
偬	zong	3	10
偭	mian	3	4
偮	ji	2	5
偯	yi	3	5
偰	xie	4	9
偱	xun	2	0
偲	cai	1	10
偳	duan	1	4
側	ce	4	17
偵	zhen	1	10
偶	ou	3	24864
偷	tou	1	3462
偸	tou	1	9
偹	bei	4	0
偺	za	2	10
偻	lou	2	7
偼	jie	2	0
偽	wei	3	14
偾	fen	4	9
偿	chang	2	192
傀	kui	3	12
傁	sou	3	0
傂	zhi	4	4
傃	su	4	5
傄	xia	1	0
傅	fu	4	1163
傆	yuan	4	0
傇	rong	3	3
傈	li	4	112
傉	nu	4	0
傊	yun	4	0
傋	jiang	3	4
傌	ma	4	3
傍	bang	4	514
傎	dian	1	5
傏	tang	2	0
傐	hao	4	0
傑	jie	2	27
傒	xi	1	9
傓	shan	4	0
傔	qian	4	4
傕	jue	2	17
傖	cang	1	4
傗	chu	4	0
傘	san	3	9
備	bei	4	33
傚	xiao	4	36
傛	yong	3	19
傜	yao	2	24
傝	tan	4	15
傞	suo	1	10
傟	yang	3	0
傠	fa	2	0
傡	bing	4	0
傢	jia	1	20
傣	dai	3	49
傤	zai	4	0
傥	tang	3	12
傦	gu	3	0
傧	bin	1	8
储	chu	3	685
傩	nuo	2	47
傪	can	1	0
傫	lei	3	0
催	cui	1	2436
傭	yong	1	5
傮	zao	1	1
傯	zong	3	3
傰	beng	1	3
傱	song	3	4
傲	ao	4	597
傳	chuan	2	60
傴	yu	3	3
債	zhai	4	7
傶	zu	2	1
傷	shang	1	52
傸	chuang	3	2
傹	jing	4	0
傺	chi	4	7
傻	sha	3	7160
傼	han	4	0
傽	zhang	1	2
傾	qing	1	15
傿	yan	4	2
僀	di	4	0
僁	xie	4	2
僂	lou	2	2
僃	bei	4	0
僄	piao	4	3
僅	jin	3	21
僆	lian	4	3
僇	lu	4	3
僈	man	2	3
僉	qian	1	3
僊	xian	1	3
僋	tan	4	3
僌	ying	2	0
働	dong	4	3
僎	zhuan	4	2
像	xiang	4	34680
僐	shan	4	0
僑	qiao	2	5
僒	jiong	3	0
僓	tui	3	1
僔	zun	3	4
僕	pu	2	5
僖	xi	1	40
僗	lao	2	5
僘	chang	3	2
僙	guang	1	0
僚	liao	2	88
僛	qi	1	2
僜	cheng	1	0
僝	chan	2	3
僞	wei	3	5
僟	ji	1	0
僠	bo	1	1
僡	hui	4	0
僢	chuan	3	0
僣	tie	3	4
僤	dan	4	5
僥	jiao	3	3
僦	jiu	4	45
僧	seng	1	792
僨	fen	4	3
僩	xian	4	5
僪	ju	2	3
僫	e	4	0
僬	jiao	1	9
僭	jian	4	37
僮	tong	2	17
僯	lin	4	2
僰	bo	2	14
僱	gu	4	4
僲	xian	1	0
僳	su	4	15
僴	xian	4	2
僵	jiang	1	337
僶	min	3	3
僷	ye	4	0
僸	jin	4	3
價	jia	4	14
僺	qiao	4	0
僻	pi	4	84
僼	feng	1	0
僽	zhou	4	3
僾	ai	4	13
僿	sai	4	1
儀	yi	2	24
儁	jun	4	3
儂	nong	2	6
儃	chan	2	3
億	yi	4	18
儅	dang	4	7
儆	jing	3	20
儇	xuan	1	18
儈	kuai	4	3
儉	jian	3	8
儊	chu	4	8
儋	dan	1	34
儌	jiao	3	12
儍	sha	3	0
儎	zai	4	0
儏	can	4	0
儐	bin	1	7
儑	an	2	5
儒	ru	2	855
儓	tai	2	4
儔	chou	2	6
儕	chai	2	4
儖	lan	2	5
儗	ni	3	5
儘	jin	3	3
儙	qian	4	0
儚	meng	2	4
儛	wu	3	0
儜	ning	2	5
儝	qiong	2	0
儞	ni	3	0
償	chang	2	6
儠	lie	4	2
儡	lei	3	7
儢	lv	3	3
儣	kuang	3	0
儤	bao	4	6
儥	yu	4	3
儦	biao	1	2
儧	zan	3	0
儨	zhi	4	0
儩	si	4	3
優	you	1	23
儫	hao	2	0
儬	qing	4	0
儭	chen	4	7
儮	li	4	3
儯	teng	2	0
儰	wei	3	4
儱	long	3	6
儲	chu	3	7
儳	chan	2	10
儴	rang	2	9
儵	shu	1	6
儶	hui	4	0
儷	li	4	6
儸	luo	2	6
儹	zan	3	5
儺	nuo	2	3
儻	tang	3	4
儼	yan	3	3
儽	lei	2	1
儾	nang	4	0
儿	er	2	15408
兀	wu	4	164
允	yun	3	476
兂	zan	1	0
元	yuan	2	30885
兄	xiong	1	2729
充	chong	1	2904
兆	zhao	4	1548
兇	xiong	1	6
先	xian	1	84326
光	guang	1	12327
兊	dui	4	2
克	ke	4	7151
兌	dui	4	13
免	mian	3	2805
兎	tu	4	5
兏	chang	2	0
児	er	2	19
兑	dui	4	457
兒	er	2	61
兓	jin	1	0
兔	tu	4	1422
兕	si	4	15
兖	yan	3	19
兗	yan	3	6
兘	shi	3	0
党	dang	3	4354
兛	qian	1	0
兜	dou	1	724
兝	fen	1	0
兞	mao	2	0
兟	shen	1	13
兠	dou	1	0
兢	jing	1	49
兣	li	3	0
兤	huang	3	1
入	ru	4	10589
兦	wang	2	0
內	nei	4	134
全	quan	2	25876
兩	liang	3	58
兪	yu	2	2
八	ba	1	6677
公	gong	1	5026
六	liu	4	8090
兮	xi	1	1012
兯	han	5	0
兰	lan	2	4205
共	gong	4	9924
兲	tian	1	0
关	guan	1	11612
兴	xing	4	3373
兵	bing	1	4611
其	qi	2	58168
具	ju	4	2344
典	dian	3	809
兹	zi	1	955
兺	fen	1	0
养	yang	3	7053
兼	jian	1	3049
兽	shou	4	1341
兾	ji	4	0
兿	yi	4	0
冀	ji	4	432
冁	chan	3	3
冂	jiong	1	79
冃	mao	4	0
冄	ran	3	0
内	nei	4	40881
円	yuan	2	82
冇	mao	3	3377
冈	gang	1	387
冉	ran	3	442
冊	ce	4	10
冋	jiong	1	0
册	ce	4	1123
再	zai	4	120734
冎	gua	3	0
冏	jiong	3	23
冐	mao	4	2
冑	zhou	4	4
冒	mao	4	3290
冓	gou	4	2
冔	xu	3	1
冕	mian	3	84
冖	mi	4	0
冗	rong	3	42
冘	yin	2	114
写	xie	3	40881
冚	kan	3	0
军	jun	1	5771
农	nong	2	2318
冝	yi	2	1
冞	mi	2	1
冟	shi	4	0
冠	guan	1	1425
冡	meng	2	0
冢	zhong	3	213
冣	ju	4	0
冤	yuan	1	472
冥	ming	2	466
冦	kou	4	4
冧	lin	2	0
冨	fu	4	22
冩	xie	3	23
冪	mi	4	10
冫	bing	1	0
冬	dong	1	1996
冭	tai	4	0
冮	gang	1	0
冯	feng	2	2510
冰	bing	1	4841
冱	hu	4	2
冲	chong	1	8294
决	jue	2	854
冴	hu	4	3
况	kuang	4	402
冶	ye	3	326
冷	leng	3	6135
冸	pan	4	0
冹	fu	2	4
冺	min	3	0
冻	dong	4	967
冼	xian	3	148
冽	lie	4	61
冾	qia	4	3
冿	jian	1	0
净	jing	4	2577
凁	sou	1	0
凂	mei	3	0
凃	tu	2	0
凄	qi	1	125
凅	gu	4	2
准	zhun	3	4543
凇	song	1	22
凈	jing	4	4
凉	liang	2	2197
凊	qing	4	9
凋	diao	1	245
凌	ling	2	1764
凍	dong	4	7
凎	gan	4	1
减	jian	3	2548
凐	yin	1	2
凑	cou	4	1847
凒	ai	2	0
凓	li	4	0
凔	chuang	4	0
凕	ming	3	0
凖	zhun	3	6
凗	cui	1	1
凘	si	1	1
凙	duo	2	0
凚	jin	4	0
凛	lin	3	129
凜	lin	3	2
凝	ning	2	1031
凞	xi	1	1
凟	du	2	0
几	ji	3	16625
凡	fan	2	4520
凢	fan	2	0
凣	fan	2	0
凤	feng	4	2210
凥	ju	1	0
処	chu	3	75
凧	zheng	1	72
凨	feng	1	0
凩	mu	4	1
凪	zhi	3	8
凫	fu	2	39
凬	feng	1	0
凭	ping	2	2937
凮	feng	1	0
凯	kai	3	1983
凰	huang	2	120
凱	kai	3	11
凲	gan	1	0
凳	deng	4	147
凴	ping	2	0
凵	qian	3	0
凶	xiong	1	1534
凷	kuai	4	0
凸	tu	1	582
凹	ao	1	526
出	chu	1	55547
击	ji	1	1074
凼	dang	4	32
函	han	2	949
凾	han	2	1
凿	zao	2	227
刀	dao	1	5409
刁	diao	1	376
刂	dao	1	72
刃	ren	4	557
刄	ren	4	72
刅	chuang	1	0
分	fen	1	28803
切	qie	4	9716
刈	yi	4	49
刉	ji	1	0
刊	kan	1	522
刋	qian	4	4
刌	cun	3	0
刍	chu	2	45
刎	wen	3	84
刏	ji	1	0
刐	dan	3	1
刑	xing	2	819
划	hua	4	1591
刓	wan	2	2
刔	jue	2	1
刕	li	2	1
刖	yue	4	12
列	lie	4	6282
刘	liu	2	11439
则	ze	2	28270
刚	gang	1	33324
创	chuang	4	2712
刜	fu	2	1
初	chu	1	4757
刞	qu	4	1
刟	diao	1	0
删	shan	1	4393
刡	min	3	0
刢	ling	2	0
刣	zhong	1	0
判	pan	4	1165
別	bie	2	77
刦	jie	2	0
刧	jie	2	1
刨	pao	2	308
利	li	4	4951
刪	shan	1	11
别	bie	2	48130
刬	chan	4	0
刭	jing	3	14
刮	gua	1	1343
刯	geng	1	0
到	dao	4	296879
刱	chuang	4	1
刲	kui	1	3
刳	ku	1	23
刴	duo	4	0
刵	er	4	1
制	zhi	4	4902
刷	shua	1	14316
券	quan	4	977
刹	sha	1	256
刺	ci	4	1445
刻	ke	4	2370
刼	jie	2	0
刽	gui	4	4
刾	ci	4	0
刿	gui	4	22
剀	kai	3	23
剁	duo	4	268
剂	ji	4	1693
剃	ti	4	268
剄	jing	3	0
剅	lou	2	0
剆	luo	3	0
則	ze	2	196
剈	yuan	1	0
剉	cuo	4	6
削	xue	1	381
剋	kei	1	5
剌	la	4	132
前	qian	2	46770
剎	sha	1	10
剏	chuang	4	1
剐	gua	3	94
剑	jian	4	5532
剒	cuo	4	2
剓	li	2	0
剔	ti	1	146
剕	fei	4	3
剖	pou	1	251
剗	chan	3	0
剘	qi	2	0
剙	chuang	4	0
剚	zi	4	5
剛	gang	1	61
剜	wan	1	66
剝	bo	1	14
剞	ji	1	17
剟	duo	1	82
剠	qing	2	0
剡	shan	4	10
剢	du	1	9
剣	jian	4	13
剤	ji	4	25
剥	bo	1	503
剦	yan	1	0
剧	ju	4	2266
剨	huo	1	0
剩	sheng	4	1579
剪	jian	3	1712
剫	duo	2	1
剬	duan	1	8
剭	wu	1	1
剮	gua	3	2
副	fu	4	17045
剰	sheng	4	6
剱	jian	4	5
割	ge	1	1546
剳	da	2	4
剴	kai	3	1
創	chuang	4	15
剶	chuan	1	0
剷	chan	3	2
剸	tuan	2	2
剹	lu	4	0
剺	li	2	3
剻	peng	3	1
剼	shan	1	2
剽	piao	1	28
剾	kou	1	0
剿	jiao	3	57
劀	gua	1	2
劁	qiao	1	6
劂	jue	2	6
劃	hua	4	6
劄	zha	2	4
劅	zhuo	2	0
劆	lian	2	0
劇	ju	4	37
劈	pi	1	469
劉	liu	2	36
劊	gui	4	1
劋	jiao	3	3
劌	gui	4	6
劍	jian	4	36
劎	jian	4	0
劏	tang	1	0
劐	huo	1	4
劑	ji	4	17
劒	jian	4	5
劓	yi	4	11
劔	jian	4	1
劕	zhi	4	0
劖	chan	2	4
劗	jian	3	2
劘	mo	2	2
劙	li	2	5
劚	zhu	3	0
力	li	4	8983
劜	ya	4	120
劝	quan	4	2132
办	ban	4	17518
功	gong	1	2090
加	jia	1	44110
务	wu	4	885
劢	mai	4	85
劣	lie	4	291
劤	jin	4	2
劥	keng	1	0
劦	xie	2	5
劧	zhi	3	0
动	dong	4	9465
助	zhu	4	1559
努	nu	3	418
劫	jie	2	740
劬	qu	2	7
劭	shao	4	44
劮	yi	4	2
劯	zhu	1	2
劰	mo	4	0
励	li	4	244
劲	jin	4	2175
劳	lao	2	1126
労	lao	2	4
劵	juan	4	35
劶	kou	3	0
劷	yang	2	0
劸	wa	1	0
効	xiao	4	4
劺	mou	2	0
劻	kuang	1	8
劼	jie	2	24
劽	lie	4	0
劾	he	2	24
势	shi	4	1112
勀	ke	4	1
勁	jin	4	16
勂	gao	4	0
勃	bo	2	347
勄	min	3	0
勅	chi	4	5
勆	lang	2	0
勇	yong	3	1939
勈	yong	3	0
勉	mian	3	153
勊	ke	4	0
勋	xun	1	530
勌	juan	4	0
勍	qing	2	8
勎	lu	4	0
勏	bu	4	0
勐	meng	3	63
勑	chi	4	0
勒	lei	1	3034
勓	kai	4	0
勔	mian	3	0
動	dong	4	46
勖	xu	4	33
勗	xu	4	4
勘	kan	1	133
務	wu	4	10
勚	yi	4	0
勛	xun	1	2
勜	weng	3	0
勝	sheng	4	34
勞	lao	2	10
募	mu	4	300
勠	lu	4	0
勡	piao	4	0
勢	shi	4	12
勣	ji	1	16
勤	qin	2	1394
勥	jiang	4	0
勦	chao	1	2
勧	quan	4	1
勨	xiang	4	0
勩	yi	4	4
勪	jue	2	0
勫	fan	1	54
勬	juan	1	0
勭	tong	2	0
勮	ju	4	0
勯	dan	1	24
勰	xie	2	16
勱	mai	4	1
勲	xun	1	5
勳	xun	1	11
勴	lv	4	1
勵	li	4	8
勶	che	4	0
勷	rang	2	2
勸	quan	4	21
勹	bao	1	37
勺	shao	2	437
勻	yun	2	6
勼	jiu	1	2
勽	bao	4	0
勾	gou	1	1280
勿	wu	4	1214
匀	yun	2	343
匁	wen	2	0
匂	xiong	1	1
匃	gai	4	0
匄	gai	4	0
包	bao	1	15389
匆	cong	1	39
匇	yi	4	1
匈	xiong	1	56
匉	peng	1	1
匊	ju	1	2
匋	tao	2	4
匌	ge	2	0
匍	pu	2	9
匎	e	4	0
匏	pao	2	12
匐	fu	2	16
匑	gong	1	1
匒	da	2	1
匓	jiu	4	0
匔	gong	1	0
匕	bi	3	41
化	hua	4	11875
北	bei	3	6464
匘	nao	3	0
匙	shi	5	125
匚	fang	1	0
匛	jiu	4	0
匜	yi	2	3
匝	za	1	149
匞	jiang	4	0
匟	kang	4	0
匠	jiang	4	270
匡	kuang	1	295
匢	hu	1	1
匣	xia	2	190
匤	qu	1	1
匥	fan	2	0
匦	gui	3	14
匧	qie	4	0
匨	zang	1	0
匩	kuang	1	0
匪	fei	3	395
匫	hu	1	0
匬	yu	3	0
匭	gui	3	1
匮	kui	4	44
匯	hui	4	10
匰	dan	1	1
匱	gui	4	6
匲	lian	2	0
匳	lian	2	1
匴	suan	3	2
匵	du	2	0
匶	jiu	4	0
匷	jue	2	1
匸	xi	4	70
匹	pi	3	432
区	qu	1	25334
医	yi	1	1390
匼	ke	1	3
匽	yan	3	1
匾	bian	3	111
匿	ni	4	149
區	qu	1	60
十	shi	2	5976
卂	xun	4	0
千	qian	1	5217
卄	nian	4	72
卅	sa	4	153
卆	zu	2	71
升	sheng	1	6266
午	wu	3	820
卉	hui	4	183
半	ban	4	13186
卋	shi	4	0
卌	xi	4	4
卍	wan	4	38
华	hua	2	7045
协	xie	2	907
卐	wan	4	0
卑	bei	1	457
卒	zu	2	365
卓	zhuo	2	1329
協	xie	2	9
单	dan	1	12374
卖	mai	4	35689
南	nan	2	7350
単	dan	1	4
卙	ji	2	0
博	bo	2	5007
卛	shuai	4	0
卜	bo	5	487
卝	kuang	4	0
卞	bian	4	249
卟	bu	3	139
占	zhan	4	10562
卡	ka	3	30770
卢	lu	2	2059
卣	you	3	19
卤	lu	3	256
卥	xi	1	0
卦	gua	4	641
卧	wo	4	639
卨	xie	4	2
卩	jie	2	40
卪	jie	2	0
卫	wei	4	2059
卬	ang	2	6
卭	qiong	2	0
卮	zhi	1	20
卯	mao	3	177
印	yin	4	3118
危	wei	1	487
卲	shao	4	3
即	ji	2	17366
却	que	4	43347
卵	luan	3	824
卶	chi	3	0
卷	juan	3	3792
卸	xie	4	502
卹	xu	4	2
卺	jin	3	6
卻	que	4	267
卼	wu	4	1
卽	ji	2	4
卾	e	4	0
卿	qing	1	950
厀	xi	1	0
厁	san	1	0
厂	chang	3	5991
厃	wei	3	0
厄	e	4	2289
厅	ting	1	2289
历	li	4	804
厇	zhe	2	0
厈	han	3	0
厉	li	4	528
厊	ya	3	1
压	ya	1	4148
厌	yan	4	325
厍	she	4	14
厎	di	3	4
厏	zha	3	0
厐	pang	2	0
厑	ya	2	0
厒	qie	4	4
厓	ya	2	6
厔	zhi	4	13
厕	ce	4	148
厖	mang	2	32
厗	ti	2	10
厘	li	2	266
厙	she	4	8
厚	hou	4	3079
厛	ting	1	0
厜	zui	1	7
厝	cuo	4	65
厞	fei	4	3
原	yuan	2	11213
厠	ce	4	7
厡	yuan	2	0
厢	xiang	1	281
厣	yan	3	20
厤	li	4	7
厥	jue	2	129
厦	sha	4	209
厧	dian	1	5
厨	chu	2	306
厩	jiu	4	36
厪	jin	3	0
厫	ao	2	0
厬	gui	3	1
厭	yan	4	7
厮	si	1	96
厯	li	4	0
厰	chang	3	2
厱	lan	2	0
厲	li	4	5
厳	yan	2	2
厴	yan	3	2
厵	yuan	2	0
厶	si	1	89
厷	gong	1	0
厸	lin	2	0
厹	rou	2	123
厺	qu	4	0
去	qu	4	330876
厼	er	3	0
厽	lei	3	0
厾	du	1	0
县	xian	4	7573
叀	zhuan	1	0
叁	san	1	445
参	can	1	1023
參	can	1	15
叄	can	1	0
叅	can	1	0
叆	ai	4	0
叇	dai	4	0
又	you	4	132893
叉	cha	1	853
及	ji	2	77186
友	you	3	4041
双	shuang	1	8838
反	fan	3	6966
収	shou	1	74
叏	guai	4	0
叐	ba	2	0
发	fa	1	69515
叒	ruo	4	0
叓	shi	4	0
叔	shu	1	1178
叕	zhuo	2	0
取	qu	3	15876
受	shou	4	15389
变	bian	4	13218
叙	xu	4	411
叚	xia	2	0
叛	pan	4	135
叜	sou	3	0
叝	ji	2	1
叞	wei	4	0
叟	sou	3	112
叠	die	2	743
叡	rui	4	11
叢	cong	2	5
口	kou	3	8827
古	gu	3	4404
句	ju	4	4021
另	ling	4	10842
叧	gua	3	0
叨	dao	1	86
叩	kou	4	198
只	zhi	3	38748
叫	jiao	4	55685
召	zhao	4	649
叭	ba	1	131
叮	ding	1	306
可	ke	3	68911
台	tai	2	13451
叱	chi	4	78
史	shi	3	3635
右	you	4	3635
叴	qiu	2	0
叵	po	3	31
叶	ye	4	6660
号	hao	4	70299
司	si	1	2981
叹	tan	4	873
叺	chi	3	119
叻	le	4	827
叼	diao	1	1868
叽	ji	1	320
叾	liao	3	0
叿	hong	1	0
吀	mie	1	0
吁	xu	1	106
吂	mang	2	0
吃	chi	1	65315
各	ge	4	29019
吅	xuan	1	0
吆	yao	1	81
吇	zi	3	7
合	he	2	6297
吉	ji	2	2529
吊	diao	4	2033
吋	cun	4	74
同	tong	2	24012
名	ming	2	21788
后	hou	4	134560
吏	li	4	261
吐	tu	3	2812
向	xiang	4	52126
吒	zha	1	53
吓	xia	4	3197
吔	ye	3	0
吕	lv	3	2205
吖	a	1	3034
吗	ma	5	220136
吘	ou	3	1
吙	huo	1	5
吚	yi	1	0
君	jun	1	5013
吜	chou	3	2
吝	lin	4	68
吞	tun	1	745
吟	yin	2	719
吠	fei	4	111
吡	bi	3	80
吢	qin	4	0
吣	qin	4	6
吤	jie	4	1
吥	bu	4	114
否	fou	3	3931
吧	ba	5	385205
吨	dun	1	2100
吩	fen	1	18
吪	e	2	1
含	han	2	5223
听	ting	1	31156
吭	keng	1	97
吮	shun	3	107
启	qi	3	1356
吰	hong	2	1
吱	zhi	1	117
吲	yin	3	8
吳	wu	2	69
吴	wu	2	7222
吵	chao	3	2570
吶	na	4	20
吷	xue	4	2
吸	xi	1	2095
吹	chui	1	5133
吺	dou	1	0
吻	wen	3	1838
吼	hou	3	1376
吽	hong	1	21
吾	wu	2	4951
吿	gao	4	0
呀	ya	5	79232
呁	jun	4	0
呂	lv	3	14
呃	e	4	7259
呄	ge	2	0
呅	mei	2	3
呆	dai	1	4817
呇	men	4	1
呈	cheng	2	3576
呉	wu	2	3
告	gao	4	2532
呋	fu	1	26
呌	jiao	4	0
呍	hong	1	0
呎	chi	3	17
呏	sheng	1	1
呐	na	4	1861
呑	tun	1	6
呒	m	2	17
呓	yi	4	20
呔	dai	1	13
呕	ou	3	357
呖	li	4	27
呗	bei	5	8019
员	yuan	2	4026
呙	guo	1	16
呚	wen	5	0
呛	qiang	1	315
呜	wu	1	314
呝	e	4	0
呞	shi	1	0
呟	juan	3	1
呠	pen	3	1
呡	wen	3	3
呢	ne	5	239902
呣	m	2	8
呤	ling	4	90
呥	ran	2	1
呦	you	1	409
呧	di	3	1
周	zhou	1	16297
呩	shi	4	0
呪	zhou	4	6
呫	tie	4	2
呬	xi	4	13
呭	yi	4	0
呮	qi	4	0
呯	ping	2	23
呰	zi	3	14
呱	gu	1	99
呲	ci	1	65
味	wei	4	3099
呴	xu	3	14
呵	he	1	3423
呶	nao	2	42
呷	xia	1	98
呸	pei	1	416
呹	yi	4	0
呺	xiao	1	3
呻	shen	1	24
呼	hu	1	1920
命	ming	4	4908
呾	da	2	4
呿	qu	4	11
咀	ju	3	96
咁	han	2	5076
咂	za	1	119
咃	tuo	1	0
咄	duo	1	16
咅	pou	3	0
咆	pao	2	20
咇	bi	4	1
咈	fu	2	1
咉	yang	1	0
咊	he	2	1
咋	za	3	12160
和	he	2	664874
咍	hai	1	2
咎	jiu	4	94
咏	yong	3	569
咐	fu	4	20
咑	da	1	7
咒	zhou	4	637
咓	wa	3	0
咔	ka	1	126
咕	gu	1	92
咖	ka	1	725
咗	zuo	5	0
咘	bu	4	5
咙	long	2	18
咚	dong	1	147
咛	ning	2	29
咜	ta	5	6
咝	si	1	8
咞	xian	4	0
咟	huo	4	0
咠	qi	4	1
咡	er	4	1
咢	e	4	1
咣	guang	1	60
咤	zha	4	20
咥	xi	4	1
咦	yi	2	593
咧	lie	3	3501
咨	zi	1	67
咩	mie	1	8191
咪	mi	1	1406
咫	zhi	3	21
咬	yao	3	3558
咭	ji	1	27
咮	zhou	4	1
咯	ge	1	27403
咰	shu	4	1
咱	zan	2	5532
咲	xiao	4	22
咳	hai	1	1176
咴	hui	1	13
咵	kua	3	0
咶	huai	4	2
咷	tao	2	1
咸	xian	2	1073
咹	e	4	0
咺	xuan	3	1
咻	xiu	1	59
咼	guo	1	1
咽	yan	4	542
咾	lao	3	10
咿	yi	1	72
哀	ai	1	567
品	pin	3	4693
哂	shen	3	35
哃	tong	2	4
哄	hong	1	1341
哅	xiong	1	1
哆	duo	1	171
哇	wa	5	15817
哈	ha	1	53642
哉	zai	1	712
哊	you	4	0
哋	die	4	0
哌	pai	4	120
响	xiang	3	2554
哎	ai	1	17453
哏	gen	2	64
哐	kuang	1	35
哑	ya	3	382
哒	da	1	1540
哓	xiao	1	50
哔	bi	4	35
哕	hui	4	18
哖	nian	2	8
哗	hua	1	208
哘	xing	5	2
哙	kuai	4	24
哚	duo	3	24
哛	fen	1	0
哜	ji	4	11
哝	nong	2	28
哞	mou	1	42
哟	yo	1	7696
哠	hao	4	2
員	yuan	2	14
哢	long	4	2
哣	pou	3	0
哤	mang	2	1
哥	ge	1	9418
哦	o	2	15582
哧	chi	1	29
哨	shao	4	250
哩	li	1	1723
哪	na	3	31902
哫	zu	2	1
哬	he	2	0
哭	ku	1	9073
哮	xiao	4	53
哯	xian	4	0
哰	lao	2	0
哱	bo	1	2
哲	zhe	2	1185
哳	zha	1	5
哴	liang	4	0
哵	ba	1	0
哶	mie	1	0
哷	lie	4	1
哸	sui	1	1
哹	fu	2	0
哺	bu	3	85
哻	han	1	1
哼	heng	1	2072
哽	geng	3	56
哾	shuo	1	0
哿	ge	3	5
唀	you	4	0
唁	yan	4	10
唂	gu	1	0
唃	gu	3	0
唄	bei	5	24
唅	han	2	1
唆	suo	1	359
唇	chun	2	920
唈	yi	4	1
唉	ai	1	27403
唊	jia	2	2
唋	tu	1	1
唌	xian	2	1
唍	wan	3	0
唎	li	4	22
唏	xi	1	28
唐	tang	2	4509
唑	zuo	4	187
唒	qiu	2	0
唓	che	1	0
唔	wu	2	9244
唕	zao	4	0
唖	ya	3	1
唗	dou	1	1
唘	qi	3	0
唙	di	2	0
唚	qin	4	1
唛	mai	4	81
唜	mo	4	0
唝	hong	3	0
唞	dou	3	0
唟	qu	4	0
唠	lao	2	126
唡	liang	3	0
唢	suo	3	5
唣	zao	4	4
唤	huan	4	531
唥	lang	5	0
唦	sha	1	43
唧	ji	1	78
唨	zu	3	0
唩	wo	1	0
唪	feng	3	2
唫	jin	4	0
唬	hu	3	124
唭	qi	4	5
售	shou	4	1358
唯	wei	2	1815
唰	shua	1	92
唱	chang	4	7744
唲	er	2	13
唳	li	4	27
唴	qiang	4	17
唵	an	3	33
唶	ze	2	10
唷	yo	1	254
唸	nian	4	76
唹	yu	1	6
唺	tian	3	0
唻	lai	4	21
唼	sha	4	4
唽	xi	1	0
唾	tuo	4	66
唿	hu	1	9
啀	ai	2	2
啁	zhao	1	3
啂	nou	3	0
啃	ken	3	1105
啄	zhuo	2	151
啅	zhuo	2	3
商	shang	1	5650
啇	di	4	0
啈	heng	1	1
啉	lin	2	53
啊	a	5	83803
啋	cai	3	3
啌	xiang	1	2
啍	tun	1	3
啎	wu	3	2
問	wen	4	104
啐	cui	4	71
啑	sha	4	2
啒	gu	3	1
啓	qi	3	7
啔	qi	3	0
啕	tao	2	7
啖	dan	4	115
啗	dan	4	5
啘	ye	4	0
啙	zi	3	0
啚	bi	3	0
啛	cui	4	0
啜	chuai	4	113
啝	he	2	11
啞	ya	3	11
啟	qi	3	18
啠	zhe	2	0
啡	fei	1	70
啢	liang	3	1
啣	xian	2	2
啤	pi	2	132
啥	sha	2	40526
啦	la	5	102549
啧	ze	2	125
啨	ying	1	0
啩	gua	4	0
啪	pa	1	244
啫	zhe	3	0
啬	se	4	28
啭	zhuan	4	22
啮	nie	4	57
啯	guo	1	0
啰	luo	1	0
啱	yan	2	0
啲	di	1	0
啳	quan	2	0
啴	chan	3	0
啵	bo	5	792
啶	ding	4	48
啷	lang	1	65
啸	xiao	4	604
啹	ju	2	0
啺	tang	2	0
啻	chi	4	10
啼	ti	2	211
啽	an	2	1
啾	jiu	1	36
啿	dan	4	4
喀	ka	1	211
喁	yong	2	2
喂	wei	4	3754
喃	nan	2	1485
善	shan	4	2658
喅	yu	4	0
喆	zhe	2	144
喇	la	3	2106
喈	jie	1	91
喉	hou	2	505
喊	han	3	7142
喋	die	2	39
喌	zhou	1	3
喍	chai	2	1
喎	wai	1	58
喏	nuo	4	217
喐	yu	4	0
喑	yin	1	21
喒	za	2	2
喓	yao	1	16
喔	o	1	3527
喕	mian	3	4
喖	hu	2	0
喗	yun	3	0
喘	chuan	3	513
喙	hui	4	71
喚	huan	4	8
喛	huan	4	0
喜	xi	3	3558
喝	he	1	15293
喞	ji	1	17
喟	kui	4	10
喠	zhong	3	0
喡	wei	2	1
喢	sha	4	1
喣	xu	4	1
喤	huang	2	4
喥	duo	2	3
喦	nie	4	4
喧	xuan	1	206
喨	liang	4	4
喩	yu	4	1
喪	sang	4	10
喫	chi	1	4
喬	qiao	2	13
喭	yan	4	1
單	dan	1	33
喯	pen	4	0
喰	can	1	1
喱	li	2	76
喲	yo	1	26
喳	zha	1	83
喴	wei	1	0
喵	miao	1	696
営	ying	2	4
喷	pen	1	2059
喸	bu	3	0
喹	kui	2	36
喺	xi	2	0
喻	yu	4	766
喼	jie	1	0
喽	lou	2	2847
喾	ku	4	6
喿	zao	4	1
嗀	hu	4	1
嗁	ti	2	0
嗂	yao	2	1
嗃	he	4	1
嗄	sha	4	160
嗅	xiu	4	301
嗆	qiang	1	5
嗇	se	4	2
嗈	yong	1	1
嗉	su	4	8
嗊	hong	3	1
嗋	xie	2	1
嗌	ai	4	23
嗍	suo	1	11
嗎	ma	5	335
嗏	cha	1	2
嗐	hai	4	10
嗑	ke	1	102
嗒	da	1	322
嗓	sang	3	99
嗔	chen	1	197
嗕	ru	4	6
嗖	sou	1	83
嗗	wa	1	0
嗘	ji	1	0
嗙	pang	3	12
嗚	wu	1	8
嗛	qian	3	11
嗜	shi	4	325
嗝	ge	2	77
嗞	zi	1	0
嗟	jie	1	237
嗠	lao	4	0
嗡	weng	1	102
嗢	wa	4	2
嗣	si	4	210
嗤	chi	1	51
嗥	hao	2	26
嗦	suo	1	443
嗨	hai	1	1333
嗩	suo	3	3
嗪	qin	2	63
嗫	nie	4	53
嗬	he	1	30
嗭	zhi	2	0
嗮	sai	4	0
嗯	ng	4	31982
嗰	ge	3	0
嗱	na	2	0
嗲	dia	3	1341
嗳	ai	3	105
嗴	qiang	1	0
嗵	tong	1	19
嗶	bi	4	2
嗷	ao	2	205
嗸	ao	2	0
嗹	lian	2	1
嗺	zui	1	1
嗻	zhe	1	0
嗼	mo	4	2
嗽	sou	4	55
嗾	sou	3	5
嗿	tan	3	1
嘀	di	2	175
嘁	qi	1	43
嘂	jiao	4	2
嘃	chong	1	0
嘄	jiao	1	0
嘅	kai	3	0
嘆	tan	4	10
嘇	shan	1	0
嘈	cao	2	84
嘉	jia	1	2100
嘊	ai	2	0
嘋	xiao	4	0
嘌	piao	4	13
嘍	lou	2	9
嘎	ga	1	3558
嘏	gu	3	4
嘐	xiao	1	2
嘑	hu	1	0
嘒	hui	4	2
嘓	guo	1	1
嘔	ou	3	4
嘕	xian	1	0
嘖	ze	2	1
嘗	chang	2	19
嘘	xu	1	423
嘙	po	2	0
嘚	de	1	0
嘛	ma	5	70738
嘜	ma	4	2
嘝	hu	2	0
嘞	lei	5	765
嘟	du	1	237
嘠	ga	1	0
嘡	tang	1	0
嘢	ye	3	0
嘣	beng	1	64
嘤	ying	1	11
嘥	sai	1	0
嘦	jiao	4	0
嘧	mi	4	15
嘨	xiao	4	0
嘩	hua	1	3
嘪	mai	3	1
嘫	ran	2	0
嘬	zuo	1	67
嘭	peng	1	34
嘮	lao	2	1
嘯	xiao	4	6
嘰	ji	1	3
嘱	zhu	3	109
嘲	chao	2	141
嘳	kui	4	1
嘴	zui	3	4583
嘵	xiao	1	1
嘶	si	1	87
嘷	hao	2	0
嘸	fu	3	11
嘹	liao	2	38
嘺	qiao	2	1
嘻	xi	1	153
嘼	chu	4	0
嘽	chan	3	1
嘾	dan	4	1
嘿	hei	1	2355
噀	xun	4	3
噁	e	3	12
噂	zun	3	1
噃	fan	1	0
噄	chi	1	0
噅	hui	1	1
噆	zan	3	1
噇	chuang	2	0
噈	cu	4	8
噉	dan	4	13
噊	yu	4	0
噋	tun	1	0
噌	ceng	1	105
噍	jiao	4	11
噎	ye	1	143
噏	xi	1	0
噐	qi	4	3
噑	hao	2	0
噒	lian	2	0
噓	xu	1	4
噔	deng	1	78
噕	hui	1	0
噖	yin	2	0
噗	pu	1	239
噘	jue	1	51
噙	qin	2	56
噚	xun	2	2
噛	nie	4	1
噜	lu	1	177
噝	si	1	0
噞	yan	3	1
噟	ying	4	0
噠	da	1	13
噡	zhan	1	0
噢	o	1	7268
噣	zhou	4	3
噤	jin	4	167
噥	nong	2	2
噦	hui	4	3
噧	xie	4	0
器	qi	4	6578
噩	e	4	86
噪	zao	4	286
噫	yi	1	38
噬	shi	4	141
噭	jiao	4	8
噮	yuan	4	9
噯	ai	1	28
噰	yong	1	38
噱	xue	2	11
噲	kuai	4	12
噳	yu	3	6
噴	pen	1	13
噵	dao	4	0
噶	ga	2	6258
噷	hm	5	6
噸	dun	1	7
噹	dang	1	9
噺	xin	1	8
噻	sai	1	1027
噼	pi	1	35
噽	pi	3	0
噾	yin	1	8
噿	zui	3	1
嚀	ning	2	1
嚁	di	2	1
嚂	lan	4	1
嚃	ta	1	1
嚄	huo	1	18
嚅	ru	2	22
嚆	hao	1	12
嚇	xia	4	15
嚈	ye	4	0
嚉	duo	1	0
嚊	pi	4	1
嚋	chou	2	0
嚌	ji	4	2
嚍	jin	4	1
嚎	hao	2	185
嚏	ti	4	11
嚐	chang	2	4
嚑	xun	1	0
嚒	me	1	0
嚓	ca	1	25
嚔	ti	4	1
嚕	lu	3	6
嚖	hui	4	0
嚗	bo	2	8
嚘	you	1	1
嚙	nie	4	2
嚚	yin	2	2
嚛	hu	4	0
嚜	me	5	15
嚝	hong	1	1
嚞	zhe	2	0
嚟	li	2	0
嚠	liu	2	1
嚡	hai	5	0
嚢	nang	2	3
嚣	xiao	1	84
嚤	mo	2	0
嚥	yan	4	3
嚦	li	4	2
嚧	lu	2	19
嚨	long	2	2
嚩	mo	2	0
嚪	dan	4	1
嚫	chen	4	1
嚬	pin	2	2
嚭	pi	3	17
嚮	xiang	4	5
嚯	huo	4	45
嚰	mo	2	0
嚱	xi	4	0
嚲	duo	3	1
嚳	ku	4	1
嚴	yan	2	13
嚵	chan	2	1
嚶	ying	1	1
嚷	rang	3	201
嚸	dian	3	0
嚹	la	2	0
嚺	ta	4	0
嚻	xiao	1	0
嚼	jue	2	505
嚽	chuo	4	1
嚾	huan	1	1
嚿	huo	4	0
囀	zhuan	4	2
囁	nie	4	1
囂	xiao	1	2
囃	ca	4	4
囄	li	2	0
囅	chan	3	1
囆	chai	4	0
囇	li	4	0
囈	yi	4	1
囉	luo	1	198
囊	nang	2	817
囋	za	2	1
囌	su	1	1
囍	xi	3	0
囎	zen	5	1
囏	jian	1	0
囐	za	2	0
囑	zhu	3	5
囒	lan	2	0
囓	nie	4	2
囔	nang	1	56
囕	lan	3	0
囖	lo	5	0
囗	wei	2	78
囘	hui	2	75
囙	yin	1	0
囚	qiu	2	164
四	si	4	15010
囜	nin	2	0
囝	jian	3	24
回	hui	2	31665
囟	xin	4	14
因	yin	1	19893
囡	nan	1	169
团	tuan	2	7027
団	tuan	2	10
囤	dun	4	117
囥	kang	4	8
囦	yuan	1	0
囧	jiong	3	2904
囨	pian	1	0
囩	yun	2	0
囪	cong	1	7
囫	hu	2	6
囬	hui	2	0
园	yuan	2	3927
囮	e	2	5
囯	guo	2	0
困	kun	4	3946
囱	cong	1	13
囲	tong	1	6
図	tu	2	6
围	wei	2	1581
囵	lun	2	11
囶	guo	2	0
囷	qun	1	7
囸	ri	4	0
囹	ling	2	10
固	gu	4	977
囻	guo	2	0
囼	tai	1	0
国	guo	2	10112
图	tu	2	20548
囿	you	4	102
圀	guo	2	1
圁	yin	2	1
圂	hun	4	2
圃	pu	3	126
圄	yu	3	7
圅	han	2	0
圆	yuan	2	2854
圇	lun	2	1
圈	quan	1	3567
圉	yu	3	16
圊	qing	1	7
國	guo	2	62
圌	chui	2	5
圍	wei	2	19
圎	yuan	2	0
圏	quan	1	7
圐	ku	1	0
圑	pu	3	0
園	yuan	2	20
圓	yuan	2	21
圔	ya	4	1
圕	tu	2	0
圖	tu	2	70
圗	tu	2	0
團	tuan	2	29
圙	lve	4	0
圚	hui	4	1
圛	yi	4	1
圜	huan	2	14
圝	luan	2	0
圞	luan	2	1
土	tu	3	5101
圠	ya	4	1
圡	tu	3	0
圢	ting	3	0
圣	sheng	4	2529
圤	pu	2	0
圥	lu	4	0
圦	kuai	4	0
圧	ya	1	129
在	zai	4	974740
圩	wei	2	62
圪	ge	1	34
圫	tuo	1	0
圬	wu	1	15
圭	gui	1	252
圮	pi	3	34
圯	yi	2	26
地	de	5	101785
圱	qian	1	0
圲	qian	1	0
圳	zhen	4	66
圴	zhuo	2	3
圵	dang	4	0
圶	qia	4	0
圷	xia	4	3
圸	shan	1	1
圹	kuang	4	176
场	chang	3	5636
圻	qi	2	47
圼	nie	4	0
圽	mo	4	0
圾	ji	1	20
圿	jia	2	0
址	zhi	3	251
坁	zhi	3	0
坂	ban	3	155
坃	xun	1	0
坄	yi	4	0
坅	qin	3	0
坆	mei	2	0
均	jun	1	9826
坈	rong	3	0
坉	tun	2	1
坊	fang	1	1509
坋	ben	4	1
坌	ben	4	6
坍	tan	1	37
坎	kan	3	660
坏	huai	4	10112
坐	zuo	4	11583
坑	keng	1	1708
坒	bi	4	1
坓	jing	3	0
坔	di	4	0
坕	jing	1	0
坖	ji	4	0
块	kuai	4	16563
坘	di	3	0
坙	jing	1	1
坚	jian	1	894
坛	tan	2	910
坜	li	4	12
坝	ba	4	701
坞	wu	4	160
坟	fen	2	503
坠	zhui	4	543
坡	po	1	1135
坢	ban	4	0
坣	tang	2	0
坤	kun	1	1221
坥	qu	1	0
坦	tan	3	728
坧	zhi	1	0
坨	tuo	2	251
坩	gan	1	12
坪	ping	2	752
坫	dian	4	7
坬	gua	4	0
坭	ni	2	20
坮	tai	2	0
坯	pi	1	184
坰	jiong	1	1
坱	yang	3	2
坲	fo	2	1
坳	ao	4	92
坴	lu	4	1
坵	qiu	1	1
坶	mu	3	4
坷	ke	3	89
坸	gou	4	0
坹	xue	4	0
坺	ba	2	0
坻	di	3	6
坼	che	4	18
坽	ling	2	0
坾	zhu	4	0
坿	fu	4	1
垀	hu	1	1
垁	zhi	4	0
垂	chui	2	773
垃	la	1	46
垄	long	3	120
垅	long	3	47
垆	lu	2	16
垇	ao	4	0
垈	dai	4	0
垉	pao	2	2
垊	min	5	0
型	xing	2	14298
垌	dong	4	11
垍	ji	4	0
垎	he	4	0
垏	lv	4	13
垐	ci	2	0
垑	chi	3	0
垒	lei	3	357
垓	gai	1	12
垔	yin	1	11
垕	hou	4	7
垖	dui	1	0
垗	zhao	4	6
垘	fu	2	2
垙	guang	1	6
垚	yao	2	48
垛	duo	3	107
垜	duo	3	0
垝	gui	3	9
垞	cha	2	3
垟	yang	2	21
垠	yin	2	39
垡	fa	2	20
垢	gou	4	203
垣	yuan	2	173
垤	die	2	7
垥	xie	2	1
垦	ken	3	93
垧	shang	3	7
垨	shou	3	0
垩	e	4	19
垪	bing	4	4
垫	dian	4	1057
垬	hong	2	6
垭	ya	1	39
垮	kua	3	498
垯	da	5	0
垰	ka	3	4
垱	dang	4	0
垲	kai	3	5
垳	hang	2	5
垴	nao	3	12
垵	an	1	8
垶	xing	1	5
垷	xian	4	0
垸	yuan	4	32
垹	bang	1	9
垺	fu	2	6
垻	ba	4	0
垼	yi	4	3
垽	yin	4	3
垾	han	4	0
垿	xu	4	6
埀	chui	2	10
埁	qin	2	1
埂	geng	3	51
埃	ai	1	834
埄	beng	3	0
埅	fang	2	0
埆	que	4	5
埇	yong	3	14
埈	jun	4	2
埉	jia	1	0
埊	di	4	0
埋	mai	2	2001
埌	lang	4	10
埍	juan	3	0
城	cheng	2	7812
埏	shan	1	2
埐	jin	1	1
埑	zhe	2	0
埒	lie	4	10
埓	lie	4	1
埔	bu	4	102
埕	cheng	2	20
埖	hua	1	6
埗	bu	4	0
埘	shi	2	11
埙	xun	1	37
埚	guo	1	8
埛	jiong	1	0
埜	ye	3	3
埝	nian	4	16
埞	di	1	0
域	yu	4	1643
埠	bu	4	258
埡	ya	1	4
埢	quan	2	3
埣	sui	4	2
埤	pi	2	5
埥	qing	1	2
埦	wan	3	0
埧	ju	4	3
埨	lun	3	0
埩	zheng	1	0
埪	kong	1	0
埫	tang	3	0
埬	dong	1	1
埭	dai	4	43
埮	tan	4	1
埯	an	3	3
埰	cai	4	1
埱	chu	4	0
埲	beng	3	2
埳	kan	3	1
埴	zhi	2	7
埵	duo	3	22
埶	yi	4	3
執	zhi	2	15
埸	yi	4	28
培	pei	2	1119
基	ji	1	3694
埻	zhun	3	3
埼	qi	2	8
埽	sao	4	8
埾	ju	4	0
埿	ni	2	0
堀	ku	1	34
堁	ke	4	1
堂	tang	2	3364
堃	kun	1	0
堄	ni	4	1
堅	jian	1	12
堆	dui	1	2183
堇	jin	3	62
堈	gang	1	1
堉	yu	4	7
堊	e	4	1
堋	peng	2	11
堌	gu	4	2
堍	tu	4	8
堎	leng	4	2
堏	fang	5	0
堐	ya	2	1
堑	qian	4	40
堒	kun	1	0
堓	an	4	0
堔	shen	1	2
堕	duo	4	272
堖	nao	3	0
堗	tu	1	0
堘	cheng	2	0
堙	yin	1	8
堚	hun	2	0
堛	bi	4	4
堜	lian	4	11
堝	guo	1	18
堞	die	2	12
堟	zhuan	4	0
堠	hou	4	8
堡	bao	3	873
堢	bao	3	0
堣	yu	2	7
堤	di	1	478
堥	mao	2	13
堦	jie	1	0
堧	ruan	2	4
堨	e	4	5
堩	geng	4	1
堪	kan	1	473
堫	zong	1	0
堬	yu	2	2
堭	huang	2	1
堮	e	4	1
堯	yao	2	6
堰	yan	4	191
報	bao	4	28
堲	ji	2	1
堳	mei	2	0
場	chang	3	30
堵	du	3	1280
堶	tuo	2	0
堷	yin	4	2
堸	feng	2	1
堹	zhong	4	0
堺	jie	4	12
堻	jin	1	0
堼	heng	4	0
堽	gang	1	2
堾	chun	1	0
堿	jian	3	3
塀	ping	2	0
塁	lei	3	1
塂	xiang	4	0
塃	huang	1	0
塄	leng	2	7
塅	duan	4	0
塆	wan	1	0
塇	xuan	1	0
塈	ji	4	1
塉	ji	2	0
塊	kuai	4	17
塋	ying	2	1
塌	ta	1	503
塍	cheng	2	27
塎	yong	3	0
塏	kai	3	0
塐	su	4	0
塑	su	4	439
塒	shi	2	8
塓	mi	4	0
塔	ta	3	3616
塕	weng	3	0
塖	cheng	2	0
塗	tu	2	10
塘	tang	2	1020
塙	que	4	2
塚	zhong	3	31
塛	li	4	0
塜	zhong	3	0
塝	bang	4	3
塞	sai	1	2504
塟	zang	4	0
塠	dui	1	0
塡	tian	2	1
塢	wu	4	2
塣	zheng	4	0
塤	xun	1	2
塥	ge	2	1
塦	zhen	4	0
塧	ai	4	0
塨	gong	1	4
塩	yan	2	4
塪	kan	3	0
填	tian	2	4606
塬	yuan	2	60
塭	wen	1	2
塮	xie	4	0
塯	liu	4	1
塰	hai	3	2
塱	lang	3	4
塲	chang	2	3
塳	peng	2	0
塴	beng	4	0
塵	chen	2	13
塶	lu	4	0
塷	lu	3	0
塸	ou	1	0
塹	qian	4	1
塺	mei	2	0
塻	mo	4	0
塼	zhuan	1	1
塽	shuang	3	3
塾	shu	2	64
塿	lou	3	2
墀	chi	2	25
墁	man	4	8
墂	biao	1	1
境	jing	4	761
墄	ce	4	0
墅	shu	4	132
墆	zhi	4	1
墇	zhang	4	0
墈	kan	4	3
墉	yong	1	36
墊	dian	4	4
墋	chen	3	1
墌	zhi	2	0
墍	xi	4	0
墎	guo	1	3
墏	qiang	3	2
墐	jin	4	2
墑	di	4	1
墒	shang	1	52
墓	mu	4	943
墔	cui	1	1
墕	yan	4	0
墖	ta	3	0
増	zeng	1	19
墘	qian	2	17
墙	qiang	2	2861
墚	liang	2	3
墛	wei	4	0
墜	zhui	4	22
墝	qiao	1	8
增	zeng	1	2658
墟	xu	1	110
墠	shan	4	7
墡	shan	4	3
墢	ba	2	0
墣	pu	2	3
墤	kuai	4	0
墥	dong	3	1
墦	fan	2	5
墧	que	4	0
墨	mo	4	1585
墩	dun	1	390
墪	dun	1	0
墫	zun	1	3
墬	di	4	6
墭	sheng	4	0
墮	duo	4	7
墯	duo	4	3
墰	tan	2	0
墱	deng	4	1
墲	mu	2	2
墳	fen	2	8
墴	huang	2	0
墵	tan	2	0
墶	da	5	0
墷	ye	4	0
墸	zhu	4	1
墹	jian	4	4
墺	ao	4	2
墻	qiang	2	5
墼	ji	1	7
墽	qiao	1	7
墾	ken	3	2
墿	yi	4	8
壀	pi	2	0
壁	bi	4	1041
壂	dian	4	1
壃	jiang	1	0
壄	ye	3	0
壅	yong	1	56
壆	xue	2	3
壇	tan	2	9
壈	lan	3	4
壉	ju	4	1
壊	huai	4	14
壋	dang	4	0
壌	rang	3	2
壍	qian	4	0
壎	xun	1	1
壏	xian	4	1
壐	xi	3	0
壑	he	4	96
壒	ai	4	8
壓	ya	1	16
壔	dao	3	1
壕	hao	2	64
壖	ruan	2	1
壗	jin	4	1
壘	lei	3	5
壙	kuang	4	3
壚	lu	2	1
壛	yan	2	1
壜	tan	2	2
壝	wei	3	2
壞	huai	4	40
壟	long	3	2
壠	long	3	0
壡	rui	4	0
壢	li	4	1
壣	lin	2	0
壤	rang	3	96
壥	chan	2	1
壦	xun	1	0
壧	yan	2	0
壨	lei	2	0
壩	ba	4	2
壪	wan	1	0
士	shi	4	2309
壬	ren	2	139
壭	san	5	0
壮	zhuang	4	1103
壯	zhuang	4	8
声	sheng	1	7169
壱	yi	1	2
売	mai	4	11
壳	ke	2	1521
壴	zhu	4	0
壵	zhuang	4	0
壶	hu	2	731
壷	hu	2	0
壸	kun	3	0
壹	yi	1	785
壺	hu	2	11
壻	xu	4	1
壼	kun	3	2
壽	shou	4	15
壾	mang	3	0
壿	zun	1	0
夀	shou	4	0
夁	yi	1	0
夂	zhi	3	32
夃	gu	3	116
处	chu	4	13722
夅	jiang	4	0
夆	feng	2	2
备	bei	4	1571
夈	zhai	1	0
変	bian	4	20
夊	sui	1	95
夋	qun	1	18
夌	ling	2	11
复	fu	4	2272
夎	cuo	4	10
夏	xia	4	4503
夐	xiong	4	20
夑	xie	4	0
夒	nao	2	2
夓	xia	4	0
夔	kui	2	71
夕	xi	1	663
外	wai	4	20471
夗	yuan	4	1
夘	mao	3	71
夙	su	4	62
多	duo	1	154137
夛	duo	1	6
夜	ye	4	5146
夝	qing	2	0
夞	wai	4	0
够	gou	4	14732
夠	gou	4	39
夡	qi	4	0
夢	meng	4	82
夣	meng	4	0
夤	yin	2	5
夥	huo	3	9
夦	chen	3	0
大	da	4	106058
夨	ze	4	0
天	tian	1	44055
太	tai	4	71180
夫	fu	1	2742
夬	guai	4	76
夭	yao	1	118
央	yang	1	435
夯	hang	1	135
夰	gao	3	0
失	shi	1	1804
夲	tao	1	84
夳	tai	4	0
头	tou	2	20243
夵	yan	3	0
夶	bi	3	0
夷	yi	2	424
夸	kua	1	1613
夹	jia	1	2332
夺	duo	2	1083
夻	hua	4	0
夼	kuang	3	10
夽	yun	3	0
夾	jia	1	16
夿	ba	1	0
奀	en	1	5
奁	lian	2	19
奂	huan	4	48
奃	di	1	0
奄	yan	3	41
奅	pao	4	1
奆	juan	4	0
奇	qi	2	2926
奈	nai	4	828
奉	feng	4	808
奊	xie	2	1
奋	fen	4	277
奌	dian	3	0
奍	quan	1	0
奎	kui	2	670
奏	zou	4	643
奐	huan	4	1
契	qi	4	295
奒	kai	1	0
奓	zha	1	2
奔	ben	1	1469
奕	yi	4	410
奖	jiang	3	4629
套	tao	4	7960
奘	zang	4	6
奙	ben	3	0
奚	xi	1	215
奛	huang	3	0
奜	fei	3	1
奝	diao	1	0
奞	xun	4	0
奟	beng	1	0
奠	dian	4	57
奡	ao	4	4
奢	she	1	136
奣	weng	3	1
奤	ha	3	0
奥	ao	4	5814
奦	wu	4	0
奧	ao	4	17
奨	jiang	3	3
奩	lian	2	1
奪	duo	2	9
奫	yun	1	1
奬	jiang	3	1
奭	shi	4	11
奮	fen	4	3
奯	huo	4	0
奰	bi	4	1
奱	luan	2	1
奲	duo	3	1
女	nv	3	22702
奴	nu	2	1077
奵	ding	3	0
奶	nai	3	2952
奷	qian	1	2
奸	jian	1	548
她	ta	1	204022
奺	jiu	3	0
奻	nuan	2	3
奼	cha	4	1
好	hao	3	378543
奾	xian	1	1
奿	fan	4	1
妀	ji	3	3
妁	shuo	4	6
如	ru	2	37936
妃	fei	1	806
妄	wang	4	267
妅	hong	2	1
妆	zhuang	1	849
妇	fu	4	620
妈	ma	1	9875
妉	dan	1	0
妊	ren	4	43
妋	fu	1	0
妌	jing	4	0
妍	yan	2	1097
妎	hai	4	1
妏	wen	4	8
妐	zhong	1	0
妑	pa	1	0
妒	du	4	141
妓	ji	4	242
妔	keng	1	0
妕	zhong	4	0
妖	yao	1	1653
妗	jin	4	19
妘	yun	2	2
妙	miao	4	1375
妚	fou	3	0
妛	chi	1	1
妜	yue	4	0
妝	zhuang	1	12
妞	niu	1	1474
妟	yan	4	0
妠	na	4	1
妡	xin	1	1
妢	fen	2	2
妣	bi	3	30
妤	yu	2	110
妥	tuo	3	361
妦	feng	1	1
妧	yuan	2	5
妨	fang	2	73
妩	wu	3	37
妪	yu	4	14
妫	gui	1	41
妬	du	4	2
妭	ba	2	0
妮	ni	1	1163
妯	zhou	2	13
妰	zhuo	2	0
妱	zhao	1	2
妲	da	2	51
妳	nai	3	1751
妴	yuan	4	6
妵	tou	3	5
妶	xian	2	9
妷	zhi	2	0
妸	e	1	0
妹	mei	4	2507
妺	mo	4	15
妻	qi	1	1463
妼	bi	4	12
妽	shen	1	6
妾	qie	4	427
妿	e	1	0
姀	he	2	6
姁	xu	3	4
姂	fa	2	0
姃	zheng	1	4
姄	min	2	0
姅	ban	4	2
姆	mu	3	752
姇	fu	1	5
姈	ling	2	2
姉	zi	3	2
姊	zi	3	93
始	shi	3	1371
姌	ran	3	2
姍	shan	1	3
姎	yang	1	2
姏	man	2	8
姐	jie	3	5089
姑	gu	1	592
姒	si	4	29
姓	xing	4	3576
委	wei	3	1840
姕	zi	1	0
姖	ju	4	34
姗	shan	1	125
姘	pin	1	57
姙	ren	4	4
姚	yao	2	2108
姛	dong	4	3
姜	jiang	1	2467
姝	shu	1	210
姞	ji	2	7
姟	gai	1	0
姠	xiang	4	5
姡	hua	2	2
姢	juan	1	0
姣	jiao	1	129
姤	gou	4	8
姥	lao	3	77
姦	jian	1	13
姧	jian	1	0
姨	yi	2	605
姩	nian	4	14
姪	zhi	2	7
姫	ji	1	11
姬	ji	1	1070
姭	xian	4	1
姮	heng	2	16
姯	guang	1	0
姰	jun	1	0
姱	kua	1	3
姲	yan	4	0
姳	ming	3	7
姴	lie	4	7
姵	pei	4	8
姶	e	4	1
姷	you	4	6
姸	yan	2	3
姹	cha	4	35
姺	shen	1	2
姻	yin	1	30
姼	shi	2	1
姽	gui	3	8
姾	quan	2	1
姿	zi	1	597
娀	song	1	5
威	wei	1	2373
娂	hong	2	0
娃	wa	2	1868
娄	lou	2	331
娅	ya	4	542
娆	rao	2	43
娇	jiao	1	926
娈	luan	2	20
娉	ping	1	59
娊	xian	4	3
娋	shao	4	0
娌	li	3	17
娍	cheng	2	0
娎	xie	4	0
娏	mang	2	1
娐	fu	1	0
娑	suo	1	66
娒	mei	2	0
娓	wei	3	30
娔	ke	4	0
娕	chuo	4	1
娖	chuo	4	2
娗	ting	3	1
娘	niang	2	3079
娙	xing	2	1
娚	nan	2	6
娛	yu	2	10
娜	na	4	1998
娝	pou	1	0
娞	nei	3	1
娟	juan	1	1004
娠	shen	1	6
娡	zhi	4	0
娢	han	2	0
娣	di	4	210
娤	zhuang	1	0
娥	e	2	525
娦	pin	2	0
娧	tui	4	0
娨	xian	4	0
娩	mian	3	12
娪	wu	2	0
娫	yan	2	0
娬	wu	3	0
娭	ai	1	2
娮	yan	2	2
娯	yu	2	2
娰	si	4	0
娱	yu	2	367
娲	wa	1	48
娳	li	4	1
娴	xian	2	267
娵	ju	1	1
娶	qu	3	1577
娷	zhui	4	1
娸	qi	1	3
娹	xian	2	0
娺	zhuo	2	0
娻	dong	1	0
娼	chang	1	128
娽	lu	4	0
娾	ai	3	4
娿	e	1	0
婀	e	1	21
婁	lou	2	9
婂	mian	2	25
婃	cong	2	18
婄	pou	3	11
婅	ju	2	0
婆	po	2	1035
婇	cai	3	11
婈	ling	2	1
婉	wan	3	545
婊	biao	3	40
婋	xiao	1	0
婌	shu	2	2
婍	qi	3	2
婎	hui	1	0
婏	fan	4	0
婐	wo	3	0
婑	rui	2	1
婒	tan	2	1
婓	fei	1	3
婔	fei	1	0
婕	jie	2	461
婖	tian	1	1
婗	ni	2	1
婘	quan	2	2
婙	jing	4	0
婚	hun	1	1425
婛	jing	1	1
婜	qian	1	1
婝	dian	4	0
婞	xing	4	5
婟	hu	4	0
婠	wan	1	29
婡	lai	2	0
婢	bi	4	67
婣	yin	1	0
婤	zhou	1	1
婥	chuo	4	8
婦	fu	4	10
婧	jing	4	285
婨	lun	2	0
婩	an	4	0
婪	lan	2	9
婫	kun	1	0
婬	yin	2	2
婭	ya	4	2
婮	ju	1	0
婯	li	4	0
婰	dian	3	1
婱	xian	2	0
婲	hua	1	0
婳	hua	4	0
婴	ying	1	328
婵	chan	2	145
婶	shen	3	193
婷	ting	2	961
婸	dang	4	1
婹	yao	3	0
婺	wu	4	34
婻	nan	4	1
婼	ruo	4	4
婽	jia	3	1
婾	tou	1	0
婿	xu	4	76
媀	yu	4	0
媁	wei	2	0
媂	di	4	0
媃	rou	2	1
媄	mei	3	7
媅	dan	1	0
媆	ruan	3	0
媇	qin	1	0
媈	hui	1	0
媉	wo	4	0
媊	qian	2	2
媋	chun	1	0
媌	miao	2	1
媍	fu	4	0
媎	jie	3	0
媏	duan	1	0
媐	yi	2	0
媑	zhong	4	0
媒	mei	2	433
媓	huang	2	2
媔	mian	2	3
媕	an	1	1
媖	ying	1	0
媗	xuan	1	1
媘	jie	1	0
媙	wei	1	0
媚	mei	4	730
媛	yuan	4	504
媜	zheng	1	2
媝	qiu	1	1
媞	shi	4	23
媟	xie	4	3
媠	tuo	3	0
媡	lian	4	0
媢	mao	4	2
媣	ran	3	0
媤	si	1	1
媥	pian	1	1
媦	wei	4	1
媧	wa	1	1
媨	cu	4	0
媩	hu	2	1
媪	ao	3	22
媫	jie	2	0
媬	bao	3	1
媭	xu	1	0
媮	tou	1	2
媯	gui	1	2
媰	chu	2	1
媱	yao	2	10
媲	pi	4	12
媳	xi	2	54
媴	yuan	2	3
媵	ying	4	10
媶	rong	2	2
媷	ru	4	4
媸	chi	1	8
媹	liu	2	5
媺	mei	3	13
媻	pan	2	11
媼	ao	3	20
媽	ma	1	36
媾	gou	4	20
媿	kui	4	10
嫀	qin	2	4
嫁	jia	4	1884
嫂	sao	3	451
嫃	zhen	1	0
嫄	yuan	2	9
嫅	jie	1	0
嫆	rong	2	4
嫇	ming	2	1
嫈	ying	1	1
嫉	ji	2	52
嫊	su	4	2
嫋	niao	3	1
嫌	xian	2	1751
嫍	tao	1	2
嫎	pang	2	0
嫏	lang	2	0
嫐	nao	3	8
嫑	bao	2	0
嫒	ai	4	29
嫓	pi	4	0
嫔	pin	2	110
嫕	yi	4	2
嫖	piao	2	326
嫗	yu	4	1
嫘	lei	2	6
嫙	xuan	2	1
嫚	man	1	24
嫛	yi	1	1
嫜	zhang	1	2
嫝	kang	1	0
嫞	yong	1	1
嫟	ni	4	3
嫠	li	2	5
嫡	di	2	69
嫢	gui	1	2
嫣	yan	1	301
嫤	jin	3	0
嫥	zhuan	1	1
嫦	chang	2	46
嫧	ze	2	0
嫨	han	1	2
嫩	nen	4	2645
嫪	lao	4	20
嫫	mo	2	26
嫬	zhe	1	5
嫭	hu	4	6
嫮	hu	4	4
嫯	ao	4	0
嫰	nen	4	0
嫱	qiang	2	24
嫲	ma	5	0
嫳	pie	4	2
嫴	gu	1	1
嫵	wu	3	3
嫶	qiao	2	1
嫷	tuo	3	1
嫸	zhan	3	1
嫹	miao	2	4
嫺	xian	2	1
嫻	xian	2	11
嫼	mo	4	0
嫽	liao	2	3
嫾	lian	2	0
嫿	hua	4	2
嬀	gui	1	0
嬁	deng	1	1
嬂	zhi	2	0
嬃	xu	1	1
嬄	yi	1	0
嬅	hua	4	43
嬆	xi	1	0
嬇	kui	4	0
嬈	rao	2	2
嬉	xi	1	116
嬊	yan	4	0
嬋	chan	2	2
嬌	jiao	1	9
嬍	mei	3	0
嬎	fan	4	0
嬏	fan	1	0
嬐	xian	1	1
嬑	yi	4	0
嬒	hui	4	0
嬓	jiao	4	0
嬔	fu	4	0
嬕	shi	4	0
嬖	bi	4	13
嬗	shan	4	11
嬘	sui	4	0
嬙	qiang	2	1
嬚	lian	3	0
嬛	huan	2	26
嬜	xin	1	0
嬝	niao	3	0
嬞	dong	3	1
嬟	yi	4	0
嬠	can	1	0
嬡	ai	4	8
嬢	niang	2	6
嬣	ning	2	1
嬤	ma	1	2
嬥	tiao	3	1
嬦	chou	2	0
嬧	jin	4	1
嬨	ci	2	4
嬩	yu	2	0
嬪	pin	2	23
嬫	rong	2	0
嬬	ru	2	18
嬭	nai	3	13
嬮	yan	1	13
嬯	tai	2	1
嬰	ying	1	7
嬱	qian	4	0
嬲	niao	3	277
嬳	yue	4	0
嬴	ying	2	95
嬵	mian	2	0
嬶	bi	2	7
嬷	mo	2	23
嬸	shen	3	3
嬹	xing	4	0
嬺	ni	4	0
嬻	du	2	0
嬼	liu	3	0
嬽	yuan	1	1
嬾	lan	3	3
嬿	yan	4	17
孀	shuang	1	12
孁	ling	2	0
孂	jiao	3	0
孃	niang	2	15
孄	lan	3	0
孅	xian	1	2
孆	ying	1	0
孇	shuang	1	2
孈	hui	4	0
孉	quan	2	0
孊	mi	3	0
孋	li	2	2
孌	luan	2	1
孍	yan	2	0
孎	zhu	2	1
孏	lan	3	0
子	zi	3	19769
孑	jie	2	120
孒	jue	2	0
孓	jue	2	110
孔	kong	3	3045
孕	yun	4	578
孖	ma	1	18
字	zi	4	16750
存	cun	2	4982
孙	sun	1	5484
孚	fu	2	159
孛	bei	4	28
孜	zi	1	122
孝	xiao	4	1132
孞	xin	4	0
孟	meng	4	2172
孠	si	4	0
孡	tai	1	0
孢	bao	1	72
季	ji	4	2300
孤	gu	1	1092
孥	nu	2	8
学	xue	2	28803
孧	you	4	0
孨	zhuan	3	0
孩	hai	2	863
孪	luan	2	20
孫	sun	1	27
孬	nao	1	93
孭	mie	1	0
孮	cong	2	2
孯	qian	1	0
孰	shu	2	459
孱	chan	2	9
孲	ya	1	1
孳	zi	1	8
孴	ni	3	0
孵	fu	1	74
孶	zi	1	0
孷	li	2	0
學	xue	2	85
孹	bo	4	0
孺	ru	2	57
孻	nai	2	1
孼	nie	4	1
孽	nie	4	197
孾	ying	1	0
孿	luan	2	1
宀	mian	2	83
宁	ning	2	3897
宂	rong	3	0
它	ta	1	58897
宄	gui	3	6
宅	zhai	2	1101
宆	qiong	2	0
宇	yu	3	2482
守	shou	3	3290
安	an	1	11597
宊	tu	1	0
宋	song	4	4081
完	wan	2	24072
宍	rou	4	3
宎	yao	3	0
宏	hong	2	2665
宐	yi	2	0
宑	jing	3	0
宒	zhun	1	1
宓	mi	4	69
宔	zhu	3	0
宕	dang	4	86
宖	hong	2	0
宗	zong	1	2593
官	guan	1	4437
宙	zhou	4	106
定	ding	4	14898
宛	wan	3	290
宜	yi	2	2457
宝	bao	3	5580
实	shi	2	3087
実	shi	2	12
宠	chong	3	1156
审	shen	3	993
客	ke	4	4081
宣	xuan	1	1075
室	shi	4	5463
宥	you	4	53
宦	huan	4	85
宧	yi	2	2
宨	tiao	3	3
宩	shi	3	0
宪	xian	4	525
宫	gong	1	2702
宬	cheng	2	8
宭	qun	2	1
宮	gong	1	53
宯	xiao	1	0
宰	zai	3	836
宱	zha	4	0
宲	bao	3	0
害	hai	4	2854
宴	yan	4	533
宵	xiao	1	200
家	jia	1	52256
宷	shen	3	0
宸	chen	2	163
容	rong	2	2278
宺	huang	3	0
宻	mi	4	0
宼	kou	4	0
宽	kuan	1	3177
宾	bin	1	813
宿	su	4	664
寀	cai	3	3
寁	zan	3	1
寂	ji	4	307
寃	yuan	1	2
寄	ji	4	4492
寅	yin	2	273
密	mi	4	2338
寇	kou	4	397
寈	qing	1	0
寉	he	4	1
寊	zhen	1	1
寋	jian	4	0
富	fu	4	3549
寍	ning	2	3
寎	bing	4	2
寏	huan	2	0
寐	mei	4	137
寑	qin	3	9
寒	han	2	4520
寓	yu	4	247
寔	shi	2	15
寕	ning	2	0
寖	jin	4	4
寗	ning	2	6
寘	zhi	4	6
寙	yu	3	2
寚	bao	3	0
寛	kuan	1	19
寜	ning	2	0
寝	qin	3	381
寞	mo	4	52
察	cha	2	507
寠	ju	4	10
寡	gua	3	305
寢	qin	3	10
寣	hu	1	120
寤	wu	4	24
寥	liao	2	54
實	shi	2	48
寧	ning	2	25
寨	zhai	4	724
審	shen	3	14
寪	wei	3	20
寫	xie	3	77
寬	kuan	1	16
寭	hui	4	0
寮	liao	2	142
寯	jun	4	5
寰	huan	2	152
寱	yi	4	1
寲	yi	2	10
寳	bao	3	15
寴	qin	1	0
寵	chong	3	12
寶	bao	3	44
寷	feng	1	0
寸	cun	4	3068
对	dui	4	279642
寺	si	4	2001
寻	xun	2	2300
导	dao	3	2043
寽	lv	4	0
対	dui	4	18
寿	shou	4	1058
尀	po	3	0
封	feng	1	6204
専	zhuan	1	6
尃	fu	1	1
射	she	4	2318
尅	ke	4	444
将	jiang	1	119239
將	jiang	1	360
專	zhuan	1	15
尉	wei	4	160
尊	zun	1	1653
尋	xun	2	20
尌	shu	4	1
對	dui	4	576
導	dao	3	15
小	xiao	3	92013
尐	jie	2	121
少	shao	3	31117
尒	er	3	9
尓	er	3	109
尔	er	3	2729
尕	ga	3	72
尖	jian	1	1070
尗	shu	1	0
尘	chen	2	1493
尙	shang	4	7
尚	shang	4	3912
尛	mo	2	0
尜	ga	2	6
尝	chang	2	1032
尞	liao	4	2
尟	xian	3	1
尠	xian	3	4
尡	kun	5	0
尢	wang	1	79
尣	wang	1	0
尤	you	2	1339
尥	liao	4	8
尦	liao	4	0
尧	yao	2	737
尨	mang	2	7
尩	wang	1	0
尪	wang	1	4
尫	wang	1	0
尬	ga	4	231
尭	yao	2	2
尮	duo	4	0
尯	kui	4	0
尰	zhong	3	5
就	jiu	4	558432
尲	gan	1	0
尳	gu	3	1
尴	gan	1	13
尵	tui	2	0
尶	gan	1	0
尷	gan	1	1
尸	shi	1	766
尹	yin	3	1459
尺	chi	3	764
尻	kao	1	181
尼	ni	2	2504
尽	jin	3	4781
尾	wei	3	859
尿	niao	4	1791
局	ju	2	7098
屁	pi	4	2822
层	ceng	2	6480
屃	xi	4	0
屄	bi	1	291
居	ju	1	2926
屆	jie	4	14
屇	tian	2	3
屈	qu	1	973
屉	ti	4	58
届	jie	4	2341
屋	wu	1	2421
屌	diao	3	556
屍	shi	1	11
屎	shi	3	1170
屏	ping	2	1954
屐	ji	1	32
屑	xie	4	261
屒	zhen	3	0
屓	xie	4	1
屔	ni	2	0
展	zhan	3	3377
屖	xi	1	0
屗	wei	3	0
屘	man	3	0
屙	e	1	83
屚	lou	4	0
屛	ping	2	2
屜	ti	4	1
屝	fei	4	3
属	shu	3	4306
屟	xie	4	0
屠	tu	2	414
屡	lv	3	554
屢	lv	3	8
屣	xi	3	15
層	ceng	2	12
履	lv	3	286
屦	ju	4	12
屧	xie	4	2
屨	ju	4	1
屩	jue	1	1
屪	liao	2	0
屫	jue	2	0
屬	shu	3	35
屭	xi	4	2
屮	che	4	0
屯	tun	2	680
屰	ni	4	0
山	shan	1	10951
屲	wa	1	0
屳	xian	1	0
屴	li	4	1
屵	e	4	0
屶	hui	4	123
屷	hui	4	0
屸	long	2	0
屹	yi	4	74
屺	qi	3	11
屻	ren	4	3
屼	wu	4	27
屽	han	4	0
屾	shen	1	34
屿	yu	3	154
岀	chu	1	0
岁	sui	4	10074
岂	qi	3	503
岃	ren	4	0
岄	yue	4	0
岅	ban	3	0
岆	yao	3	6
岇	ang	2	0
岈	ya	2	5
岉	wu	4	1
岊	jie	2	2
岋	e	4	6
岌	ji	2	8
岍	qian	1	3
岎	fen	2	0
岏	wan	2	1
岐	qi	2	191
岑	cen	2	332
岒	qian	2	1
岓	qi	2	0
岔	cha	4	161
岕	jie	4	4
岖	qu	1	5
岗	gang	3	1288
岘	xian	4	27
岙	ao	4	74
岚	lan	2	648
岛	dao	3	3026
岜	ba	1	17
岝	zuo	4	0
岞	zuo	4	0
岟	yang	3	0
岠	ju	4	3
岡	gang	1	11
岢	ke	3	16
岣	gou	3	12
岤	xue	2	1
岥	po	1	1
岦	li	4	1
岧	tiao	2	2
岨	qu	1	2
岩	yan	2	2003
岪	fu	2	1
岫	xiu	4	79
岬	jia	3	24
岭	ling	3	1178
岮	tuo	2	0
岯	pi	2	1
岰	ao	4	1
岱	dai	4	195
岲	kuang	4	0
岳	yue	4	1265
岴	qu	1	0
岵	hu	4	4
岶	po	4	0
岷	min	2	60
岸	an	4	1036
岹	tiao	2	0
岺	ling	2	2
岻	chi	2	0
岼	ping	2	2
岽	dong	1	6
岾	han	4	0
岿	kui	1	24
峀	xiu	4	0
峁	mao	3	21
峂	tong	2	0
峃	xue	2	0
峄	yi	4	17
峅	bian	4	0
峆	he	2	0
峇	ba	1	17
峈	luo	4	2
峉	e	4	1
峊	fu	4	1
峋	xun	2	9
峌	die	2	1
峍	lu	4	0
峎	en	3	2
峏	er	2	1
峐	gai	1	0
峑	quan	1	0
峒	dong	4	26
峓	yi	2	1
峔	mu	3	0
峕	shi	2	0
峖	an	1	1
峗	wei	2	1
峘	huan	2	1
峙	zhi	4	52
峚	mi	4	0
峛	lie	4	1
峜	ji	4	0
峝	tong	2	0
峞	wei	2	1
峟	you	4	5
峠	qia	3	1
峡	xia	2	340
峢	li	3	0
峣	yao	2	0
峤	jiao	4	31
峥	zheng	1	141
峦	luan	2	109
峧	jiao	1	0
峨	e	2	100
峩	e	2	65
峪	yu	4	224
峫	xie	2	0
峬	bu	1	1
峭	qiao	4	55
峮	qun	1	1
峯	feng	1	5
峰	feng	1	3510
峱	nao	2	0
峲	li	3	0
峳	you	2	0
峴	xian	4	1
峵	rong	2	0
島	dao	3	35
峷	shen	1	1
峸	cheng	2	1
峹	tu	2	1
峺	geng	3	0
峻	jun	4	313
峼	gao	4	0
峽	xia	2	3
峾	yin	2	0
峿	wu	2	1
崀	lang	4	9
崁	kan	4	4
崂	lao	2	11
崃	lai	2	6
崄	xian	3	0
崅	que	4	0
崆	kong	1	11
崇	chong	2	675
崈	chong	2	0
崉	ta	4	0
崊	lin	2	0
崋	hua	4	2
崌	ju	1	5
崍	lai	2	2
崎	qi	2	241
崏	min	2	6
崐	kun	1	0
崑	kun	1	21
崒	zu	2	19
崓	gu	4	0
崔	cui	1	1836
崕	ya	2	24
崖	ya	2	523
崗	gang	3	12
崘	lun	2	12
崙	lun	2	7
崚	leng	2	3
崛	jue	2	34
崜	duo	1	0
崝	zheng	1	5
崞	guo	1	5
崟	yin	2	7
崠	dong	1	4
崡	han	2	0
崢	zheng	1	4
崣	wei	3	5
崤	xiao	2	6
崥	pi	2	11
崦	yan	1	11
崧	song	1	48
崨	jie	2	6
崩	beng	1	561
崪	zu	2	0
崫	ku	1	0
崬	dong	1	0
崭	zhan	3	17
崮	gu	4	28
崯	yin	2	0
崰	zi	1	7
崱	ze	4	7
崲	huang	2	5
崳	yu	2	3
崴	wai	3	104
崵	yang	2	5
崶	feng	1	6
崷	qiu	2	2
崸	yang	2	2
崹	ti	2	9
崺	yi	3	4
崻	zhi	4	0
崼	shi	4	8
崽	zai	3	286
崾	yao	4	11
崿	e	4	2
嵀	zhu	4	1
嵁	kan	1	6
嵂	lv	4	4
嵃	yan	3	3
嵄	mei	3	0
嵅	han	2	0
嵆	ji	1	0
嵇	ji	1	45
嵈	huan	4	0
嵉	ting	2	1
嵊	sheng	4	12
嵋	mei	2	14
嵌	qian	4	318
嵍	wu	4	0
嵎	yu	2	8
嵏	zong	1	0
嵐	lan	2	9
嵑	ke	3	0
嵒	yan	2	1
嵓	yan	2	1
嵔	wei	3	0
嵕	zong	1	2
嵖	cha	2	0
嵗	sui	4	0
嵘	rong	2	60
嵙	ke	1	1
嵚	qin	1	0
嵛	yu	2	22
嵜	qi	2	1
嵝	lou	3	5
嵞	tu	2	1
嵟	dui	1	0
嵠	xi	1	0
嵡	weng	3	0
嵢	cang	1	0
嵣	dang	4	0
嵤	rong	2	0
嵥	jie	2	1
嵦	kai	3	0
嵧	liu	2	3
嵨	wu	4	1
嵩	song	1	182
嵪	qiao	1	0
嵫	zi	1	5
嵬	wei	2	18
嵭	beng	1	0
嵮	dian	1	0
嵯	cuo	2	8
嵰	qian	3	0
嵱	yong	3	0
嵲	nie	4	1
嵳	cuo	2	0
嵴	ji	3	26
嵵	shi	2	0
嵶	ruo	4	0
嵷	song	3	0
嵸	zong	1	0
嵹	jiang	4	0
嵺	liao	2	1
嵻	kang	1	0
嵼	chan	3	1
嵽	die	2	1
嵾	cen	1	0
嵿	ding	3	2
嶀	tu	1	0
嶁	lou	3	1
嶂	zhang	4	44
嶃	zhan	3	0
嶄	zhan	3	5
嶅	ao	2	0
嶆	cao	2	12
嶇	qu	1	14
嶈	qiang	1	15
嶉	cui	1	9
嶊	zui	3	1
嶋	dao	3	10
嶌	dao	3	2
嶍	xi	2	1
嶎	yu	4	0
嶏	pei	4	0
嶐	long	2	0
嶑	xiang	4	0
嶒	ceng	2	4
嶓	bo	1	2
嶔	qin	1	1
嶕	jiao	1	1
嶖	yan	1	0
嶗	lao	2	0
嶘	zhan	4	0
嶙	lin	2	11
嶚	liao	2	0
嶛	liao	2	0
嶜	jin	1	0
嶝	deng	4	6
嶞	duo	4	1
嶟	zun	1	1
嶠	jiao	4	1
嶡	gui	4	0
嶢	yao	2	2
嶣	jiao	1	0
嶤	yao	2	0
嶥	jue	2	0
嶦	shan	4	0
嶧	yi	4	0
嶨	xue	2	0
嶩	nao	2	1
嶪	ye	4	1
嶫	ye	4	0
嶬	yi	2	0
嶭	nie	4	0
嶮	xian	3	1
嶯	ji	2	1
嶰	xie	4	2
嶱	ke	3	0
嶲	xi	1	3
嶳	di	4	0
嶴	ao	4	1
嶵	zui	3	1
嶶	wei	1	0
嶷	yi	2	28
嶸	rong	2	1
嶹	dao	3	1
嶺	ling	3	7
嶻	jie	2	0
嶼	yu	3	3
嶽	yue	4	3
嶾	yin	3	0
嶿	ru	5	0
巀	jie	2	0
巁	li	4	0
巂	gui	1	3
巃	long	2	2
巄	long	2	0
巅	dian	1	65
巆	rong	2	0
巇	xi	1	1
巈	ju	2	0
巉	chan	2	4
巊	ying	3	0
巋	kui	1	1
巌	yan	2	3
巍	wei	1	199
巎	nao	2	0
巏	quan	2	0
巐	chao	3	0
巑	cuan	2	1
巒	luan	2	2
巓	dian	1	1
巔	dian	1	2
巕	nie	4	1
巖	yan	2	5
巗	yan	2	0
巘	yan	3	3
巙	kui	2	0
巚	yan	3	0
巛	chuan	1	37
巜	kuai	4	0
川	chuan	1	2883
州	zhou	1	3193
巟	huang	1	2
巠	jing	1	1
巡	xun	2	400
巢	chao	2	491
巣	chao	2	1
巤	lie	4	0
工	gong	1	5450
左	zuo	3	7716
巧	qiao	3	2001
巨	ju	4	2292
巩	gong	3	268
巪	ju	4	0
巫	wu	1	470
巬	pu	5	0
巭	pu	5	0
差	cha	4	16939
巯	qiu	2	10
巰	qiu	2	1
己	ji	3	1476
已	yi	3	43347
巳	si	4	229
巴	ba	1	3193
巵	zhi	1	1
巶	zhao	1	0
巷	xiang	4	800
巸	yi	2	0
巹	jin	3	2
巺	xun	4	0
巻	juan	4	7
巼	ba	1	0
巽	xun	4	94
巾	jin	1	276
巿	fu	2	179
帀	za	1	0
币	bi	4	2376
市	shi	4	18050
布	bu	4	4781
帄	ding	1	3
帅	shuai	4	6051
帆	fan	1	619
帇	nie	4	0
师	shi	1	4963
帉	fen	1	0
帊	pa	4	8
帋	zhi	3	52
希	xi	1	1784
帍	hu	4	0
帎	dan	4	12
帏	wei	2	42
帐	zhang	4	2156
帑	tang	3	7
帒	dai	4	0
帓	mo	4	0
帔	pei	4	6
帕	pa	4	1079
帖	tie	1	5721
帗	bo	1	5
帘	lian	2	530
帙	zhi	4	18
帚	zhou	3	30
帛	bo	2	120
帜	zhi	4	33
帝	di	4	1718
帞	mo	4	0
帟	yi	4	3
帠	yi	4	2
帡	ping	2	4
帢	qia	4	2
帣	juan	3	1
帤	ru	2	2
帥	shuai	4	37
带	dai	4	38459
帧	zhen	1	857
帨	shui	4	4
帩	qiao	4	2
帪	zhen	1	0
師	shi	1	51
帬	qun	2	0
席	xi	2	869
帮	bang	1	30125
帯	dai	4	8
帰	gui	1	2
帱	chou	2	1
帲	ping	2	0
帳	zhang	4	12
帴	san	4	3
帵	wan	1	0
帶	dai	4	79
帷	wei	2	67
常	chang	2	7630
帹	sha	4	0
帺	qi	2	0
帻	ze	2	7
帼	guo	2	19
帽	mao	4	810
帾	du	3	2
帿	hou	2	2
幀	zheng	4	4
幁	xu	1	1
幂	mi	4	74
幃	wei	2	8
幄	wo	4	26
幅	fu	2	935
幆	yi	4	0
幇	bang	1	9
幈	ping	2	0
幉	die	2	0
幊	gong	1	5
幋	pan	2	8
幌	huang	3	51
幍	tao	1	2
幎	mi	4	2
幏	jia	4	5
幐	teng	2	0
幑	hui	1	0
幒	zhong	1	0
幓	shan	1	5
幔	man	4	81
幕	mu	4	654
幖	biao	1	0
幗	guo	2	7
幘	ze	2	7
幙	mu	4	2
幚	bang	1	0
幛	zhang	4	25
幜	jing	3	1
幝	chan	3	0
幞	fu	2	10
幟	zhi	4	2
幠	hu	1	1
幡	fan	1	81
幢	chuang	2	587
幣	bi	4	5
幤	bi	4	1
幥	zhang	3	0
幦	mi	4	1
幧	qiao	1	1
幨	chan	1	1
幩	fen	2	1
幪	meng	2	2
幫	bang	1	48
幬	chou	2	1
幭	mie	4	0
幮	chu	2	1
幯	jie	2	1
幰	xian	3	2
幱	lan	2	0
干	gan	4	22116
平	ping	2	8010
年	nian	2	105268
幵	jian	1	21
并	bing	4	79035
幷	bing	4	33
幸	xing	4	881
幹	gan	4	73
幺	yao	1	491
幻	huan	4	981
幼	you	4	825
幽	you	1	1647
幾	ji	3	44
广	guang	3	3745
庀	pi	3	8
庁	ting	1	2
庂	ze	4	1
広	guang	3	10
庄	zhuang	1	3153
庅	mo	2	0
庆	qing	4	2119
庇	bi	4	93
庈	qin	2	1
庉	dun	4	1
床	chuang	2	3976
庋	gui	3	8
庌	ya	3	1
庍	bai	4	1
庎	jie	4	0
序	xu	4	828
庐	lu	2	198
庑	wu	3	25
庒	zhuang	1	0
库	ku	4	5650
应	ying	1	20243
底	di	3	5497
庖	pao	2	25
店	dian	4	11612
庘	ya	1	0
庙	miao	4	1053
庚	geng	1	729
庛	ci	4	3
府	fu	3	1757
庝	tong	2	0
庞	pang	2	706
废	fei	4	1723
庠	xiang	2	24
庡	yi	3	0
庢	zhi	4	29
庣	tiao	1	18
庤	zhi	4	10
庥	xiu	1	13
度	du	4	11468
座	zuo	4	4409
庨	xiao	1	15
庩	tu	2	0
庪	gui	3	1
庫	ku	4	15
庬	mang	2	1
庭	ting	2	1513
庮	you	3	2
庯	bu	1	0
庰	bing	4	1
庱	cheng	3	1
庲	lai	2	1
庳	bi	4	2
庴	ji	2	1
庵	an	1	347
庶	shu	4	123
康	kang	1	3377
庸	yong	1	285
庹	tuo	3	32
庺	song	1	0
庻	shu	4	0
庼	qing	3	0
庽	yu	4	0
庾	yu	3	48
庿	miao	4	0
廀	sou	1	0
廁	ce	4	3
廂	xiang	1	2
廃	fei	4	1
廄	jiu	4	1
廅	e	4	1
廆	wei	3	4
廇	liu	4	1
廈	sha	4	3
廉	lian	2	490
廊	lang	2	318
廋	sou	1	15
廌	zhi	4	2
廍	bu	4	0
廎	qing	3	1
廏	jiu	4	0
廐	jiu	4	0
廑	jin	3	4
廒	ao	2	7
廓	kuo	4	100
廔	lou	2	2
廕	yin	4	5
廖	liao	4	1463
廗	dai	4	0
廘	lu	4	1
廙	yi	4	3
廚	chu	2	3
廛	chan	2	12
廜	tu	2	1
廝	si	1	2
廞	xin	1	1
廟	miao	4	10
廠	chang	3	15
廡	wu	3	2
廢	fei	4	12
廣	guang	3	25
廤	ku	4	0
廥	kuai	4	0
廦	bi	4	1
廧	qiang	2	0
廨	xie	4	12
廩	lin	3	2
廪	lin	3	22
廫	liao	2	0
廬	lu	2	6
廭	ji	4	0
廮	ying	3	1
廯	xian	1	1
廰	ting	1	2
廱	yong	1	1
廲	li	2	1
廳	ting	1	9
廴	yin	3	61
廵	xun	2	0
延	yan	2	1233
廷	ting	2	769
廸	di	2	1
廹	pai	3	0
建	jian	4	9016
廻	hui	2	7
廼	nai	3	3
廽	hui	2	0
廾	gong	3	0
廿	nian	4	355
开	kai	1	54927
弁	bian	4	54
异	yi	4	1249
弃	qi	4	920
弄	nong	4	24374
弅	fen	4	1
弆	ju	3	0
弇	yan	3	6
弈	yi	4	122
弉	zang	4	1
弊	bi	4	451
弋	yi	4	175
弌	yi	1	75
弍	er	4	72
弎	san	1	0
式	shi	4	11075
弐	er	4	3
弑	shi	4	97
弒	shi	4	8
弓	gong	1	1436
弔	diao	4	74
引	yin	3	4195
弖	hu	4	119
弗	fu	2	655
弘	hong	2	797
弙	wu	1	0
弚	tui	2	1
弛	chi	2	136
弜	jiang	4	0
弝	ba	4	1
弞	shen	3	0
弟	di	4	1203
张	zhang	1	27300
弡	jue	2	0
弢	tao	1	17
弣	fu	3	1
弤	di	3	0
弥	mi	2	421
弦	xian	2	1029
弧	hu	2	237
弨	chao	1	2
弩	nu	3	253
弪	jing	4	12
弫	zhen	3	0
弬	yi	2	0
弭	mi	3	26
弮	quan	1	5
弯	wan	1	1244
弰	shao	1	2
弱	ruo	4	3273
弲	xuan	1	0
弳	jing	4	4
弴	diao	1	5
張	zhang	1	92
弶	jiang	4	10
強	qiang	2	66
弸	peng	2	7
弹	dan	4	1988
强	qiang	2	19428
弻	bi	4	0
弼	bi	4	113
弽	she	4	0
弾	dan	4	14
弿	jian	3	0
彀	gou	4	13
彁	ge	1	12
彂	fa	1	0
彃	bi	4	9
彄	kou	1	4
彅	jian	3	5
彆	bie	4	1
彇	xiao	1	0
彈	dan	4	20
彉	guo	1	4
彊	jiang	4	6
彋	hong	2	1
彌	mi	2	8
彍	guo	1	0
彎	wan	1	12
彏	jue	2	1
彐	ji	4	87
彑	ji	4	112
归	gui	1	3754
当	dang	1	52846
彔	lu	4	3
录	lu	4	2662
彖	tuan	4	19
彗	hui	4	44
彘	zhi	4	32
彙	hui	4	3
彚	hui	4	0
彛	yi	2	5
彜	yi	2	3
彝	yi	2	139
彞	yi	2	0
彟	yue	1	0
彠	yue	1	0
彡	shan	1	87
形	xing	2	2865
彣	wen	2	0
彤	tong	2	434
彥	yan	4	13
彦	yan	4	946
彧	yu	4	59
彨	chi	1	0
彩	cai	3	2127
彪	biao	1	786
彫	diao	1	2
彬	bin	1	967
彭	peng	2	2213
彮	yong	3	0
彯	piao	1	1
彰	zhang	1	230
影	ying	3	3209
彲	chi	1	0
彳	chi	4	84
彴	zhuo	2	9
彵	tuo	3	0
彶	ji	2	4
彷	pang	2	18
彸	zhong	1	1
役	yi	4	296
彺	wang	2	0
彻	che	4	318
彼	bi	3	847
彽	di	1	1
彾	ling	2	3
彿	fu	2	3
往	wang	3	10406
征	zheng	1	1502
徂	cu	2	20
徃	wang	3	6
径	jing	4	596
待	dai	4	6914
徆	xi	1	1
徇	xun	4	38
很	hen	3	160208
徉	yang	2	24
徊	huai	2	45
律	lv	4	756
後	hou	4	2787
徍	wang	3	0
徎	cheng	3	0
徏	zhi	4	0
徐	xu	2	5191
徑	jing	4	4
徒	tu	2	614
従	cong	2	13
徔	zhi	5	0
徕	lai	2	35
徖	cong	2	0
得	de	2	75568
徘	pai	2	26
徙	xi	3	104
徚	dong	1	0
徛	ji	4	2
徜	chang	2	16
徝	zhi	4	0
從	cong	2	378
徟	zhou	1	0
徠	lai	2	1
御	yu	4	924
徢	xie	4	0
徣	jie	4	0
徤	jian	4	0
徥	shi	4	2
徦	jia	3	3
徧	bian	4	0
徨	huang	2	27
復	fu	4	27
循	xun	2	363
徫	wei	3	1
徬	pang	2	3
徭	yao	2	15
微	wei	1	2970
徯	xi	1	2
徰	zheng	1	0
徱	piao	4	0
徲	ti	2	1
徳	de	2	41
徴	zheng	1	6
徵	zhi	3	86
徶	bie	2	0
德	de	2	7178
徸	chong	1	0
徹	che	4	12
徺	jiao	3	0
徻	hui	4	2
徼	jiao	4	20
徽	hui	1	398
徾	mei	2	1
徿	long	4	1
忀	xiang	1	1
忁	bao	4	0
忂	qu	2	0
心	xin	1	20168
忄	xin	5	97
必	bi	4	3878
忆	yi	4	765
忇	le	4	0
忈	ren	2	0
忉	dao	1	21
忊	ding	4	0
忋	gai	3	0
忌	ji	4	840
忍	ren	3	2612
忎	ren	2	0
忏	chan	4	46
忐	tan	3	5
忑	te	4	14
忒	te	4	425
忓	gan	1	0
忔	qi	4	22
忕	shi	4	12
忖	cun	3	44
志	zhi	4	3436
忘	wang	4	4829
忙	mang	2	29641
忚	xi	1	0
忛	fan	1	0
応	ying	1	6
忝	tian	3	38
忞	min	2	50
忟	wen	3	0
忠	zhong	1	2098
忡	chong	1	14
忢	wu	4	0
忣	ji	2	5
忤	wu	3	38
忥	xi	4	3
忦	jia	2	0
忧	you	1	880
忨	wan	4	1
忩	cong	1	0
忪	song	1	11
快	kuai	4	48011
忬	yu	4	0
忭	bian	4	7
忮	zhi	4	16
忯	qi	2	1
忰	cui	4	1
忱	chen	2	66
忲	tai	4	0
忳	tun	2	2
忴	qian	2	2
念	nian	4	4327
忶	hun	2	0
忷	xiong	1	1
忸	niu	3	17
忹	kuang	2	0
忺	xian	1	2
忻	xin	1	131
忼	kang	1	0
忽	hu	1	968
忾	kai	4	8
忿	fen	4	61
怀	huai	2	1932
态	tai	4	883
怂	song	3	123
怃	wu	3	19
怄	ou	4	19
怅	chang	4	54
怆	chuang	4	29
怇	ju	4	0
怈	yi	4	0
怉	bao	3	0
怊	chao	1	3
怋	min	2	0
怌	pei	1	0
怍	zuo	4	11
怎	zen	3	1920
怏	yang	4	7
怐	ju	4	1
怑	ban	4	1
怒	nu	4	2622
怓	nao	2	1
怔	zheng	1	178
怕	pa	4	22787
怖	bu	4	72
怗	tie	1	2
怘	hu	4	0
怙	hu	4	20
怚	ju	4	1
怛	da	2	48
怜	lian	2	498
思	si	1	4404
怞	chou	2	1
怟	di	4	0
怠	dai	4	77
怡	yi	2	1103
怢	tu	1	1
怣	you	2	0
怤	fu	1	1
急	ji	2	7980
怦	peng	1	10
性	xing	4	24434
怨	yuan	4	968
怩	ni	2	16
怪	guai	4	13739
怫	fu	2	4
怬	xi	4	0
怭	bi	4	1
怮	you	1	2
怯	qie	4	158
怰	xuan	4	0
怱	cong	1	3
怲	bing	3	1
怳	huang	3	5
怴	xu	4	1
怵	chu	4	55
怶	bi	4	0
怷	shu	4	0
怸	xi	1	0
怹	tan	1	5
怺	yong	3	4
总	zong	3	28517
怼	dui	4	16
怽	mo	5	0
怾	zhi	3	0
怿	yi	4	23
恀	shi	4	2
恁	nen	4	267
恂	xun	2	24
恃	shi	4	121
恄	xi	4	1
恅	lao	3	2
恆	heng	2	16
恇	kuang	1	1
恈	mou	2	0
恉	zhi	3	2
恊	xie	2	1
恋	lian	4	1521
恌	tiao	1	1
恍	huang	3	102
恎	die	2	0
恏	hao	4	0
恐	kong	3	985
恑	gui	3	0
恒	heng	2	1589
恓	xi	1	1
恔	jiao	3	1
恕	shu	4	203
恖	si	1	0
恗	hu	1	0
恘	qiu	1	0
恙	yang	4	57
恚	hui	4	26
恛	hui	2	3
恜	chi	4	0
恝	jia	2	5
恞	yi	2	1
恟	xiong	1	1
恠	guai	4	6
恡	lin	4	0
恢	hui	1	91
恣	zi	4	62
恤	xu	4	585
恥	chi	3	6
恦	shang	4	0
恧	nv	4	4
恨	hen	4	4102
恩	en	1	162015
恪	ke	4	113
恫	dong	4	24
恬	tian	2	162
恭	gong	1	432
恮	quan	1	1
息	xi	1	1027
恰	qia	4	755
恱	yue	4	0
恲	peng	1	0
恳	ken	3	73
恴	de	2	0
恵	hui	4	14
恶	e	4	7036
恷	xiao	5	1
恸	tong	4	37
恹	yan	1	53
恺	kai	3	159
恻	ce	4	31
恼	nao	3	283
恽	yun	4	41
恾	mang	2	0
恿	yong	3	9
悀	yong	3	0
悁	yuan	1	3
悂	pi	1	0
悃	kun	3	17
悄	qiao	1	128
悅	yue	4	9
悆	yu	4	9
悇	tu	2	6
悈	jie	4	2
悉	xi	1	361
悊	zhe	2	8
悋	lin	4	1
悌	ti	4	26
悍	han	4	139
悎	hao	4	14
悏	qie	4	0
悐	ti	4	2
悑	bu	4	0
悒	yi	4	24
悓	qian	4	0
悔	hui	3	367
悕	xi	1	15
悖	bei	4	54
悗	man	2	22
悘	yi	1	0
悙	heng	1	0
悚	song	3	24
悛	quan	1	10
悜	cheng	3	20
悝	kui	1	8
悞	wu	4	0
悟	wu	4	812
悠	you	1	503
悡	li	2	0
悢	liang	4	14
患	huan	4	1729
悤	cong	1	3
悥	yi	4	0
悦	yue	4	974
悧	li	4	8
您	nin	2	44386
悩	nao	3	10
悪	e	4	3
悫	que	4	11
悬	xuan	2	837
悭	qian	1	34
悮	wu	4	0
悯	min	3	50
悰	cong	2	6
悱	fei	3	11
悲	bei	1	983
悳	de	2	27
悴	cui	4	17
悵	chang	4	3
悶	men	4	14
悷	li	4	5
悸	ji	4	36
悹	guan	4	4
悺	guan	4	2
悻	xing	4	9
悼	dao	4	190
悽	qi	1	5
悾	kong	1	4
悿	tian	3	3
惀	lun	2	5
惁	xi	1	2
惂	kan	3	0
惃	gun	3	3
惄	ni	4	2
情	qing	2	6384
惆	chou	2	10
惇	dun	1	25
惈	guo	3	5
惉	zhan	1	7
惊	jing	1	1611
惋	wan	3	24
惌	yuan	1	4
惍	jin	1	1
惎	ji	4	2
惏	lan	2	1
惐	yu	4	0
惑	huo	4	410
惒	he	2	0
惓	quan	2	5
惔	tan	2	8
惕	ti	4	40
惖	ti	4	0
惗	nie	4	0
惘	wang	3	30
惙	chuo	4	1
惚	hu	1	20
惛	hun	1	6
惜	xi	1	753
惝	chang	3	2
惞	xin	1	1
惟	wei	2	706
惠	hui	4	1777
惡	e	4	29
惢	suo	3	13
惣	zong	3	2
惤	jian	1	3
惥	yong	3	0
惦	dian	4	26
惧	ju	4	221
惨	can	3	3630
惩	cheng	2	117
惪	de	2	0
惫	bei	4	87
惬	qie	4	24
惭	can	2	69
惮	dan	4	31
惯	guan	4	762
惰	duo	4	56
惱	nao	3	3
惲	yun	4	1
想	xiang	3	141790
惴	zhui	4	9
惵	die	2	1
惶	huang	2	61
惷	chun	3	1
惸	qiong	2	1
惹	re	3	2129
惺	xing	1	43
惻	ce	4	1
惼	bian	3	1
惽	min	3	0
惾	zong	1	0
惿	ti	2	3
愀	qiao	3	53
愁	chou	2	1988
愂	bei	4	0
愃	xuan	1	0
愄	wei	1	1
愅	ge	2	0
愆	qian	1	10
愇	wei	3	0
愈	yu	4	1399
愉	yu	2	93
愊	bi	4	1
愋	xuan	1	0
愌	huan	4	0
愍	min	3	25
愎	bi	4	6
意	yi	4	3694
愐	mian	3	1
愑	yong	3	1
愒	kai	4	1
愓	dang	4	1
愔	yin	1	14
愕	e	4	57
愖	chen	2	0
愗	mao	4	0
愘	qia	4	1
愙	ke	4	0
愚	yu	2	501
愛	ai	4	231
愜	qie	4	0
愝	yan	3	0
愞	nuo	4	0
感	gan	3	7460
愠	yun	4	43
愡	zong	3	1
愢	sai	1	0
愣	leng	4	369
愤	fen	4	244
愥	ying	1	0
愦	kui	4	10
愧	kui	4	162
愨	que	4	2
愩	gong	1	5
愪	yun	2	0
愫	su	4	20
愬	su	4	19
愭	qi	2	0
愮	yao	2	13
愯	song	3	7
愰	huang	4	13
愱	ji	2	0
愲	gu	3	2
愳	ju	4	0
愴	chuang	4	2
愵	ni	4	0
愶	xie	2	4
愷	kai	3	2
愸	zheng	3	0
愹	yong	3	0
愺	cao	3	0
愻	xun	4	1
愼	shen	4	1
愽	bo	2	6
愾	kai	4	3
愿	yuan	4	3339
慀	xi	4	1
慁	hun	4	1
慂	yong	3	0
慃	yang	3	0
慄	li	4	4
慅	sao	1	1
慆	tao	1	3
慇	yin	1	0
慈	ci	2	496
慉	xu	4	2
慊	qian	4	8
態	tai	4	5
慌	huang	1	886
慍	yun	4	2
慎	shen	4	400
慏	ming	3	0
慐	gong	5	0
慑	she	4	56
慒	cong	2	2
慓	piao	1	2
慔	mu	4	0
慕	mu	4	728
慖	guo	2	1
慗	chi	4	0
慘	can	3	15
慙	can	2	1
慚	can	2	3
慛	cui	1	0
慜	min	3	0
慝	te	4	13
慞	zhang	1	1
慟	tong	4	2
慠	ao	4	0
慡	shuang	3	1
慢	man	4	14352
慣	guan	4	6
慤	que	4	1
慥	zao	4	3
慦	jiu	4	1
慧	hui	4	1573
慨	kai	3	89
慩	lian	2	0
慪	ou	4	1
慫	song	3	1
慬	qin	2	4
慭	yin	4	0
慮	lv	4	8
慯	shang	1	3
慰	wei	4	306
慱	tuan	2	2
慲	man	2	2
慳	qian	1	3
慴	she	4	1
慵	yong	1	59
慶	qing	4	16
慷	kang	1	36
慸	di	4	0
慹	zhi	2	1
慺	lou	2	1
慻	juan	4	0
慼	qi	1	1
慽	qi	1	2
慾	yu	4	8
慿	ping	2	0
憀	liao	2	3
憁	cong	4	1
憂	you	1	13
憃	chong	1	0
憄	zhi	4	0
憅	tong	4	0
憆	cheng	1	0
憇	qi	4	3
憈	qu	1	0
憉	peng	2	0
憊	bei	4	1
憋	bie	1	1261
憌	qiong	2	0
憍	jiao	1	9
憎	zeng	1	139
憏	chi	4	0
憐	lian	2	5
憑	ping	2	15
憒	kui	4	1
憓	hui	4	1
憔	qiao	2	13
憕	cheng	2	0
憖	yin	4	2
憗	yin	4	0
憘	xi	3	2
憙	xi	3	4
憚	dan	4	4
憛	tan	2	1
憜	duo	4	0
憝	dui	4	5
憞	dui	4	0
憟	su	4	2
憠	jue	2	0
憡	ce	4	15
憢	xiao	1	2
憣	fan	1	0
憤	fen	4	4
憥	lao	2	0
憦	lao	4	0
憧	chong	1	18
憨	han	1	255
憩	qi	4	35
憪	xian	2	16
憫	min	3	31
憬	jing	3	29
憭	liao	3	21
憮	wu	3	10
憯	can	3	8
憰	jue	2	4
憱	cu	4	4
憲	xian	4	16
憳	tan	3	6
憴	sheng	2	3
憵	pi	1	1
憶	yi	4	14
憷	chu	4	7
憸	xian	1	6
憹	nao	2	0
憺	dan	4	4
憻	tan	3	0
憼	jing	3	1
憽	song	1	0
憾	han	4	137
憿	jiao	3	2
懀	wei	4	0
懁	xuan	1	1
懂	dong	3	8960
懃	qin	2	3
懄	qin	2	0
懅	ju	4	2
懆	cao	3	3
懇	ken	3	4
懈	xie	4	94
應	ying	1	70
懊	ao	4	18
懋	mao	4	92
懌	yi	4	2
懍	lin	3	1
懎	se	4	0
懏	jun	4	0
懐	huai	2	3
懑	men	4	8
懒	lan	3	3072
懓	ai	4	0
懔	lin	3	12
懕	yan	1	0
懖	kuo	4	1
懗	xia	4	0
懘	chi	4	4
懙	yu	3	0
懚	yin	4	0
懛	dai	1	0
懜	meng	3	0
懝	ai	4	0
懞	meng	2	3
懟	dui	4	2
懠	qi	2	2
懡	mo	3	0
懢	lan	2	0
懣	men	4	1
懤	chou	2	1
懥	zhi	4	1
懦	nuo	4	34
懧	nuo	4	2
懨	yan	1	1
懩	yang	3	0
懪	bo	2	1
懫	zhi	4	1
懬	kuang	4	0
懭	kuang	3	1
懮	you	3	5
懯	fu	1	0
懰	liu	2	1
懱	mie	4	1
懲	cheng	2	3
懳	hui	5	0
懴	chan	4	1
懵	meng	3	184
懶	lan	3	11
懷	huai	2	19
懸	xuan	2	10
懹	rang	4	1
懺	chan	4	3
懻	ji	4	1
懼	ju	4	4
懽	huan	1	2
懾	she	4	2
懿	yi	4	239
戀	lian	4	35
戁	nan	3	1
戂	mi	2	0
戃	tang	3	1
戄	jue	2	0
戅	gang	4	0
戆	gang	4	114
戇	zhuang	4	1
戈	ge	1	931
戉	yue	4	1
戊	wu	4	205
戋	jian	1	83
戌	xu	1	105
戍	shu	4	97
戎	rong	2	222
戏	xi	4	4360
成	cheng	2	33117
我	wo	3	1192789
戒	jie	4	1266
戓	ge	1	63
戔	jian	1	2
戕	qiang	1	16
或	huo	4	83282
戗	qiang	1	17
战	zhan	4	3991
戙	dong	4	6
戚	qi	1	451
戛	jia	2	28
戜	die	2	0
戝	zei	2	29
戞	jia	2	23
戟	ji	3	166
戠	zhi	1	46
戡	kan	1	16
戢	ji	2	26
戣	kui	2	19
戤	gai	4	2
戥	deng	3	6
戦	zhan	4	28
戧	qiang	1	1
戨	ge	1	0
戩	jian	3	2
截	jie	2	1108
戫	yu	4	1
戬	jian	3	15
戭	yan	3	3
戮	lu	4	74
戯	hu	1	12
戰	zhan	4	26
戱	xi	4	2
戲	xi	4	56
戳	chuo	1	679
戴	dai	4	4306
戵	qu	2	0
戶	hu	4	11
户	hu	4	3479
戸	hu	4	14
戹	e	4	0
戺	shi	4	1
戻	ti	4	1
戼	mao	3	0
戽	hu	4	11
戾	li	4	64
房	fang	2	7386
所	suo	3	44055
扁	bian	3	1723
扂	dian	4	3
扃	jiong	1	16
扄	shang	3	0
扅	yi	2	0
扆	yi	3	6
扇	shan	4	947
扈	hu	4	89
扉	fei	1	75
扊	yan	3	1
手	shou	3	16196
扌	shou	5	68
才	cai	2	69949
扎	zha	1	1873
扏	qiu	2	0
扐	le	4	2
扑	pu	1	1247
扒	ba	1	523
打	da	3	107925
扔	reng	1	2619
払	fan	3	1
扖	ru	4	0
扗	zai	4	0
托	tuo	1	4107
扙	zhang	4	2
扚	diao	3	1
扛	kang	2	796
扜	yu	1	1
扝	ku	1	0
扞	han	4	7
扟	shen	1	0
扠	cha	1	2
扡	tuo	1	2
扢	gu	3	1
扣	kou	4	4258
扤	wu	4	1
扥	den	4	6
扦	qian	1	26
执	zhi	2	826
扨	ren	4	1
扩	kuo	4	659
扪	men	2	45
扫	sao	3	2033
扬	yang	2	1930
扭	niu	3	854
扮	ban	4	770
扯	che	3	2261
扰	rao	3	358
扱	xi	1	4
扲	qian	2	1
扳	ban	1	260
扴	jia	2	0
扵	yu	2	0
扶	fu	2	1107
扷	ao	4	1
扸	xi	1	0
批	pi	1	3519
扺	zhi	3	4
扻	zhi	4	0
扼	e	4	173
扽	den	4	350
找	zhao	3	78056
承	cheng	2	1397
技	ji	4	1129
抁	yan	3	1
抂	kuang	2	1
抃	bian	4	3
抄	chao	1	2467
抅	ju	1	0
抆	wen	3	1
抇	hu	2	1
抈	yue	4	0
抉	jue	2	19
把	ba	3	165484
抋	qin	4	0
抌	dan	3	1
抍	zheng	3	0
抎	yun	3	1
抏	wan	2	1
抐	ne	4	0
抑	yi	4	382
抒	shu	1	110
抓	zhua	1	8029
抔	pou	2	13
投	tou	2	6854
抖	dou	3	976
抗	kang	4	3971
折	zhe	2	3927
抙	pou	2	0
抚	fu	3	491
抛	pao	1	3004
抜	ba	2	1
抝	ao	3	0
択	ze	2	1
抟	tuan	2	23
抠	kou	1	471
抡	lun	1	133
抢	qiang	3	7639
抣	yun	5	0
护	hu	4	1173
报	bao	4	11312
抦	bing	3	5
抧	zhi	3	0
抨	peng	1	9
抩	nan	2	0
抪	bu	4	1
披	pi	1	504
抬	tai	2	1363
抭	yao	3	2
抮	zhen	3	0
抯	zha	1	1
抰	yang	1	1
抱	bao	4	4769
抲	he	1	0
抳	ni	3	1
抴	ye	4	0
抵	di	3	1028
抶	chi	4	1
抷	pi	1	0
抸	jia	1	1
抹	mo	3	1094
抺	mei	4	0
抻	chen	1	72
押	ya	1	2635
抽	chou	1	4805
抾	qu	1	1
抿	min	3	142
拀	chu	4	0
拁	jia	1	0
拂	fu	2	455
拃	zha	3	0
拄	zhu	3	61
担	dan	1	817
拆	chai	1	2529
拇	mu	3	53
拈	nian	1	135
拉	la	1	25270
拊	fu	3	20
拋	pao	1	20
拌	ban	4	647
拍	pai	1	18299
拎	lin	1	505
拏	na	2	6
拐	guai	3	873
拑	qian	2	3
拒	ju	4	781
拓	ta	4	748
拔	ba	2	1815
拕	tuo	1	0
拖	tuo	1	3653
拗	ao	4	104
拘	ju	1	133
拙	zhuo	1	235
拚	pan	4	52
招	zhao	1	6258
拜	bai	4	2033
拝	bai	4	2
拞	di	3	0
拟	ni	3	2833
拠	ju	4	9
拡	kuo	4	3
拢	long	3	248
拣	jian	3	611
拤	qia	2	0
拥	yong	1	801
拦	lan	2	585
拧	ning	2	686
拨	bo	1	1684
择	ze	2	552
拪	qian	1	0
拫	hen	2	2
括	kuo	4	194
拭	shi	4	165
拮	jie	2	13
拯	zheng	3	49
拰	nin	3	10
拱	gong	3	496
拲	gong	3	3
拳	quan	2	1079
拴	shuan	1	291
拵	cun	2	4
拶	za	1	15
拷	kao	3	946
拸	yi	2	8
拹	xie	2	14
拺	ce	4	22
拻	hui	1	40
拼	pin	1	2300
拽	zhuai	4	1139
拾	shi	2	706
拿	na	2	38603
挀	bai	1	63
持	chi	2	3792
挂	gua	4	12144
挃	zhi	4	17
挄	kuo	4	0
挅	duo	3	0
挆	duo	3	0
指	zhi	3	8783
挈	qie	4	19
按	an	4	25812
挊	nong	4	0
挋	zhen	4	2
挌	ge	2	3
挍	jiao	4	2
挎	kua	4	119
挏	dong	4	1
挐	na	2	1
挑	tiao	1	4515
挒	lie	4	0
挓	zha	1	3
挔	lv	3	1
挕	die	2	1
挖	wa	1	4566
挗	jue	2	0
挘	lie	3	0
挙	ju	3	2
挚	zhi	4	82
挛	luan	2	22
挜	ya	4	0
挝	wo	1	62
挞	ta	4	37
挟	xie	2	208
挠	nao	2	366
挡	dang	3	1525
挢	jiao	3	12
挣	zheng	1	2794
挤	ji	3	2344
挥	hui	1	710
挦	xian	2	0
挧	yu	3	1
挨	ai	1	1128
挩	tuo	1	1
挪	nuo	2	688
挫	cuo	4	401
挬	bo	2	0
挭	geng	3	2
挮	ti	3	0
振	zhen	4	1517
挰	cheng	2	0
挱	sa	1	0
挲	sa	1	7
挳	keng	1	2
挴	mei	3	1
挵	nong	4	0
挶	ju	1	3
挷	peng	2	0
挸	jian	3	5
挹	yi	4	35
挺	ting	3	20754
挻	shan	1	16
挼	rua	2	13
挽	wan	3	317
挾	xie	2	8
挿	cha	1	1
捀	feng	2	0
捁	jiao	3	1
捂	wu	3	590
捃	jun	4	16
捄	jiu	4	3
捅	tong	3	600
捆	kun	3	378
捇	huo	4	5
捈	tu	2	2
捉	zhuo	1	866
捊	pou	2	1
捋	lv	3	168
捌	ba	1	176
捍	han	4	82
捎	shao	1	201
捏	nie	1	4237
捐	juan	1	1293
捑	ze	4	0
捒	shu	4	0
捓	ye	2	0
捔	jue	2	1
捕	bu	3	420
捖	wan	2	0
捗	bu	4	1
捘	zun	4	0
捙	ye	4	0
捚	zhai	1	1
捛	lv	3	0
捜	sou	1	3
捝	tuo	1	0
捞	lao	1	1427
损	sun	3	1081
捠	bang	1	0
捡	jian	3	1723
换	huan	4	32585
捣	dao	3	414
捤	wei	3	0
捥	wan	4	1
捦	qin	2	0
捧	peng	3	1354
捨	she	3	7
捩	lie	4	18
捪	min	2	0
捫	men	2	1
捬	fu	3	0
捭	bai	3	12
据	ju	4	13756
捯	dao	2	4
捰	wo	3	0
捱	ai	2	77
捲	juan	3	8
捳	yue	4	0
捴	zong	3	0
捵	chen	1	1
捶	chui	2	237
捷	jie	2	851
捸	tu	1	1
捹	ben	4	0
捺	na	4	85
捻	nian	3	308
捼	ruo	2	1
捽	zuo	2	5
捾	wo	4	0
捿	qi	1	1
掀	xian	1	372
掁	cheng	2	2
掂	dian	1	379
掃	sao	3	14
掄	lun	1	1
掅	qing	4	1
掆	gang	1	0
掇	duo	1	29
授	shou	4	506
掉	diao	4	20677
掊	pou	2	11
掋	di	3	0
掌	zhang	3	1063
掍	hun	4	6
掎	ji	3	11
掏	tao	1	921
掐	qia	1	789
掑	qi	2	24
排	pai	2	5969
掓	shu	1	0
掔	qian	1	9
掕	ling	2	0
掖	ye	1	80
掗	ya	4	12
掘	jue	2	402
掙	zheng	1	5
掚	liang	3	0
掛	gua	4	19
掜	yi	4	1
掝	huo	4	2
掞	yan	4	4
掟	zheng	3	5
掠	lve	4	271
採	cai	3	24
探	tan	4	1829
掣	che	4	61
掤	bing	1	6
接	jie	1	17760
掦	ti	4	0
控	kong	4	1542
推	tui	1	5296
掩	yan	3	358
措	cuo	4	545
掫	zhou	1	1
掬	ju	1	88
掭	tian	4	14
掮	qian	2	7
掯	ken	4	1
掰	bai	1	381
掱	pa	2	13
掲	jie	1	5
掳	lu	3	99
掴	guai	1	73
掵	ming	5	3
掶	jie	2	0
掷	zhi	4	282
掸	dan	3	39
掹	meng	5	0
掺	chan	1	334
掻	sao	1	1
掼	guan	4	26
掽	peng	4	0
掾	yuan	4	18
掿	nuo	4	0
揀	jian	3	5
揁	zheng	1	0
揂	jiu	1	0
揃	jian	3	1
揄	yu	2	7
揅	yan	2	1
揆	kui	2	46
揇	nan	3	0
揈	hong	1	1
揉	rou	2	902
揊	pi	4	0
揋	wei	1	0
揌	sai	1	0
揍	zou	4	786
揎	xuan	1	6
描	miao	2	310
提	ti	2	8578
揑	nie	1	0
插	cha	1	3811
揓	shi	4	0
揔	zong	3	0
揕	zhen	4	1
揖	yi	1	81
揗	xun	2	1
揘	yong	2	1
揙	bian	1	1
揚	yang	2	13
換	huan	4	53
揜	yan	3	3
揝	zan	3	1
揞	an	3	2
揟	xu	1	0
揠	ya	4	4
握	wo	4	1081
揢	ke	2	0
揣	chuai	1	270
揤	ji	2	1
揥	ti	4	1
揦	la	2	0
揧	la	4	0
揨	chen	2	0
揩	kai	1	106
揪	jiu	1	543
揫	jiu	1	1
揬	tu	2	0
揭	jie	1	796
揮	hui	1	10
揯	gen	4	0
揰	chong	4	1
揱	xiao	1	0
揲	die	2	3
揳	xie	1	2
援	yuan	2	373
揵	qian	2	3
揶	ye	2	32
揷	cha	1	2
揸	zha	1	40
揹	bei	1	2
揺	yao	2	2
揻	wei	1	0
揼	beng	5	0
揽	lan	3	548
揾	wen	4	0
揿	qin	4	24
搀	chan	1	116
搁	ge	1	572
搂	lou	3	569
搃	zong	3	0
搄	gen	4	0
搅	jiao	3	628
搆	gou	4	2
搇	qin	4	0
搈	rong	2	0
搉	que	4	0
搊	chou	1	1
搋	chuai	1	3
搌	zhan	3	3
損	sun	3	12
搎	sun	1	0
搏	bo	2	455
搐	chu	4	9
搑	rong	2	0
搒	bang	4	1
搓	cuo	1	724
搔	sao	1	141
搕	ke	1	1
搖	yao	2	10
搗	dao	3	2
搘	zhi	1	1
搙	nu	4	0
搚	la	1	0
搛	jian	1	8
搜	sou	1	2944
搝	qiu	3	0
搞	gao	3	39924
搟	xian	3	0
搠	shuo	4	10
搡	sang	3	29
搢	jin	4	2
搣	mie	4	5
搤	e	4	1
搥	chui	2	3
搦	nuo	4	5
搧	shan	1	19
搨	ta	4	2
搩	zha	3	0
搪	tang	2	31
搫	pan	2	10
搬	ban	1	3708
搭	da	1	2238
搮	li	4	1
搯	tao	1	2
搰	hu	2	2
搱	zhi	4	0
搲	wa	1	0
搳	hua	2	2
搴	qian	1	27
搵	wen	4	343
搶	qiang	3	22
搷	tian	2	4
搸	zhen	1	0
搹	e	4	5
携	xie	2	1277
搻	nuo	4	0
搼	quan	2	0
搽	cha	2	262
搾	zha	4	14
搿	ge	2	5
摀	wu	3	55
摁	en	4	319
摂	she	4	13
摃	kang	2	9
摄	she	4	1406
摅	shu	1	6
摆	bai	3	2364
摇	yao	2	1097
摈	bin	4	18
摉	sou	1	0
摊	tan	1	791
摋	sa	4	6
摌	chan	3	0
摍	suo	1	2
摎	jiu	1	2
摏	chong	1	0
摐	chuang	1	4
摑	guai	1	3
摒	bing	4	56
摓	feng	2	1
摔	shuai	1	1397
摕	di	4	0
摖	qi	4	0
摗	sou	1	0
摘	zhai	1	1103
摙	lian	3	0
摚	cheng	1	0
摛	chi	1	5
摜	guan	4	5
摝	lu	4	2
摞	luo	4	194
摟	lou	3	7
摠	zong	3	2
摡	gai	4	1
摢	hu	4	0
摣	zha	1	0
摤	chuang	3	0
摥	tang	4	2
摦	hua	4	1
摧	cui	1	182
摨	nai	2	1
摩	mo	2	964
摪	jiang	1	0
摫	gui	1	1
摬	ying	3	1
摭	zhi	2	15
摮	ao	2	2
摯	zhi	4	7
摰	nie	4	5
摱	man	4	0
摲	chan	4	2
摳	kou	1	3
摴	chu	1	2
摵	she	4	2
摶	tuan	2	2
摷	jiao	3	1
摸	mo	1	3639
摹	mo	2	112
摺	zhe	2	31
摻	can	4	3
摼	keng	1	0
摽	biao	4	8
摾	jiang	4	0
摿	yao	2	1
撀	gou	4	0
撁	qian	1	0
撂	liao	4	97
撃	ji	1	15
撄	ying	1	10
撅	jue	1	123
撆	pie	1	0
撇	pie	1	408
撈	lao	1	6
撉	dun	1	1
撊	xian	4	1
撋	ruan	2	1
撌	gui	4	1
撍	zan	3	0
撎	yi	4	0
撏	xian	2	1
撐	cheng	1	12
撑	cheng	1	1557
撒	sa	1	18028
撓	nao	2	2
撔	hong	4	0
撕	si	1	631
撖	han	4	2
撗	guang	4	3
撘	da	1	4
撙	zun	3	2
撚	nian	3	9
撛	lin	3	0
撜	zheng	3	1
撝	hui	1	3
撞	zhuang	4	2258
撟	jiao	3	1
撠	ji	3	1
撡	cao	1	0
撢	dan	3	2
撣	dan	3	1
撤	che	4	1563
撥	bo	1	25
撦	che	3	0
撧	jue	1	0
撨	fu	3	0
撩	liao	1	284
撪	ben	4	0
撫	fu	3	11
撬	qiao	4	221
播	bo	1	1755
撮	cuo	1	1029
撯	zhuo	2	0
撰	zhuan	4	252
撱	wei	3	4
撲	pu	1	18
撳	qin	4	14
撴	dun	1	0
撵	nian	3	137
撶	hua	2	0
撷	xie	2	41
撸	lu	1	71
撹	jiao	3	7
撺	cuan	1	8
撻	ta	4	13
撼	han	4	142
撽	qiao	4	1
撾	wo	1	1
撿	jian	3	12
擀	gan	3	76
擁	yong	1	8
擂	lei	2	105
擃	nang	3	4
擄	lu	3	5
擅	shan	4	184
擆	zhuo	2	0
擇	ze	2	6
擈	pu	1	0
擉	chuo	4	0
擊	ji	1	11
擋	dang	3	7
擌	se	4	0
操	cao	1	7451
擎	qing	2	179
擏	qing	2	0
擐	huan	4	10
擑	jie	1	0
擒	qin	2	225
擓	kuai	3	0
擔	dan	1	12
擕	xie	2	0
擖	ka	1	1
擗	pi	3	0
擘	bo	4	14
擙	ao	4	1
據	ju	4	77
擛	ye	4	0
擜	e	4	0
擝	meng	1	0
擞	sou	3	14
擟	mi	2	0
擠	ji	3	17
擡	tai	2	3
擢	zhuo	2	34
擣	dao	3	1
擤	xing	3	25
擥	lan	3	1
擦	ca	1	2753
擧	ju	3	2
擨	ye	2	0
擩	ru	3	1
擪	ye	4	0
擫	ye	4	1
擬	ni	3	8
擭	wo	4	1
擮	jie	2	0
擯	bin	4	1
擰	ning	2	5
擱	ge	1	5
擲	zhi	4	6
擳	zhi	4	1
擴	kuo	4	5
擵	mo	2	0
擶	jian	4	0
擷	xie	2	1
擸	lie	4	0
擹	tan	1	0
擺	bai	3	12
擻	sou	3	1
擼	lu	3	1
擽	lve	4	1
擾	rao	3	3
擿	ti	1	2
攀	pan	1	534
攁	yang	3	0
攂	lei	4	0
攃	ca	1	1
攄	shu	1	1
攅	zan	3	1
攆	nian	3	0
攇	xian	3	0
攈	jun	4	0
攉	huo	1	4
攊	li	4	0
攋	la	4	0
攌	huan	3	1
攍	ying	2	1
攎	lu	2	0
攏	long	3	4
攐	qian	1	0
攑	qian	1	0
攒	zan	3	900
攓	qian	1	0
攔	lan	2	4
攕	xian	1	0
攖	ying	1	1
攗	mei	2	0
攘	rang	3	52
攙	chan	1	1
攚	weng	3	0
攛	cuan	1	0
攜	xie	2	9
攝	she	4	16
攞	luo	2	0
攟	jun	4	0
攠	mi	2	7
攡	chi	1	1
攢	zan	3	6
攣	luan	2	3
攤	tan	1	13
攥	zuan	4	118
攦	li	4	1
攧	dian	1	0
攨	wa	1	0
攩	dang	3	1
攪	jiao	3	17
攫	jue	2	35
攬	lan	3	8
攭	li	4	1
攮	nang	3	7
支	zhi	1	3428
攰	gui	4	0
攱	gui	3	0
攲	qi	1	7
攳	xun	2	2
攴	pu	1	125
攵	pu	1	75
收	shou	1	16855
攷	kao	3	6
攸	you	1	104
改	gai	3	27437
攺	yi	3	0
攻	gong	1	1880
攼	gan	1	0
攽	ban	1	13
放	fang	4	26038
政	zheng	4	1467
敀	po	4	0
敁	dian	1	23
敂	kou	4	0
敃	min	3	29
敄	wu	4	0
故	gu	4	4669
敆	he	2	8
敇	ce	4	0
效	xiao	4	858
敉	mi	3	5
敊	chu	4	7
敋	ge	2	0
敌	di	2	1150
敍	xu	4	6
敎	jiao	4	17
敏	min	3	2573
敐	chen	2	0
救	jiu	4	3373
敒	shen	1	0
敓	duo	2	23
敔	yu	3	4
敕	chi	4	83
敖	ao	2	357
敗	bai	4	17
敘	xu	4	6
教	jiao	4	9371
敚	duo	2	0
敛	lian	3	226
敜	nie	4	3
敝	bi	4	103
敞	chang	3	91
敟	dian	3	0
敠	duo	1	0
敡	yi	4	0
敢	gan	3	7442
散	san	4	3585
敤	ke	3	16
敥	yan	4	1
敦	dun	1	437
敧	ji	1	3
敨	tou	3	0
敩	xiao	4	0
敪	duo	1	1
敫	jiao	3	10
敬	jing	4	1409
敭	yang	2	4
敮	xia	2	0
敯	min	3	3
数	shu	4	13153
敱	ai	2	0
敲	qiao	1	2016
敳	ai	2	3
整	zheng	3	7151
敵	di	2	10
敶	zhen	4	1
敷	fu	1	697
數	shu	4	75
敹	liao	2	4
敺	qu	1	4
敻	xiong	4	5
敼	yi	3	3
敽	jiao	3	0
敾	shan	4	5
敿	jiao	3	1
斀	zhuo	2	3
斁	yi	4	6
斂	lian	3	10
斃	bi	4	4
斄	li	2	1
斅	xiao	4	1
斆	xiao	4	0
文	wen	2	11186
斈	xue	2	0
斉	qi	2	5
斊	qi	2	0
斋	zhai	1	753
斌	bin	1	1546
斍	jue	2	0
斎	zhai	1	4
斏	lang	2	0
斐	fei	3	334
斑	ban	1	989
斒	ban	1	0
斓	lan	2	25
斔	yu	3	0
斕	lan	2	1
斖	wei	3	0
斗	dou	4	2548
斘	sheng	1	0
料	liao	4	3523
斚	jia	3	0
斛	hu	2	56
斜	xie	2	1318
斝	jia	3	4
斞	yu	3	0
斟	zhen	1	109
斠	jiao	4	3
斡	wo	4	36
斢	tiao	3	0
斣	dou	4	0
斤	jin	1	2111
斥	chi	4	314
斦	yin	2	0
斧	fu	3	254
斨	qiang	1	1
斩	zhan	3	974
斪	qu	2	0
斫	zhuo	2	39
斬	zhan	3	11
断	duan	4	4835
斮	cuo	4	1
斯	si	1	4076
新	xin	1	77282
斱	zhuo	2	0
斲	zhuo	2	4
斳	qin	2	1
斴	lin	2	0
斵	zhuo	2	0
斶	chu	4	2
斷	duan	4	27
斸	zhu	3	1
方	fang	1	12765
斺	chan	3	0
斻	hang	2	2
於	yu	2	1014
施	shi	1	2662
斾	pei	4	0
斿	you	2	14
旀	mei	4	0
旁	pang	2	2491
旂	qi	2	19
旃	zhan	1	19
旄	mao	2	36
旅	lv	3	1081
旆	pei	4	12
旇	pi	1	0
旈	liu	2	0
旉	fu	1	0
旊	fang	3	0
旋	xuan	2	821
旌	jing	1	114
旍	jing	1	2
旎	ni	3	29
族	zu	2	2300
旐	zhao	4	2
旑	yi	3	0
旒	liu	2	13
旓	shao	1	2
旔	jian	4	0
旕	yu	2	0
旖	yi	3	22
旗	qi	2	1329
旘	zhi	4	0
旙	fan	1	0
旚	piao	1	0
旛	fan	1	3
旜	zhan	1	0
旝	kuai	4	0
旞	sui	4	0
旟	yu	2	1
无	wu	2	32585
旡	ji	4	117
既	ji	4	9095
旣	ji	4	2
旤	huo	4	0
日	ri	4	70124
旦	dan	4	414
旧	jiu	4	5456
旨	zhi	3	246
早	zao	3	25302
旪	xie	2	0
旫	tiao	1	0
旬	xun	2	351
旭	xu	4	1145
旮	ga	1	29
旯	la	2	8
旰	gan	4	5
旱	han	4	363
旲	tai	2	1
旳	di	4	106
旴	xu	1	1
旵	chan	3	1
时	shi	2	117616
旷	kuang	4	213
旸	yang	2	8
旹	shi	2	0
旺	wang	4	1852
旻	min	2	121
旼	min	2	7
旽	tun	1	1
旾	chun	1	0
旿	wu	3	2
昀	yun	2	100
昁	bei	4	0
昂	ang	2	1474
昃	ze	4	7
昄	ban	3	2
昅	jie	2	1
昆	kun	1	767
昇	sheng	1	59
昈	hu	4	1
昉	fang	3	29
昊	hao	4	567
昋	gui	4	0
昌	chang	1	1729
昍	xuan	1	1
明	ming	2	9887
昏	hun	1	2021
昐	fen	1	5
昑	qin	3	1
昒	hu	1	1
易	yi	4	6119
昔	xi	1	377
昕	xin	1	393
昖	yan	2	0
昗	ze	4	0
昘	fang	3	0
昙	tan	2	64
昚	shen	4	0
昛	ju	4	0
昜	yang	2	4
昝	zan	3	19
昞	bing	3	2
星	xing	1	5735
映	ying	4	921
昡	xuan	4	1
昢	po	4	2
昣	zhen	3	0
昤	ling	2	1
春	chun	1	5269
昦	hao	4	0
昧	mei	4	220
昨	zuo	2	917
昩	mo	4	0
昪	bian	4	0
昫	xu	4	1
昬	hun	1	0
昭	zhao	1	804
昮	zong	4	1
是	shi	4	1180957
昰	shi	4	33
昱	yu	4	175
昲	fei	4	0
昳	die	2	3
昴	mao	3	42
昵	ni	4	164
昶	chang	3	80
昷	wen	1	0
昸	dong	1	0
昹	ai	3	1
昺	bing	3	7
昻	ang	2	2
昼	zhou	4	227
昽	long	2	0
显	xian	3	2300
昿	kuang	4	0
晀	tiao	3	0
晁	chao	2	65
時	shi	2	633
晃	huang	3	1353
晄	huang	3	3
晅	xuan	3	1
晆	kui	2	0
晇	xu	1	0
晈	jiao	3	0
晉	jin	4	12
晊	zhi	4	1
晋	jin	4	1032
晌	shang	3	47
晍	tong	2	0
晎	hong	3	0
晏	yan	4	311
晐	gai	1	0
晑	xiang	3	1
晒	shai	4	3130
晓	xiao	3	2791
晔	ye	4	163
晕	yun	1	35555
晖	hui	1	557
晗	han	2	123
晘	han	4	0
晙	jun	4	1
晚	wan	3	11186
晛	xian	4	4
晜	kun	1	4
晝	zhou	4	9
晞	xi	1	39
晟	cheng	2	273
晠	sheng	4	0
晡	bu	1	6
晢	zhe	2	8
晣	zhe	2	0
晤	wu	4	149
晥	wan	3	4
晦	hui	4	103
晧	hao	4	4
晨	chen	2	1506
晩	wan	3	9
晪	tian	3	2
晫	zhuo	2	10
晬	zui	4	5
晭	zhou	3	0
普	pu	3	2269
景	jing	3	2819
晰	xi	1	77
晱	shan	3	4
晲	ni	3	2
晳	xi	1	8
晴	qing	2	1513
晵	qi	3	0
晶	jing	1	1240
晷	gui	3	14
晸	zheng	3	9
晹	yi	4	28
智	zhi	4	2272
晻	an	4	23
晼	wan	3	17
晽	lin	2	0
晾	liang	4	390
晿	chang	1	0
暀	wang	3	12
暁	xiao	3	5
暂	zan	4	1055
暃	fei	1	3
暄	xuan	1	81
暅	geng	4	0
暆	yi	2	2
暇	xia	2	132
暈	yun	1	15
暉	hui	1	4
暊	xu	3	1
暋	min	3	2
暌	kui	2	4
暍	ye	1	6
暎	ying	4	3
暏	shu	3	0
暐	wei	3	15
暑	shu	3	147
暒	qing	2	0
暓	mao	4	0
暔	nan	2	1
暕	jian	3	2
暖	nuan	3	1474
暗	an	4	2749
暘	yang	2	8
暙	chun	1	2
暚	yao	2	0
暛	suo	3	0
暜	pu	3	0
暝	ming	2	44
暞	jiao	3	0
暟	kai	3	5
暠	gao	3	3
暡	weng	3	1
暢	chang	4	7
暣	qi	4	0
暤	hao	4	0
暥	yan	4	0
暦	li	4	8
暧	ai	4	114
暨	ji	4	1540
暩	ji	4	2
暪	men	4	4
暫	zan	4	7
暬	xie	4	0
暭	hao	4	0
暮	mu	4	473
暯	mo	4	1
暰	cong	1	1
暱	ni	4	4
暲	zhang	1	5
暳	hui	4	1
暴	bao	4	1813
暵	han	4	1
暶	xuan	2	0
暷	chuan	2	0
暸	liao	2	68
暹	xian	1	17
暺	tan	3	0
暻	jing	3	3
暼	pie	1	1
暽	lin	2	0
暾	tun	1	12
暿	xi	1	1
曀	yi	4	2
曁	ji	4	5
曂	huang	4	0
曃	dai	4	0
曄	ye	4	1
曅	ye	4	0
曆	li	4	5
曇	tan	2	3
曈	tong	2	8
曉	xiao	3	18
曊	fei	4	1
曋	shen	3	0
曌	zhao	4	13
曍	hao	4	0
曎	yi	4	0
曏	xiang	3	1
曐	xing	1	0
曑	shen	1	0
曒	jiao	3	1
曓	bao	4	0
曔	jing	4	0
曕	yan	4	0
曖	ai	4	3
曗	ye	4	0
曘	ru	2	5
曙	shu	3	99
曚	meng	2	6
曛	xun	1	13
曜	yao	4	205
曝	pu	4	263
曞	li	4	25
曟	chen	2	0
曠	kuang	4	12
曡	die	2	0
曢	liao	3	0
曣	yan	4	1
曤	huo	4	1
曥	lu	2	0
曦	xi	1	444
曧	rong	2	0
曨	long	2	8
曩	nang	3	23
曪	luo	3	0
曫	luan	2	0
曬	shai	4	11
曭	tang	3	0
曮	yan	3	0
曯	zhu	2	0
曰	yue	1	2224
曱	yue	1	0
曲	qu	1	3201
曳	ye	4	107
更	geng	4	48734
曵	ye	4	3
曶	hu	1	1
曷	he	2	21
書	shu	1	83
曹	cao	2	2791
曺	cao	2	0
曻	sheng	1	0
曼	man	4	1506
曽	ceng	1	4
曾	ceng	2	8019
替	ti	4	3257
最	zui	4	65806
朁	can	3	1
朂	xu	4	0
會	hui	4	681
朄	yin	3	1
朅	qie	4	3
朆	fen	1	0
朇	pi	2	0
月	yue	4	65397
有	you	3	613906
朊	ruan	3	22
朋	peng	2	706
朌	fen	2	0
服	fu	2	4634
朎	ling	2	0
朏	fei	3	2
朐	qu	2	7
朑	ti	4	0
朒	nv	4	1
朓	tiao	3	5
朔	shuo	4	263
朕	zhen	4	764
朖	lang	3	0
朗	lang	3	1249
朘	zui	1	1
朙	ming	2	0
朚	huang	1	0
望	wang	4	3996
朜	tun	1	0
朝	chao	2	3764
朞	ji	1	1
期	qi	1	9716
朠	ying	1	0
朡	zong	1	0
朢	wang	4	5
朣	tong	2	2
朤	lang	3	0
朥	lao	2	0
朦	meng	2	74
朧	long	2	1
木	mu	4	6480
朩	deng	3	0
未	wei	4	17562
末	mo	4	2523
本	ben	3	24833
札	zha	2	315
朮	shu	4	3
术	shu	4	2278
朰	mu	4	0
朱	zhu	1	5587
朲	ren	2	0
朳	ba	1	1
朴	pu	3	438
朵	duo	3	1051
朶	duo	3	5
朷	dao	1	0
朸	li	4	1
朹	gui	3	1
机	ji	1	11612
朻	jiu	1	0
朼	bi	3	1
朽	xiu	3	85
朾	cheng	2	0
朿	ci	4	2
杀	sha	1	22449
杁	ru	4	0
杂	za	2	2519
权	quan	2	5707
杄	qian	1	0
杅	yu	2	2
杆	gan	1	1394
杇	wu	1	1
杈	cha	1	46
杉	shan	1	337
杊	xun	2	0
杋	fan	2	1
杌	wu	4	4
杍	zi	3	1
李	li	3	14513
杏	xing	4	466
材	cai	2	1005
村	cun	1	11088
杒	ren	4	0
杓	biao	1	18
杔	tuo	1	0
杕	di	4	1
杖	zhang	4	602
杗	mang	2	1
杘	chi	4	0
杙	yi	4	2
杚	gai	4	0
杛	gong	1	0
杜	du	4	3411
杝	li	2	1
杞	qi	3	90
束	shu	4	752
杠	gang	4	298
条	tiao	2	12498
杢	jie	2	0
杣	mian	2	1
杤	wan	4	1
来	lai	2	233997
杦	jiu	3	1
杧	mang	2	0
杨	yang	2	10328
杩	ma	4	31
杪	miao	3	14
杫	si	4	0
杬	yuan	2	2
杭	hang	2	656
杮	fei	4	0
杯	bei	1	2948
杰	jie	2	2963
東	dong	1	50
杲	gao	3	27
杳	yao	3	71
杴	xian	1	1
杵	chu	3	130
杶	chun	1	1
杷	pa	2	12
杸	shu	1	2
杹	hua	4	1
杺	xin	1	7
杻	chou	3	1
杼	zhu	4	16
杽	chou	3	1
松	song	1	3941
板	ban	3	5076
枀	song	1	0
极	ji	2	5429
枂	wo	4	0
枃	jin	4	8
构	gou	4	479
枅	ji	1	1
枆	mao	2	1
枇	pi	2	8
枈	bi	4	0
枉	wang	3	207
枊	ang	4	0
枋	fang	1	34
枌	fen	2	3
枍	yi	4	3
枎	fu	2	2
枏	nan	2	2
析	xi	1	285
枑	hu	4	4
枒	ya	1	5
枓	dou	3	8
枔	xin	2	5
枕	zhen	3	1038
枖	yao	1	0
林	lin	2	12069
枘	rui	4	4
枙	e	3	31
枚	mei	2	952
枛	zhao	4	0
果	guo	3	4532
枝	zhi	1	1309
枞	cong	1	11
枟	yun	4	31
枠	hua	4	12
枡	sheng	1	13
枢	shu	1	130
枣	zao	3	445
枤	di	4	0
枥	li	4	21
枦	lu	2	4
枧	jian	3	12
枨	cheng	2	7
枩	song	1	3
枪	qiang	1	3453
枫	feng	1	1478
枬	zhan	1	0
枭	xiao	1	146
枮	xian	1	2
枯	ku	1	478
枰	ping	2	25
枱	tai	2	0
枲	xi	3	2
枳	zhi	3	43
枴	guai	3	1
枵	xiao	1	4
架	jia	4	3782
枷	jia	1	68
枸	gou	3	13
枹	bao	1	4
枺	mo	4	2
枻	yi	4	4
枼	ye	4	0
枽	ye	4	0
枾	shi	4	1
枿	nie	4	0
柀	bi	3	2
柁	tuo	2	15
柂	yi	2	1
柃	ling	2	8
柄	bing	3	549
柅	ni	3	2
柆	la	1	2
柇	he	2	0
柈	ban	4	3
柉	fan	2	4
柊	zhong	1	13
柋	dai	4	1
柌	ci	2	1
柍	yang	3	8
柎	fu	1	2
柏	bai	3	794
某	mou	3	12623
柑	gan	1	118
柒	qi	1	253
染	ran	3	1276
柔	rou	2	1215
柕	mao	4	0
柖	shao	2	0
柗	song	1	0
柘	zhe	4	36
柙	xia	2	9
柚	you	4	122
柛	shen	1	19
柜	gui	4	994
柝	tuo	4	15
柞	zha	4	20
柟	nan	2	18
柠	ning	2	104
柡	yong	3	0
柢	di	3	14
柣	zhi	4	11
柤	zha	1	3
查	cha	2	13251
柦	dan	4	3
柧	gu	1	2
柨	bu	4	0
柩	jiu	4	14
柪	ao	1	0
柫	fu	2	0
柬	jian	3	105
柭	ba	1	1
柮	duo	4	1
柯	ke	1	1159
柰	nai	4	20
柱	zhu	4	1472
柲	bi	4	1
柳	liu	3	3130
柴	chai	2	978
柵	shan	1	2
柶	si	4	2
柷	zhu	4	3
柸	pei	1	1
柹	shi	4	0
柺	guai	3	2
査	zha	1	4
柼	yao	3	0
柽	cheng	1	8
柾	jiu	4	0
柿	shi	4	108
栀	zhi	1	76
栁	liu	3	2
栂	mei	2	0
栃	li	4	2
栄	rong	2	6
栅	zha	4	130
栆	zao	3	0
标	biao	1	3068
栈	zhan	4	266
栉	zhi	4	21
栊	long	2	31
栋	dong	4	1682
栌	lu	2	8
栍	sheng	1	0
栎	li	4	90
栏	lan	2	1903
栐	yong	3	0
树	shu	4	5939
栒	xun	2	1
栓	shuan	1	479
栔	qi	4	1
栕	zhen	1	0
栖	qi	1	232
栗	li	4	316
栘	yi	2	3
栙	xiang	2	0
栚	zhen	4	1
栛	li	4	0
栜	se	4	1
栝	gua	1	19
栞	kan	1	2
栟	ben	1	0
栠	ren	3	1
校	xiao	4	2470
栢	bai	3	6
栣	ren	3	0
栤	bing	4	0
栥	zi	1	2
栦	chou	2	6
栧	yi	4	0
栨	ci	4	15
栩	xu	3	46
株	zhu	1	736
栫	jian	4	18
栬	zui	4	0
栭	er	2	16
栮	er	3	1
栯	you	3	2
栰	fa	2	0
栱	gong	3	5
栲	kao	3	17
栳	lao	3	7
栴	zhan	1	6
栵	lie	4	2
栶	yin	1	0
样	yang	4	14677
核	he	2	2445
根	gen	1	6854
栺	yi	4	2
栻	shi	4	8
格	ge	2	13038
栽	zai	1	643
栾	luan	2	202
栿	fu	2	0
桀	jie	2	87
桁	heng	2	41
桂	gui	4	1247
桃	tao	2	1059
桄	guang	1	22
桅	wei	2	55
框	kuang	4	1836
桇	ru	2	0
案	an	4	4805
桉	an	1	53
桊	juan	4	6
桋	yi	2	1
桌	zhuo	1	1227
桍	ku	1	0
桎	zhi	4	21
桏	qiong	2	0
桐	tong	2	590
桑	sang	1	1415
桒	sang	1	0
桓	huan	2	311
桔	jie	2	215
桕	jiu	4	17
桖	xue	4	0
桗	duo	4	0
桘	zhui	4	0
桙	yu	2	0
桚	zan	3	0
桜	ying	1	9
桝	jie	2	1
桞	liu	3	0
桟	zhan	4	1
桠	ya	1	30
桡	rao	2	53
桢	zhen	1	183
档	dang	4	2850
桤	qi	1	21
桥	qiao	2	4360
桦	hua	4	272
桧	gui	4	31
桨	jiang	3	134
桩	zhuang	1	682
桪	xun	2	0
桫	suo	1	7
桬	sha	1	0
桭	zhen	1	1
桮	bei	1	1
桯	ting	1	1
桰	kuo	4	0
桱	jing	4	1
桲	po	5	2
桳	ben	4	0
桴	fu	2	12
桵	rui	2	1
桶	tong	3	1155
桷	jue	2	7
桸	xi	1	0
桹	lang	2	1
桺	liu	3	0
桻	feng	1	1
桼	qi	1	1
桽	wen	3	0
桾	jun	1	0
桿	gan	3	6
梀	su	4	1
梁	liang	2	4148
梂	qiu	2	0
梃	ting	3	66
梄	you	3	0
梅	mei	2	3492
梆	bang	1	36
梇	long	4	1
梈	peng	1	0
梉	zhuang	1	0
梊	di	4	0
梋	xuan	1	1
梌	tu	2	1
梍	zao	4	1
梎	ao	1	0
梏	gu	4	5
梐	bi	4	0
梑	di	2	0
梒	han	2	0
梓	zi	3	400
梔	zhi	1	1
梕	ren	4	0
梖	bei	4	1
梗	geng	3	415
梘	jian	3	0
梙	huan	4	0
梚	wan	3	0
梛	nuo	2	3
梜	jia	1	1
條	tiao	2	33
梞	ji	4	0
梟	xiao	1	2
梠	lv	3	2
梡	hun	2	0
梢	shao	1	250
梣	chen	2	4
梤	fen	2	1
梥	song	1	0
梦	meng	4	9302
梧	wu	2	125
梨	li	2	882
梩	li	2	1
梪	dou	4	0
梫	qin	3	1
梬	ying	3	0
梭	suo	1	204
梮	ju	1	1
梯	ti	1	350
械	xie	4	153
梱	kun	3	1
梲	zhuo	2	1
梳	shu	1	461
梴	chan	1	1
梵	fan	4	273
梶	wei	3	7
梷	jing	4	0
梸	li	2	0
梹	bin	1	1
梺	xia	4	18
梻	fo	2	0
梼	tao	2	2
梽	zhi	4	0
梾	lai	2	0
梿	lian	2	0
检	jian	3	1209
棁	zhuo	1	0
棂	ling	2	20
棃	li	2	0
棄	qi	4	16
棅	bing	3	2
棆	lun	2	2
棇	cong	1	1
棈	qian	4	2
棉	mian	2	1232
棊	qi	2	2
棋	qi	2	1142
棌	cai	4	5
棍	gun	4	758
棎	chan	2	3
棏	de	2	21
棐	fei	3	8
棑	pai	2	5
棒	bang	4	2554
棓	bei	4	9
棔	hun	1	13
棕	zong	1	290
棖	cheng	2	27
棗	zao	3	72
棘	ji	2	130
棙	li	4	0
棚	peng	2	651
棛	yu	4	0
棜	yu	4	9
棝	gu	4	7
棞	jun	4	5
棟	dong	4	13
棠	tang	2	291
棡	gang	1	3
棢	wang	3	0
棣	di	4	90
棤	cuo	4	6
棥	fan	2	0
棦	cheng	1	1
棧	zhan	4	4
棨	qi	3	5
棩	yuan	1	10
棪	yan	3	2
棫	yu	4	4
棬	quan	1	7
棭	yi	4	0
森	sen	1	2095
棯	ren	3	2
棰	chui	2	51
棱	leng	2	252
棲	qi	1	5
棳	zhuo	1	1
棴	fu	2	3
棵	ke	1	444
棶	lai	2	5
棷	zou	1	1
棸	zou	1	1
棹	zhao	4	61
棺	guan	1	270
棻	fen	1	8
棼	fen	2	6
棽	shen	1	2
棾	qing	2	0
棿	ni	2	0
椀	wan	3	69
椁	guo	3	34
椂	lu	4	0
椃	hao	2	0
椄	jie	1	4
椅	yi	3	318
椆	chou	2	1
椇	ju	3	2
椈	ju	2	9
椉	cheng	2	0
椊	zuo	2	0
椋	liang	2	35
椌	qiang	1	0
植	zhi	2	613
椎	zhui	1	165
椏	ya	1	4
椐	ju	1	32
椑	bei	1	2
椒	jiao	1	236
椓	zhuo	2	2
椔	zi	1	1
椕	bin	1	1
椖	peng	2	0
椗	ding	4	1
椘	chu	3	0
椙	chang	1	1
椚	men	1	1
椛	hua	1	4
検	jian	3	5
椝	gui	1	0
椞	xi	4	0
椟	du	2	10
椠	qian	4	3
椡	dao	4	4
椢	gui	4	1
椣	dian	3	1
椤	luo	2	46
椥	zhi	1	2
椦	quan	5	0
椧	ming	4	0
椨	fu	3	1
椩	geng	1	0
椪	peng	4	27
椫	shan	4	0
椬	yi	2	0
椭	tuo	3	17
椮	sen	1	0
椯	duo	3	0
椰	ye	1	287
椱	fu	4	0
椲	wei	3	1
椳	wei	1	0
椴	duan	4	61
椵	jia	3	1
椶	zong	1	1
椷	jian	1	1
椸	yi	2	1
椹	shen	4	5
椺	xi	2	0
椻	yan	4	3
椼	yan	3	3
椽	chuan	2	57
椾	jian	1	0
椿	chun	1	116
楀	yu	3	24
楁	he	2	20
楂	zha	1	13
楃	wo	4	0
楄	pian	2	6
楅	bi	1	16
楆	yao	1	0
楇	huo	4	0
楈	xu	1	1
楉	ruo	4	1
楊	yang	2	41
楋	la	4	2
楌	yan	2	0
楍	ben	3	0
楎	hui	1	0
楏	kui	2	1
楐	jie	4	0
楑	kui	2	0
楒	si	1	1
楓	feng	1	11
楔	xie	1	68
楕	tuo	3	1
楖	zhi	4	1
楗	jian	4	7
楘	mu	4	1
楙	mao	4	3
楚	chu	3	2427
楛	hu	4	4
楜	hu	2	1
楝	lian	4	26
楞	leng	2	506
楟	ting	2	1
楠	nan	2	720
楡	yu	2	1
楢	you	2	4
楣	mei	2	70
楤	song	3	0
楥	xuan	4	1
楦	xuan	4	18
楧	yang	3	0
楨	zhen	1	4
楩	pian	2	2
楪	die	2	1
楫	ji	2	26
楬	jie	2	2
業	ye	4	30
楮	chu	3	26
楯	dun	4	3
楰	yu	2	0
楱	zou	4	2
楲	wei	1	0
楳	mei	2	2
楴	ti	4	1
極	ji	2	49
楶	jie	2	1
楷	kai	3	228
楸	qiu	1	31
楹	ying	2	52
楺	rou	3	1
楻	huang	2	0
楼	lou	2	12718
楽	le	4	32
楾	quan	2	0
楿	xiang	1	0
榀	pin	3	10
榁	shi	3	0
概	gai	4	363
榃	tan	2	0
榄	lan	3	74
榅	wen	1	0
榆	yu	2	186
榇	chen	4	5
榈	lv	2	10
榉	ju	3	9
榊	shen	2	8
榋	chu	5	0
榌	bi	1	0
榍	xie	4	3
榎	jia	3	5
榏	yi	4	0
榐	zhan	3	0
榑	fu	2	1
榒	nuo	4	0
榓	mi	4	1
榔	lang	2	34
榕	rong	2	299
榖	gu	3	9
榗	jian	4	0
榘	ju	3	24
榙	ta	1	1
榚	yao	3	1
榛	zhen	1	65
榜	bang	3	2403
榝	sha	1	0
榞	yuan	2	0
榟	zi	3	0
榠	ming	2	1
榡	su	4	0
榢	jia	4	0
榣	yao	2	2
榤	jie	2	0
榥	huang	4	1
榦	gan	4	3
榧	fei	3	10
榨	zha	4	168
榩	qian	2	0
榪	ma	4	0
榫	sun	3	35
榬	yuan	2	0
榭	xie	4	91
榮	rong	2	22
榯	shi	2	1
榰	zhi	1	0
榱	cui	1	5
榲	wen	1	0
榳	ting	2	1
榴	liu	2	67
榵	rong	2	0
榶	tang	2	1
榷	que	4	14
榸	zhai	1	0
榹	si	1	0
榺	sheng	4	0
榻	ta	4	86
榼	ke	1	3
榽	xi	1	0
榾	gu	3	2
榿	qi	1	1
槀	gao	3	0
槁	gao	3	17
槂	sun	1	0
槃	pan	2	10
槄	tao	1	1
槅	ge	2	0
槆	chun	1	0
槇	dian	1	3
槈	nou	4	0
槉	ji	2	1
槊	shuo	4	23
構	gou	4	2
槌	chui	2	105
槍	qiang	1	16
槎	cha	2	62
槏	qian	3	1
槐	huai	2	243
槑	mei	2	0
槒	xu	4	0
槓	gang	4	5
槔	gao	1	4
槕	zhuo	1	0
槖	tuo	2	0
槗	qiao	2	0
様	yang	4	26
槙	dian	1	11
槚	jia	3	0
槛	kan	3	80
槜	zui	4	0
槝	dao	3	96
槞	long	2	24
槟	bin	1	25
槠	zhu	1	6
槡	sang	1	0
槢	xi	2	8
槣	ji	1	0
槤	lian	2	5
槥	hui	4	3
槦	yong	1	13
槧	qian	4	4
槨	guo	3	2
槩	gai	4	0
槪	gai	4	1
槫	tuan	2	4
槬	hua	4	4
槭	qi	4	15
槮	sen	1	2
槯	cui	1	0
槰	peng	2	0
槱	you	3	2
槲	hu	2	18
槳	jiang	3	3
槴	hu	4	1
槵	huan	4	0
槶	gui	4	1
槷	nie	4	1
槸	yi	4	27
槹	gao	1	3
槺	kang	1	0
槻	gui	1	7
槼	gui	1	7
槽	cao	2	997
槾	man	4	2
槿	jin	3	54
樀	di	2	5
樁	zhuang	1	2
樂	le	4	79
樃	lang	3	0
樄	chen	2	0
樅	cong	1	1
樆	li	2	1
樇	xiu	1	1
樈	qing	2	1
樉	shuang	3	2
樊	fan	2	633
樋	tong	1	6
樌	guan	4	1
樍	ze	2	1
樎	su	4	0
樏	lei	3	1
樐	lu	3	0
樑	liang	2	21
樒	mi	4	0
樓	lou	2	44
樔	chao	2	1
樕	su	4	1
樖	ke	1	1
樗	chu	1	15
樘	tang	2	21
標	biao	1	14
樚	lu	4	0
樛	jiu	1	3
樜	zhe	4	0
樝	zha	1	0
樞	shu	1	3
樟	zhang	1	120
樠	man	2	1
模	mo	2	1689
樢	niao	3	0
樣	yang	4	37
樤	tiao	2	0
樥	peng	2	0
樦	zhu	4	0
樧	sha	1	0
樨	xi	1	7
権	quan	2	5
横	heng	2	2622
樫	jian	1	3
樬	cong	1	0
樭	ji	1	0
樮	yan	1	0
樯	qiang	2	33
樰	xue	3	1
樱	ying	1	548
樲	er	4	1
樳	xun	2	0
樴	zhi	2	0
樵	qiao	2	162
樶	zui	1	2
樷	cong	2	0
樸	pu	3	6
樹	shu	4	53
樺	hua	4	20
樻	kui	4	27
樼	zhen	1	19
樽	zun	1	146
樾	yue	4	35
樿	shan	4	10
橀	xi	1	16
橁	chun	1	1
橂	dian	4	0
橃	fa	2	0
橄	gan	3	26
橅	mo	2	0
橆	wu	3	6
橇	qiao	1	45
橈	rao	2	3
橉	lin	4	1
橊	liu	2	0
橋	qiao	2	16
橌	xian	4	0
橍	run	4	0
橎	fan	2	0
橏	zhan	3	1
橐	tuo	2	23
橑	liao	2	1
橒	yun	2	1
橓	shun	4	1
橔	dun	1	1
橕	cheng	1	3
橖	tang	2	1
橗	meng	2	0
橘	ju	2	216
橙	cheng	2	483
橚	su	4	3
橛	jue	2	11
橜	jue	2	0
橝	dian	4	1
橞	hui	4	1
機	ji	1	56
橠	nuo	3	0
橡	xiang	4	95
橢	tuo	3	1
橣	ning	3	0
橤	rui	3	0
橥	zhu	1	6
橦	tong	2	5
橧	zeng	1	0
橨	fen	2	1
橩	qiong	2	0
橪	ran	3	1
橫	heng	2	19
橬	qian	2	0
橭	gu	1	0
橮	liu	3	0
橯	lao	4	0
橰	gao	1	0
橱	chu	2	96
橲	xi	3	0
橳	sheng	4	0
橴	zi	3	0
橵	san	5	0
橶	ji	2	0
橷	dou	1	0
橸	jing	1	2
橹	lu	3	46
橺	jian	5	0
橻	chu	5	0
橼	yuan	2	10
橽	ta	4	0
橾	shu	1	2
橿	jiang	1	1
檀	tan	2	189
檁	lin	3	0
檂	nong	2	0
檃	yin	3	2
檄	xi	2	25
檅	hui	4	0
檆	shan	1	0
檇	zui	4	2
檈	xuan	2	0
檉	cheng	1	1
檊	gan	4	0
檋	ju	2	0
檌	zui	4	1
檍	yi	4	1
檎	qin	2	4
檏	pu	3	0
檐	yan	2	187
檑	lei	2	3
檒	feng	1	2
檓	hui	3	0
檔	dang	4	39
檕	ji	4	1
檖	sui	4	0
檗	bo	4	6
檘	ping	2	0
檙	cheng	2	0
檚	chu	3	0
檛	zhua	1	1
檜	gui	4	2
檝	ji	2	0
檞	jie	3	4
檟	jia	3	0
檠	qing	2	9
檡	zhai	2	1
檢	jian	3	7
檣	qiang	2	1
檤	dao	4	8
檥	yi	3	1
檦	biao	3	1
檧	song	1	0
檨	she	1	1
檩	lin	3	13
檪	li	4	1
檫	cha	2	50
檬	meng	2	100
檭	yin	2	1
檮	tao	2	2
檯	tai	2	4
檰	mian	2	0
檱	qi	2	0
檲	tuan	2	0
檳	bin	1	1
檴	huo	4	0
檵	ji	4	0
檶	qian	1	2
檷	ni	3	2
檸	ning	2	4
檹	yi	1	1
檺	gao	3	5
檻	kan	3	3
檼	yin	4	0
檽	nou	4	3
檾	qing	3	0
檿	yan	3	0
櫀	qi	2	0
櫁	mi	4	12
櫂	zhao	4	16
櫃	gui	4	40
櫄	chun	1	0
櫅	ji	1	12
櫆	kui	2	7
櫇	po	2	5
櫈	deng	4	0
櫉	chu	2	0
櫊	ge	2	0
櫋	mian	2	2
櫌	you	1	5
櫍	zhi	4	1
櫎	huang	3	0
櫏	qian	1	1
櫐	lei	3	1
櫑	lei	2	1
櫒	sa	4	0
櫓	lu	3	4
櫔	li	4	0
櫕	cuan	2	0
櫖	lv	4	0
櫗	mie	4	0
櫘	hui	4	0
櫙	ou	1	4
櫚	lv	2	1
櫛	zhi	4	1
櫜	gao	1	3
櫝	du	2	1
櫞	yuan	2	1
櫟	li	4	2
櫠	fei	4	5
櫡	zhuo	2	1
櫢	sou	3	1
櫣	lian	2	0
櫤	jiang	4	3
櫥	chu	2	2
櫦	qing	4	0
櫧	zhu	1	4
櫨	lu	2	2
櫩	yan	2	0
櫪	li	4	1
櫫	zhu	1	2
櫬	chen	4	1
櫭	jie	2	0
櫮	e	4	0
櫯	su	1	0
櫰	huai	2	1
櫱	nie	4	1
櫲	yu	4	0
櫳	long	2	1
櫴	lai	4	0
櫵	jiao	5	0
櫶	xian	3	0
櫷	gui	1	0
櫸	ju	3	1
櫹	xiao	1	1
櫺	ling	2	1
櫻	ying	1	13
櫼	jian	1	1
櫽	yin	3	0
櫾	you	2	0
櫿	ying	2	0
欀	xiang	1	7
欁	nong	2	0
欂	bo	2	1
欃	chan	2	1
欄	lan	2	5
欅	ju	3	0
欆	shuang	1	0
欇	she	4	0
欈	wei	2	1
欉	cong	2	1
權	quan	2	25
欋	qu	2	1
欌	cang	2	2
欍	jiu	4	0
欎	yu	4	0
欏	luo	2	19
欐	li	4	12
欑	cuan	2	11
欒	luan	2	11
欓	dang	3	16
欔	jue	2	0
欕	yan	2	0
欖	lan	3	2
欗	lan	2	1
欘	zhu	2	2
欙	lei	2	5
欚	li	3	1
欛	ba	4	0
欜	nang	2	0
欝	yu	4	1
欞	ling	2	1
欟	guang	5	0
欠	qian	4	2805
次	ci	4	21278
欢	huan	1	1313
欣	xin	1	1587
欤	yu	2	49
欥	yi	4	1
欦	qian	1	0
欧	ou	1	3041
欨	xu	1	1
欩	chao	1	0
欪	chu	4	0
欫	qi	4	0
欬	kai	4	3
欭	yi	4	0
欮	jue	2	0
欯	xi	4	0
欰	xu	4	0
欱	he	1	1
欲	yu	4	4883
欳	kui	4	0
欴	lang	2	0
欵	kuan	3	0
欶	shuo	4	1
欷	xi	1	12
欸	ai	3	16
欹	qi	1	33
欺	qi	1	344
欻	xu	1	2
欼	chi	3	1
欽	qin	1	6
款	kuan	3	6685
欿	kan	3	1
歀	kuan	3	0
歁	kan	3	1
歂	chuan	3	1
歃	sha	4	3
歄	gua	1	0
歅	yin	1	1
歆	xin	1	144
歇	xie	1	776
歈	yu	2	1
歉	qian	4	139
歊	xiao	1	1
歋	ye	4	0
歌	ge	1	11397
歍	wu	1	1
歎	tan	4	5
歏	jin	4	0
歐	ou	1	21
歑	hu	1	1
歒	ti	4	0
歓	huan	1	2
歔	xu	1	8
歕	pen	1	1
歖	xi	3	2
歗	xiao	4	0
歘	chua	1	0
歙	she	4	18
歚	shan	4	0
歛	han	1	2
歜	chu	4	2
歝	yi	4	0
歞	e	4	1
歟	yu	2	2
歠	chuo	4	2
歡	huan	1	18
止	zhi	3	1425
正	zheng	4	20523
此	ci	3	17237
步	bu	4	3931
武	wu	3	3161
歧	qi	2	138
歨	bu	4	0
歩	bu	4	16
歪	wai	1	1361
歫	ju	4	0
歬	qian	2	0
歭	chi	2	3
歮	se	4	0
歯	chi	3	7
歰	se	4	0
歱	zhong	3	0
歲	sui	4	35
歳	sui	4	5
歴	li	4	6
歵	ze	2	0
歶	yu	2	0
歷	li	4	7
歸	gui	1	28
歹	dai	3	89
歺	e	4	0
死	si	3	36726
歼	jian	1	226
歽	zhe	2	0
歾	mo	4	0
歿	mo	4	4
殀	yao	1	1
殁	mo	4	55
殂	cu	2	14
殃	yang	1	58
殄	tian	3	19
殅	sheng	1	0
殆	dai	4	69
殇	shang	1	214
殈	xu	4	1
殉	xun	4	58
殊	shu	1	288
残	can	2	1738
殌	jue	2	1
殍	piao	3	14
殎	qia	4	1
殏	qiu	2	1
殐	su	4	0
殑	qing	2	97
殒	yun	3	39
殓	lian	4	39
殔	yi	4	1
殕	fou	3	1
殖	zhi	2	74
殗	ye	4	2
殘	can	2	22
殙	hun	1	1
殚	dan	1	30
殛	ji	2	29
殜	die	2	0
殝	zhen	1	0
殞	yun	3	3
殟	wen	1	1
殠	chou	4	1
殡	bin	4	35
殢	ti	4	6
殣	jin	4	10
殤	shang	1	6
殥	yin	2	2
殦	diao	1	1
殧	jiu	4	3
殨	hui	4	0
殩	cuan	4	0
殪	yi	4	14
殫	dan	1	7
殬	du	4	0
殭	jiang	1	14
殮	lian	4	53
殯	bin	4	21
殰	du	2	24
殱	jian	1	7
殲	jian	1	7
殳	shu	1	19
殴	ou	1	163
段	duan	4	7980
殶	zhu	4	3
殷	yin	1	984
殸	qing	4	0
殹	yi	4	0
殺	sha	1	57
殻	qiao	4	2
殼	ke	2	12
殽	xiao	2	7
殾	xun	4	0
殿	dian	4	1153
毀	hui	3	12
毁	hui	3	1200
毂	gu	3	39
毃	qiao	1	1
毄	ji	1	1
毅	yi	4	784
毆	ou	1	4
毇	hui	3	1
毈	duan	4	1
毉	yi	1	1
毊	xiao	1	3
毋	wu	2	213
毌	guan	4	2
母	mu	3	2619
毎	mei	3	8
每	mei	3	19115
毐	ai	3	20
毑	jie	3	0
毒	du	2	3811
毓	yu	4	259
比	bi	3	68654
毕	bi	4	1112
毖	bi	4	12
毗	pi	2	128
毘	pi	2	6
毙	bi	4	198
毚	chan	2	2
毛	mao	2	10978
毜	hao	2	0
毝	cai	3	0
毞	pi	2	2
毟	lie	3	1
毠	jia	1	1
毡	zhan	1	122
毢	sai	1	1
毣	mu	4	1
毤	tuo	4	1
毥	xun	2	0
毦	er	3	2
毧	rong	2	1
毨	xian	3	0
毩	ju	2	0
毪	mu	2	2
毫	hao	2	281
毬	qiu	2	11
毭	dou	4	0
毮	sha	1	0
毯	tan	3	125
毰	pei	2	0
毱	ju	2	0
毲	duo	1	0
毳	cui	4	8
毴	bi	1	0
毵	san	1	5
毶	san	1	0
毷	mao	4	0
毸	sai	1	0
毹	shu	1	5
毺	shu	1	0
毻	tuo	4	0
毼	he	2	1
毽	jian	4	7
毾	ta	4	1
毿	san	1	0
氀	lv	2	64
氁	mu	2	0
氂	mao	2	3
氃	tong	2	1
氄	rong	3	0
氅	chang	3	12
氆	pu	3	14
氇	lu	5	14
氈	zhan	1	2
氉	sao	4	0
氊	zhan	1	0
氋	meng	2	0
氌	lu	3	1
氍	qu	2	9
氎	die	2	0
氏	shi	4	2548
氐	di	1	44
民	min	2	4896
氒	jue	2	0
氓	mang	2	68
气	qi	4	9442
氕	pie	1	2
氖	nai	3	48
気	qi	4	14
氘	dao	1	20
氙	xian	1	9
氚	chuan	1	18
氛	fen	1	35
氜	yang	2	0
氝	nei	4	1
氞	bin	5	0
氟	fu	2	409
氠	shen	1	1
氡	dong	1	50
氢	qing	1	493
氣	qi	4	56
氤	yin	1	13
氥	xi	1	3
氦	hai	4	75
氧	yang	3	762
氨	an	1	413
氩	ya	4	36
氪	ke	4	22
氫	qing	1	16
氬	ya	4	23
氭	dong	1	0
氮	dan	4	516
氯	lv	4	411
氰	qing	2	111
氱	yang	3	0
氲	yun	1	20
氳	yun	1	10
水	shui	3	27608
氵	shui	5	88
氶	zheng	3	14
氷	bing	1	70
永	yong	3	2712
氹	dang	4	0
氺	shui	3	0
氻	le	4	2
氼	ni	4	0
氽	tun	3	55
氾	fan	2	4
氿	jiu	3	1
汀	ting	1	360
汁	zhi	1	1193
求	qiu	2	6812
汃	bin	1	0
汄	ze	4	0
汅	mian	3	0
汆	cuan	1	33
汇	hui	4	1959
汈	diao	1	0
汉	han	4	3523
汊	cha	4	48
汋	zhuo	2	1
汌	chuan	4	1
汍	wan	2	3
汎	fan	4	4
汏	da	4	10
汐	xi	1	133
汑	tuo	1	0
汒	mang	2	1
汓	qiu	2	0
汔	qi	4	20
汕	shan	4	105
汖	pin	4	0
汗	han	4	13318
汘	qian	1	0
汙	wu	1	5
汚	wu	1	1
汛	xun	4	82
汜	si	4	23
汝	ru	3	918
汞	gong	3	260
江	jiang	1	5217
池	chi	2	1964
污	wu	1	375
汢	tu	5	1
汣	jiu	3	0
汤	tang	1	4871
汥	zhi	1	1
汦	zhi	3	0
汧	qian	1	4
汨	mi	4	18
汩	gu	3	12
汪	wang	1	1887
汫	jing	3	2
汬	jing	3	0
汭	rui	4	4
汮	jun	1	0
汯	hong	2	2
汰	tai	4	70
汱	quan	3	1
汲	ji	2	132
汳	bian	4	0
汴	bian	4	45
汵	gan	4	0
汶	wen	4	189
汷	zhong	1	0
汸	fang	1	4
汹	xiong	1	12
決	jue	2	10
汻	hu	3	3
汼	niu	2	0
汽	qi	4	416
汾	fen	2	86
汿	xu	4	0
沀	xu	4	0
沁	qin	4	523
沂	yi	2	100
沃	wo	4	607
沄	yun	2	6
沅	yuan	2	115
沆	hang	4	11
沇	yan	3	2
沈	shen	3	6710
沉	chen	2	1555
沊	dan	4	1
沋	you	2	3
沌	dun	4	25
沍	hu	4	1
沎	huo	4	0
沏	qi	1	80
沐	mu	4	427
沑	nv	4	0
沒	mei	2	317
沓	da	2	98
沔	mian	3	24
沕	mi	4	4
沖	chong	1	24
沗	pang	1	0
沘	bi	3	2
沙	sha	1	4071
沚	zhi	3	7
沛	pei	4	290
沜	pan	4	1
沝	zhui	3	4
沞	za	1	0
沟	gou	1	1802
沠	liu	2	0
没	mei	2	295035
沢	ze	2	34
沣	feng	1	92
沤	ou	4	49
沥	li	4	346
沦	lun	2	97
沧	cang	1	418
沨	feng	1	0
沩	wei	2	13
沪	hu	4	1441
沫	mo	4	307
沬	mei	4	16
沭	shu	4	27
沮	ju	3	48
沯	za	2	0
沰	tuo	1	1
沱	tuo	2	76
沲	tuo	2	4
河	he	2	3946
沴	li	4	3
沵	mi	3	0
沶	yi	2	1
沷	fa	1	2
沸	fei	4	175
油	you	2	5961
沺	tian	2	1
治	zhi	4	3536
沼	zhao	3	125
沽	gu	1	308
沾	zhan	1	737
沿	yan	2	1672
泀	si	1	1
況	kuang	4	7
泂	jiong	3	2
泃	ju	1	3
泄	xie	4	487
泅	qiu	2	50
泆	yi	4	5
泇	jia	1	2
泈	zhong	1	0
泉	quan	2	1889
泊	po	1	339
泋	hui	4	0
泌	mi	4	62
泍	ben	1	1
泎	ze	2	0
泏	zhu	2	0
泐	le	4	25
泑	you	1	2
泒	gu	1	2
泓	hong	2	239
泔	gan	1	9
法	fa	3	18506
泖	mao	3	6
泗	si	4	133
泘	hu	1	0
泙	ping	2	2
泚	ci	3	11
泛	fan	4	845
泜	zhi	1	1
泝	su	4	1
泞	ning	4	9
泟	cheng	1	0
泠	ling	2	150
泡	pao	4	5700
波	bo	1	5395
泣	qi	4	289
泤	si	4	0
泥	ni	2	1944
泦	ju	2	0
泧	sa	4	1
注	zhu	4	2808
泩	sheng	1	8
泪	lei	4	2586
泫	xuan	4	24
泬	jue	2	2
泭	fu	2	2
泮	pan	4	47
泯	min	3	101
泰	tai	4	2095
泱	yang	1	35
泲	ji	3	2
泳	yong	3	372
泴	guan	4	0
泵	beng	4	852
泶	xue	2	4
泷	long	2	48
泸	lu	2	47
泹	dan	4	5
泺	luo	4	11
泻	xie	4	555
泼	po	1	655
泽	ze	2	2235
泾	jing	1	116
泿	yin	2	0
洀	pan	2	60
洁	jie	2	1187
洂	ye	4	0
洃	hui	1	2
洄	hui	2	24
洅	zai	4	0
洆	cheng	2	0
洇	yin	1	29
洈	wei	2	3
洉	hou	4	4
洊	jian	4	7
洋	yang	2	3567
洌	lie	4	27
洍	si	4	5
洎	ji	4	16
洏	er	2	20
洐	xing	2	10
洑	fu	2	17
洒	sa	3	828
洓	qi	4	0
洔	zhi	3	0
洕	yin	4	0
洖	wu	2	16
洗	xi	3	9016
洘	kao	3	7
洙	zhu	1	117
洚	jiang	4	16
洛	luo	4	1822
洜	luo	4	0
洝	an	4	4
洞	dong	4	2922
洟	ti	4	8
洠	mou	2	2
洡	lei	4	0
洢	yi	1	2
洣	mi	3	0
洤	quan	2	0
津	jin	1	954
洦	po	4	0
洧	wei	3	23
洨	xiao	2	4
洩	xie	4	10
洪	hong	2	2297
洫	xu	4	3
洬	su	4	1
洭	kuang	1	3
洮	tao	2	35
洯	qie	4	5
洰	ju	4	6
洱	er	3	38
洲	zhou	1	1298
洳	ru	4	17
洴	ping	2	3
洵	xun	2	74
洶	xiong	1	1
洷	zhi	4	1
洸	guang	1	11
洹	huan	2	34
洺	ming	2	20
活	huo	2	8740
洼	wa	1	170
洽	qia	4	281
派	pai	4	6066
洿	wu	1	7
浀	qu	1	1
流	liu	2	6305
浂	yi	4	1
浃	jia	1	8
浄	jing	4	3
浅	qian	3	1637
浆	jiang	1	629
浇	jiao	1	711
浈	zhen	1	12
浉	shi	1	0
浊	zhuo	2	292
测	ce	4	3189
浌	fa	2	0
浍	hui	4	16
济	ji	4	949
浏	liu	2	57
浐	chan	3	0
浑	hun	2	278
浒	hu	3	32
浓	nong	2	1519
浔	xun	2	43
浕	jin	4	0
浖	lie	4	0
浗	qiu	2	0
浘	wei	3	12
浙	zhe	4	402
浚	jun	4	58
浛	han	2	0
浜	bang	1	1173
浝	mang	2	0
浞	zhuo	2	8
浟	you	2	1
浠	xi	1	56
浡	bo	2	7
浢	dou	4	1
浣	huan	4	188
浤	hong	2	2
浥	yi	4	10
浦	pu	3	752
浧	ying	3	1
浨	lan	3	1
浩	hao	4	1631
浪	lang	4	2108
浫	han	3	0
浬	li	3	5
浭	geng	1	3
浮	fu	2	1008
浯	wu	2	12
浰	lian	4	1
浱	chun	2	0
浲	feng	2	0
浳	yi	4	0
浴	yu	4	1203
浵	tong	2	5
浶	lao	2	1
海	hai	3	12451
浸	jin	4	569
浹	jia	1	1
浺	chong	1	0
浻	jiong	3	2
浼	mei	3	30
浽	sui	1	1
浾	cheng	1	0
浿	pei	4	2
涀	xian	4	1
涁	shen	4	0
涂	tu	2	1910
涃	kun	4	1
涄	ping	1	0
涅	nie	4	767
涆	han	4	1
涇	jing	1	1
消	xiao	1	1489
涉	she	4	696
涊	nian	3	2
涋	tu	1	1
涌	yong	3	736
涍	xiao	4	1
涎	xian	2	76
涏	ting	3	0
涐	e	2	22
涑	su	4	14
涒	tun	1	4
涓	juan	1	222
涔	cen	2	105
涕	ti	4	137
涖	li	4	4
涗	shui	4	6
涘	si	4	23
涙	lei	4	17
涚	shui	4	0
涛	tao	1	1601
涜	du	2	9
涝	lao	4	177
涞	lai	2	31
涟	lian	2	100
涠	wei	2	8
涡	wo	1	162
涢	yun	2	0
涣	huan	4	50
涤	di	2	143
涥	heng	1	0
润	run	4	1431
涧	jian	4	260
涨	zhang	3	11728
涩	se	4	553
涪	fu	2	34
涫	guan	4	8
涬	xing	4	3
涭	shou	4	0
涮	shuan	4	272
涯	ya	2	312
涰	chuo	4	0
涱	zhang	4	0
液	ye	4	1859
涳	kong	1	9
涴	wo	4	4
涵	han	2	1185
涶	tuo	1	0
涷	dong	1	2
涸	he	2	37
涹	wo	1	0
涺	ju	1	1
涻	she	4	7
涼	liang	2	17
涽	hun	1	1
涾	ta	4	1
涿	zhuo	1	18
淀	dian	4	75
淁	qie	4	0
淂	de	2	23
淃	juan	4	1
淄	zi	1	29
淅	xi	1	29
淆	xiao	2	12
淇	qi	2	257
淈	gu	3	1
淉	guo	3	8
淊	yan	1	1
淋	lin	2	781
淌	tang	3	270
淍	zhou	1	2
淎	peng	3	0
淏	hao	4	8
淐	chang	1	1
淑	shu	1	768
淒	qi	1	3
淓	fang	1	1
淔	zhi	2	1
淕	lu	4	0
淖	nao	4	37
淗	ju	2	1
淘	tao	2	943
淙	cong	2	23
淚	lei	4	37
淛	zhe	4	3
淜	peng	2	1
淝	fei	2	20
淞	song	1	77
淟	tian	3	1
淠	pi	4	10
淡	dan	4	1981
淢	yu	4	1
淣	ni	2	0
淤	yu	1	379
淥	lu	4	1
淦	gan	4	79
淧	mi	4	0
淨	jing	4	16
淩	ling	2	5
淪	lun	2	3
淫	yin	2	1150
淬	cui	4	78
淭	qu	2	0
淮	huai	2	403
淯	yu	4	4
淰	nian	3	3
深	shen	1	6820
淲	biao	1	1
淳	chun	2	323
淴	hu	1	2
淵	yuan	1	9
淶	lai	2	1
混	hun	4	7535
淸	qing	1	6
淹	yan	1	292
淺	qian	3	10
添	tian	1	2385
淼	miao	3	224
淽	zhi	3	1
淾	yin	3	0
淿	bo	2	0
渀	ben	4	28
渁	yuan	1	0
渂	wen	4	0
渃	ruo	4	2
渄	fei	1	0
清	qing	1	8578
渆	yuan	1	0
渇	ke	3	2
済	ji	4	7
渉	she	4	2
渊	yuan	1	454
渋	se	4	2
渌	lu	4	30
渍	zi	4	190
渎	du	2	52
渏	yi	1	0
渐	jian	4	1037
渑	mian	3	2
渒	pai	4	0
渓	xi	1	1
渔	yu	2	463
渕	yuan	1	2
渖	shen	3	3
渗	shen	4	314
渘	rou	2	0
渙	huan	4	1
渚	zhu	3	145
減	jian	3	10
渜	nuan	3	0
渝	yu	2	768
渞	qiu	2	0
渟	ting	2	4
渠	qu	2	667
渡	du	4	1108
渢	fan	2	1
渣	zha	1	989
渤	bo	2	106
渥	wo	4	85
渦	wo	1	3
渧	di	4	3
渨	wei	1	1
温	wen	1	2981
渪	ru	2	0
渫	xie	4	7
測	ce	4	13
渭	wei	4	157
渮	he	2	1
港	gang	3	4237
渰	yan	3	1
渱	hong	2	1
渲	xuan	4	50
渳	mi	3	1
渴	ke	3	429
渵	mao	2	0
渶	ying	1	8
渷	yan	3	0
游	you	2	5120
渹	hong	1	1
渺	miao	3	143
渻	sheng	3	4
渼	mei	3	7
渽	zai	1	1
渾	hun	2	4
渿	nai	4	1
湀	gui	3	7
湁	chi	4	21
湂	e	4	0
湃	pai	4	29
湄	mei	2	109
湅	lian	4	9
湆	qi	4	3
湇	qi	4	8
湈	mei	2	0
湉	tian	2	8
湊	cou	4	10
湋	wei	2	2
湌	can	1	0
湍	tuan	1	43
湎	mian	3	5
湏	hui	4	0
湐	mo	4	0
湑	xu	1	3
湒	ji	2	2
湓	pen	2	9
湔	jian	1	13
湕	jian	3	4
湖	hu	2	3137
湗	feng	4	0
湘	xiang	1	1318
湙	yi	4	0
湚	yin	4	22
湛	zhan	4	284
湜	shi	2	47
湝	jie	1	153
湞	cheng	1	25
湟	huang	2	26
湠	tan	4	22
湡	yu	2	17
湢	bi	4	17
湣	min	3	11
湤	shi	1	2
湥	tu	1	3
湦	sheng	1	5
湧	yong	3	12
湨	ju	2	1
湩	dong	4	2
湪	tuan	4	0
湫	jiao	3	13
湬	jiao	3	0
湭	qiu	2	0
湮	yan	1	31
湯	tang	1	35
湰	long	2	0
湱	huo	4	4
湲	yuan	2	3
湳	nan	3	3
湴	ban	4	10
湵	you	3	0
湶	quan	2	2
湷	zhuang	1	5
湸	liang	4	2
湹	chan	2	2
湺	xian	2	1
湻	chun	2	0
湼	nie	4	0
湽	zi	1	0
湾	wan	1	1416
湿	shi	1	1838
満	man	3	34
溁	ying	2	0
溂	la	4	4
溃	kui	4	179
溄	feng	2	0
溅	jian	4	416
溆	xu	4	6
溇	lou	2	0
溈	wei	2	2
溉	gai	4	19
溊	bo	1	0
溋	ying	2	0
溌	po	1	1
溍	jin	4	5
溎	yan	4	1
溏	tang	2	54
源	yuan	2	4426
溑	suo	3	0
溒	yuan	2	0
溓	lian	2	1
溔	yao	3	1
溕	meng	2	0
準	zhun	3	15
溗	cheng	2	0
溘	ke	4	7
溙	tai	4	1
溚	da	2	0
溛	wa	1	0
溜	liu	1	982
溝	gou	1	8
溞	sao	1	4
溟	ming	2	330
溠	zha	4	1
溡	shi	2	8
溢	yi	4	401
溣	lun	4	1
溤	ma	3	0
溥	pu	3	79
溦	wei	1	14
溧	li	4	32
溨	zai	1	0
溩	wu	4	0
溪	xi	1	1301
溫	wen	1	19
溬	qiang	1	0
溭	ze	2	0
溮	shi	1	0
溯	su	4	135
溰	ai	2	0
溱	qin	2	29
溲	sou	1	13
溳	yun	2	0
溴	xiu	4	181
溵	yin	1	0
溶	rong	2	491
溷	hun	4	20
溸	su	4	0
溹	suo	3	1
溺	ni	4	64
溻	ta	1	15
溼	shi	1	2
溽	ru	4	12
溾	ai	1	1
溿	pan	4	2
滀	chu	4	11
滁	chu	2	33
滂	pang	1	32
滃	weng	1	23
滄	cang	1	13
滅	mie	4	33
滆	ge	2	8
滇	dian	1	278
滈	hao	4	11
滉	huang	4	5
滊	xi	4	4
滋	zi	1	317
滌	di	2	5
滍	zhi	4	3
滎	xing	2	1
滏	fu	3	21
滐	jie	2	2
滑	hua	2	1467
滒	ge	1	1
滓	zi	3	20
滔	tao	1	118
滕	teng	2	482
滖	sui	1	1
滗	bi	4	59
滘	jiao	4	46
滙	hui	4	0
滚	gun	3	3811
滛	yin	2	0
滜	gao	1	0
滝	long	2	5
滞	zhi	4	328
滟	yan	4	50
滠	she	4	8
满	man	3	12039
滢	ying	2	114
滣	chun	2	0
滤	lv	4	245
滥	lan	4	425
滦	luan	2	30
滧	yao	2	0
滨	bin	1	643
滩	tan	1	570
滪	yu	4	0
滫	xiu	3	1
滬	hu	4	5
滭	bi	4	0
滮	biao	1	1
滯	zhi	4	7
滰	jiang	4	0
滱	kou	4	1
滲	shen	4	2
滳	shang	1	0
滴	di	1	11816
滵	mi	4	0
滶	ao	2	0
滷	lu	3	1
滸	hu	3	2
滹	hu	1	21
滺	you	1	0
滻	chan	3	1
滼	fan	4	0
滽	yong	1	0
滾	gun	3	14
滿	man	3	52
漀	qing	3	65
漁	yu	2	6
漂	piao	4	901
漃	ji	4	2
漄	ya	2	0
漅	chao	2	1
漆	qi	1	1018
漇	xi	3	0
漈	ji	4	16
漉	lu	4	35
漊	lou	2	1
漋	long	2	0
漌	jin	3	0
漍	guo	2	0
漎	cong	2	1
漏	lou	4	1850
漐	zhi	2	0
漑	gai	4	1
漒	qiang	2	1
漓	li	2	57
演	yan	3	4606
漕	cao	2	75
漖	jiao	4	0
漗	cong	1	0
漘	chun	2	1
漙	tuan	2	2
漚	ou	1	1
漛	teng	2	0
漜	ye	3	0
漝	xi	2	0
漞	mi	4	0
漟	tang	2	1
漠	mo	4	204
漡	shang	1	1
漢	han	4	27
漣	lian	2	2
漤	lan	3	6
漥	wa	1	4
漦	chi	2	0
漧	gan	1	0
漨	feng	2	0
漩	xuan	2	59
漪	yi	1	149
漫	man	4	945
漬	zi	4	2
漭	mang	3	8
漮	kang	1	1
漯	luo	4	6
漰	peng	1	1
漱	shu	4	141
漲	zhang	3	14
漳	zhang	1	101
漴	chong	2	0
漵	xu	4	1
漶	huan	4	5
漷	huo	3	5
漸	jian	4	13
漹	yan	1	1
漺	shuang	3	1
漻	liao	2	1
漼	cui	3	2
漽	ti	2	0
漾	yang	4	216
漿	jiang	1	4
潀	cong	2	1
潁	ying	3	2
潂	hong	2	0
潃	xiu	3	8
潄	shu	4	0
潅	guan	4	2
潆	ying	2	14
潇	xiao	1	250
潈	zong	5	0
潉	kun	1	0
潊	xu	4	0
潋	lian	4	28
潌	zhi	4	0
潍	wei	2	38
潎	pi	4	2
潏	yu	4	4
潐	jiao	4	3
潑	po	1	6
潒	dang	4	4
潓	hui	4	1
潔	jie	2	9
潕	wu	3	5
潖	pa	2	0
潗	ji	2	4
潘	pan	1	2491
潙	wei	2	0
潚	su	4	5
潛	qian	2	6
潜	qian	2	735
潝	xi	1	2
潞	lu	4	109
潟	xi	4	2
潠	xun	4	1
潡	dun	4	3
潢	huang	2	23
潣	min	3	4
潤	run	4	15
潥	su	4	0
潦	liao	2	28
潧	zhen	1	25
潨	cong	2	0
潩	yi	4	69
潪	zhe	4	29
潫	wan	1	12
潬	shan	4	8
潭	tan	2	586
潮	chao	2	1394
潯	xun	2	7
潰	kui	4	12
潱	ye	1	0
潲	shao	4	6
潳	tu	2	2
潴	zhu	1	31
潵	sa	3	0
潶	hei	1	6
潷	bi	4	1
潸	shan	1	6
潹	chan	2	0
潺	chan	2	22
潻	shu	3	4
潼	tong	2	71
潽	pu	1	3
潾	lin	2	2
潿	wei	2	1
澀	se	4	8
澁	se	4	1
澂	cheng	2	7
澃	jiong	3	0
澄	cheng	2	443
澅	hua	4	1
澆	jiao	1	5
澇	lao	4	1
澈	che	4	262
澉	gan	3	4
澊	cun	1	0
澋	hong	4	2
澌	si	1	7
澍	shu	4	73
澎	peng	2	108
澏	han	2	0
澐	yun	2	4
澑	liu	4	1
澒	hong	4	2
澓	fu	2	1
澔	hao	4	5
澕	he	2	2
澖	xian	2	1
澗	jian	4	5
澘	shan	1	0
澙	xi	4	0
澚	yu	5	0
澛	lu	3	0
澜	lan	2	376
澝	ning	4	0
澞	yu	2	1
澟	lin	3	0
澠	mian	3	0
澡	zao	3	1029
澢	dang	1	1
澣	huan	4	2
澤	ze	2	25
澥	xie	4	5
澦	yu	4	1
澧	li	3	51
澨	shi	4	1
澩	xue	2	1
澪	ling	2	4
澫	wan	4	2
澬	zi	1	2
澭	yong	1	2
澮	hui	4	1
澯	can	4	1
澰	lian	4	0
澱	dian	4	1
澲	ye	4	1
澳	ao	4	857
澴	huan	2	1
澵	zhen	1	0
澶	chan	2	65
澷	man	4	0
澸	dan	3	1
澹	dan	4	37
澺	yi	4	1
澻	sui	4	0
澼	pi	4	3
澽	ju	4	1
澾	ta	4	1
澿	qin	2	1
激	ji	1	594
濁	zhuo	2	8
濂	lian	2	107
濃	nong	2	12
濄	guo	1	9
濅	jin	4	0
濆	fen	2	18
濇	se	4	16
濈	ji	2	15
濉	sui	1	9
濊	hui	4	11
濋	chu	3	18
濌	ta	4	1
濍	song	1	2
濎	ding	3	1
濏	se	4	1
濐	zhu	3	0
濑	lai	4	171
濒	bin	1	47
濓	lian	2	0
濔	mi	3	0
濕	shi	1	11
濖	shu	4	0
濗	mi	4	0
濘	ning	4	1
濙	ying	2	0
濚	ying	2	1
濛	meng	2	19
濜	jin	4	0
濝	qi	2	0
濞	bi	4	41
濟	ji	4	10
濠	hao	2	114
濡	ru	2	93
濢	cui	4	1
濣	wo	4	1
濤	tao	1	6
濥	yin	3	0
濦	yin	3	0
濧	dui	4	1
濨	ci	2	1
濩	huo	4	3
濪	qing	4	0
濫	lan	4	5
濬	jun	4	9
濭	ai	3	1
濮	pu	2	119
濯	zhuo	2	72
濰	wei	2	1
濱	bin	1	4
濲	gu	3	0
濳	qian	2	1
濴	ying	2	1
濵	bin	1	1
濶	kuo	4	3
濷	fei	4	0
濸	cang	1	0
濹	me	5	0
濺	jian	4	7
濻	wei	3	0
濼	luo	4	1
濽	zan	4	0
濾	lv	4	3
濿	li	4	2
瀀	you	1	48
瀁	yang	4	1
瀂	lu	3	0
瀃	si	4	0
瀄	zhi	4	0
瀅	ying	2	2
瀆	du	2	2
瀇	wang	3	0
瀈	hui	1	0
瀉	xie	4	10
瀊	pan	2	0
瀋	shen	3	2
瀌	biao	1	1
瀍	chan	2	6
瀎	mo	4	1
瀏	liu	2	3
瀐	jian	1	0
瀑	pu	4	194
瀒	se	4	0
瀓	cheng	2	0
瀔	gu	3	1
瀕	bin	1	1
瀖	huo	4	0
瀗	xian	4	0
瀘	lu	2	1
瀙	qin	4	1
瀚	han	4	229
瀛	ying	2	131
瀜	rong	2	1
瀝	li	4	4
瀞	jing	4	9
瀟	xiao	1	2
瀠	ying	2	1
瀡	sui	3	2
瀢	wei	3	1
瀣	xie	4	9
瀤	huai	2	0
瀥	xue	4	0
瀦	zhu	1	7
瀧	long	2	3
瀨	lai	4	9
瀩	dui	4	1
瀪	fan	2	1
瀫	hu	2	1
瀬	lai	4	18
瀭	shu	1	0
瀮	ling	5	0
瀯	ying	2	4
瀰	mi	2	1
瀱	ji	4	1
瀲	lian	4	1
瀳	jian	4	1
瀴	ying	2	1
瀵	fen	4	24
瀶	lin	2	0
瀷	yi	4	6
瀸	jian	1	1
瀹	yue	4	61
瀺	chan	2	3
瀻	dai	4	2
瀼	rang	2	4
瀽	jian	3	0
瀾	lan	2	4
瀿	fan	2	2
灀	shuang	4	1
灁	yuan	1	2
灂	zhuo	2	2
灃	feng	1	2
灄	she	4	6
灅	lei	3	3
灆	lan	2	6
灇	cong	2	0
灈	qu	2	11
灉	yong	1	27
灊	qian	2	31
灋	fa	3	0
灌	guan	4	2064
灍	jue	2	0
灎	yan	4	0
灏	hao	4	193
灐	ying	2	6
灑	sa	3	8
灒	zan	4	3
灓	luan	2	0
灔	yan	4	0
灕	li	2	1
灖	mi	3	1
灗	shan	4	1
灘	tan	1	3
灙	dang	3	0
灚	jiao	3	4
灛	chan	3	1
灜	ying	2	0
灝	hao	4	6
灞	ba	4	113
灟	zhu	2	2
灠	lan	3	2
灡	lan	2	1
灢	nang	3	1
灣	wan	1	9
灤	luan	2	1
灥	xun	2	2
灦	xian	3	3
灧	yan	4	0
灨	gan	4	0
灩	yan	4	3
灪	yu	4	1
火	huo	3	7451
灬	biao	1	117
灭	mie	4	3026
灮	guang	1	0
灯	deng	1	4376
灰	hui	1	2442
灱	xiao	1	2
灲	xiao	1	0
灳	hui	1	0
灴	hong	1	2
灵	ling	2	3722
灶	zao	4	467
灷	zhuan	4	0
灸	jiu	3	96
灹	zha	4	0
灺	xie	4	2
灻	chi	4	0
灼	zhuo	2	184
災	zai	1	20
灾	zai	1	552
灿	can	4	468
炀	yang	2	41
炁	qi	4	0
炂	zhong	1	0
炃	fen	2	0
炄	niu	3	0
炅	jiong	3	16
炆	wen	2	30
炇	pu	1	0
炈	yi	4	0
炉	lu	2	982
炊	chui	1	120
炋	pi	1	0
炌	kai	4	0
炍	pan	4	0
炎	yan	2	1493
炏	kai	4	0
炐	pang	4	0
炑	mu	4	1
炒	chao	3	5276
炓	liao	4	1
炔	que	1	39
炕	kang	4	151
炖	dun	4	840
炗	guang	1	0
炘	xin	1	12
炙	zhi	4	127
炚	guang	1	0
炛	guang	1	0
炜	wei	3	416
炝	qiang	4	39
炞	bian	5	0
炟	da	2	3
炠	xia	2	0
炡	zheng	1	1
炢	zhu	2	0
炣	ke	3	0
炤	zhao	4	12
炥	fu	2	0
炦	ba	2	0
炧	xie	4	0
炨	xie	4	0
炩	ling	4	2
炪	zhuo	1	0
炫	xuan	4	617
炬	ju	4	118
炭	tan	4	349
炮	pao	4	1292
炯	jiong	3	192
炰	pao	2	8
炱	tai	2	3
炲	tai	2	0
炳	bing	3	439
炴	yang	3	16
炵	tong	1	11
炶	shan	3	0
炷	zhu	4	20
炸	zha	4	2358
点	dian	3	137956
為	wei	4	685
炻	shi	2	7
炼	lian	4	881
炽	chi	4	142
炾	huang	3	1
炿	zhou	1	0
烀	hu	1	5
烁	shuo	4	92
烂	lan	4	5013
烃	ting	1	86
烄	jiao	3	0
烅	xu	4	0
烆	heng	2	7
烇	quan	3	3
烈	lie	4	1000
烉	huan	4	0
烊	yang	2	12
烋	xiu	1	1
烌	xiu	1	0
烍	xian	3	0
烎	yin	2	0
烏	wu	1	12
烐	zhou	1	0
烑	yao	2	0
烒	shi	4	0
烓	wei	1	0
烔	tong	2	6
烕	mie	4	0
烖	zai	1	0
烗	kai	4	1
烘	hong	1	169
烙	lao	4	296
烚	xia	2	2
烛	zhu	2	260
烜	xuan	3	21
烝	zheng	1	7
烞	po	4	0
烟	yan	1	4763
烠	hui	2	1
烡	guang	1	0
烢	che	4	0
烣	hui	1	0
烤	kao	3	1546
烥	ju	4	0
烦	fan	2	6871
烧	shao	1	4945
烨	ye	4	280
烩	hui	4	89
烫	tang	4	1200
烬	jin	4	35
热	re	4	12281
烮	lie	4	0
烯	xi	1	142
烰	fu	2	1
烱	jiong	3	2
烲	xie	4	0
烳	pu	3	0
烴	ting	1	1
烵	zhuo	2	0
烶	ting	3	0
烷	wan	2	96
烸	hai	3	3
烹	peng	1	211
烺	lang	3	4
烻	yan	4	1
烼	xu	4	0
烽	feng	1	93
烾	chi	4	0
烿	rong	2	0
焀	hu	2	0
焁	xi	1	0
焂	shu	1	0
焃	he	4	0
焄	xun	1	2
焅	ku	4	0
焆	juan	1	0
焇	xiao	1	0
焈	xi	1	0
焉	yan	1	601
焊	han	4	651
焋	zhuang	4	1
焌	jun	4	1
焍	di	4	0
焎	xie	4	0
焏	ji	2	0
焐	wu	4	23
焑	yan	1	0
焒	lv	3	0
焓	han	2	26
焔	yan	4	1
焕	huan	4	491
焖	men	4	238
焗	ju	2	61
焘	tao	1	45
焙	bei	4	91
焚	fen	2	189
焛	lin	4	0
焜	kun	1	22
焝	hun	4	0
焞	tun	1	1
焟	xi	1	1
焠	cui	4	1
無	wu	2	197
焢	hong	1	0
焣	chao	3	0
焤	fu	3	0
焥	wo	4	1
焦	jiao	1	1205
焧	cong	1	0
焨	feng	4	0
焩	ping	2	0
焪	qiong	2	0
焫	ruo	4	0
焬	xi	1	0
焭	qiong	2	0
焮	xin	4	2
焯	chao	1	69
焰	yan	4	317
焱	yan	4	199
焲	yi	4	0
焳	jue	2	0
焴	yu	4	0
焵	gang	4	0
然	ran	2	4290
焷	pi	2	0
焸	xiong	4	0
焹	gang	4	0
焺	sheng	1	1
焻	chang	4	0
焼	shao	1	2
焽	xiong	3	0
焾	nian	3	0
焿	geng	1	0
煀	wei	5	0
煁	chen	2	1
煂	he	4	1
煃	kui	3	3
煄	zhong	3	7
煅	duan	4	35
煆	xia	1	2
煇	hui	1	7
煈	feng	4	0
煉	lian	4	10
煊	xuan	1	71
煋	xing	1	30
煌	huang	2	237
煍	jiao	3	1
煎	jian	1	806
煏	bi	4	0
煐	ying	1	3
煑	zhu	3	0
煒	wei	3	3
煓	tuan	1	3
煔	shan	3	3
煕	xi	1	9
煖	nuan	3	21
煗	nuan	3	0
煘	chan	2	31
煙	yan	1	75
煚	jiong	3	17
煛	jiong	3	0
煜	yu	4	241
煝	mei	4	5
煞	sha	1	420
煟	wei	4	9
煠	zha	2	2
煡	jin	4	10
煢	qiong	2	2
煣	rou	2	2
煤	mei	2	1609
煥	huan	4	6
煦	xu	4	108
照	zhao	4	9704
煨	wei	1	122
煩	fan	2	25
煪	qiu	2	1
煫	sui	4	0
煬	yang	2	1
煭	lie	4	0
煮	zhu	3	2836
煯	jie	1	0
煰	zao	4	1
煱	gua	1	0
煲	bao	1	584
煳	hu	2	16
煴	yun	1	0
煵	nan	3	0
煶	shi	4	0
煷	liang	5	0
煸	bian	1	56
煹	gou	4	0
煺	tui	4	7
煻	tang	2	2
煼	chao	3	0
煽	shan	1	107
煾	en	1	0
煿	bo	2	0
熀	huang	3	7
熁	xie	2	1
熂	xi	4	1
熃	wu	4	0
熄	xi	1	159
熅	yun	4	1
熆	he	2	2
熇	he	4	2
熈	xi	1	1
熉	yun	2	1
熊	xiong	2	3811
熋	nai	2	0
熌	shan	3	0
熍	qiong	2	0
熎	yao	4	0
熏	xun	1	570
熐	mi	4	0
熑	lian	2	0
熒	ying	2	1
熓	wu	3	0
熔	rong	2	284
熕	gong	1	1
熖	yan	4	0
熗	qiang	4	0
熘	liu	1	22
熙	xi	1	965
熚	bi	4	1
熛	biao	1	1
熜	cong	1	19
熝	lu	4	1
熞	jian	1	1
熟	shu	2	2735
熠	yi	4	61
熡	lou	2	1
熢	peng	2	1
熣	sui	1	0
熤	yi	4	1
熥	teng	1	1
熦	jue	2	0
熧	zong	1	0
熨	yun	4	52
熩	hu	4	1
熪	yi	2	0
熫	zhi	4	0
熬	ao	2	1693
熭	wei	4	0
熮	liu	3	0
熯	han	4	1
熰	ou	1	1
熱	re	4	48
熲	jiong	3	2
熳	man	4	118
熴	kun	1	0
熵	shang	1	160
熶	cuan	4	0
熷	zeng	1	0
熸	jian	1	31
熹	xi	1	98
熺	xi	1	15
熻	xi	1	0
熼	yi	4	13
熽	xiao	4	1
熾	chi	4	5
熿	huang	2	1
燀	chan	3	1
燁	ye	4	2
燂	tan	2	4
燃	ran	2	583
燄	yan	4	1
燅	xun	2	0
燆	qiao	1	1
燇	jun	4	1
燈	deng	1	20
燉	dun	4	6
燊	shen	1	49
燋	jiao	1	3
燌	fen	2	0
燍	si	1	0
燎	liao	2	82
燏	yu	4	5
燐	lin	2	3
燑	tong	2	0
燒	shao	1	20
燓	fen	2	0
燔	fan	2	12
燕	yan	4	2261
燖	xun	2	0
燗	lan	4	1
燘	mei	3	1
燙	tang	4	6
燚	yi	4	18
燛	jiong	3	1
燜	men	4	1
燝	jing	5	0
燞	jiao	3	0
營	ying	2	10
燠	yu	4	8
燡	yi	4	0
燢	xue	2	0
燣	lan	2	0
燤	tai	4	0
燥	zao	4	488
燦	can	4	6
燧	sui	4	28
燨	xi	1	1
燩	que	4	0
燪	zong	3	0
燫	lian	2	0
燬	hui	3	1
燭	zhu	2	7
燮	xie	4	114
燯	ling	2	0
燰	wei	1	0
燱	yi	4	1
燲	xie	2	1
燳	zhao	4	0
燴	hui	4	2
燵	da	2	1
燶	nong	2	0
燷	lan	2	0
燸	ru	2	0
燹	xian	3	4
燺	he	4	0
燻	xun	1	1
燼	jin	4	1
燽	chou	2	1
燾	dao	4	1
燿	yao	4	3
爀	he	4	36
爁	lan	4	1
爂	biao	1	1
爃	rong	2	0
爄	li	4	0
爅	mo	4	0
爆	bao	4	4354
爇	ruo	4	5
爈	lv	4	0
爉	la	4	0
爊	ao	1	0
爋	xun	1	0
爌	kuang	4	1
爍	shuo	4	4
爎	liao	2	0
爏	li	4	0
爐	lu	2	11
爑	jue	2	0
爒	liao	3	0
爓	yan	4	1
爔	xi	1	1
爕	xie	4	0
爖	long	2	0
爗	ye	4	0
爘	can	1	0
爙	rang	3	0
爚	yue	4	2
爛	lan	4	23
爜	cong	2	0
爝	jue	2	2
爞	chong	2	2
爟	guan	4	1
爠	ju	5	0
爡	che	4	0
爢	mi	2	1
爣	tang	3	4
爤	lan	4	0
爥	zhu	2	0
爦	lan	3	0
爧	ling	2	1
爨	cuan	4	34
爩	yu	4	1
爪	zhao	3	891
爫	zhao	3	0
爬	pa	2	3501
爭	zheng	1	21
爮	pao	2	0
爯	cheng	1	0
爰	yuan	2	37
爱	ai	4	31546
爲	wei	4	129
爳	han	5	0
爴	jue	2	0
爵	jue	2	299
父	fu	4	1755
爷	ye	2	1348
爸	ba	4	3625
爹	die	1	1498
爺	ye	2	16
爻	yao	2	198
爼	zu	3	4
爽	shuang	3	10536
爾	er	3	28
爿	pan	2	29
牀	chuang	2	2
牁	ke	1	5
牂	zang	1	5
牃	die	2	0
牄	qiang	1	2
牅	yong	1	0
牆	qiang	2	16
片	pian	4	10277
版	ban	3	17087
牉	pan	4	13
牊	chao	2	32
牋	jian	1	94
牌	pai	2	5771
牍	du	2	21
牎	chuang	1	0
牏	yu	2	20
牐	zha	2	0
牑	bian	1	0
牒	die	2	55
牓	bang	3	5
牔	bo	2	0
牕	chuang	1	0
牖	you	3	18
牗	you	3	0
牘	du	2	13
牙	ya	2	3233
牚	cheng	4	3
牛	niu	2	13739
牜	niu	2	0
牝	pin	4	31
牞	jiu	1	21
牟	mou	2	214
牠	ta	1	90
牡	mu	3	91
牢	lao	2	811
牣	ren	4	2
牤	mang	1	0
牥	fang	1	0
牦	mao	2	14
牧	mu	4	720
牨	gang	1	0
物	wu	4	5615
牪	yan	4	1
牫	ge	1	0
牬	bei	4	3
牭	si	4	0
牮	jian	4	8
牯	gu	3	22
牰	you	4	2
牱	ge	1	0
牲	sheng	1	64
牳	mu	3	2
牴	di	3	3
牵	qian	1	927
牶	quan	4	4
牷	quan	2	5
牸	zi	4	6
特	te	4	9524
牺	xi	1	22
牻	mang	2	2
牼	keng	1	1
牽	qian	1	12
牾	wu	3	2
牿	gu	4	3
犀	xi	1	119
犁	li	2	217
犂	li	2	2
犃	pou	3	0
犄	ji	1	3
犅	gang	1	1
犆	zhi	2	1
犇	ben	1	22
犈	quan	2	0
犉	chun	2	1
犊	du	2	91
犋	ju	4	1
犌	jia	1	1
犍	jian	1	16
犎	feng	1	1
犏	pian	1	4
犐	ke	1	1
犑	ju	2	1
犒	kao	4	9
犓	chu	2	1
犔	xi	4	0
犕	bei	4	0
犖	luo	4	2
犗	jie	4	1
犘	ma	2	2
犙	san	1	0
犚	wei	4	1
犛	mao	2	2
犜	dun	1	0
犝	tong	2	1
犞	qiao	2	1
犟	jiang	4	98
犠	xi	1	3
犡	li	4	0
犢	du	2	2
犣	lie	4	0
犤	pai	2	2
犥	piao	1	0
犦	bo	2	1
犧	xi	1	2
犨	chou	1	2
犩	wei	2	1
犪	kui	2	2
犫	chou	1	0
犬	quan	3	1481
犭	quan	3	47
犮	ba	2	3
犯	fan	4	2350
犰	qiu	2	10
犱	ji	3	11
犲	chai	2	20
犳	zhuo	2	0
犴	an	4	4
犵	ge	1	27
状	zhuang	4	3181
犷	guang	3	13
犸	ma	3	4
犹	you	2	800
犺	kang	4	8
犻	bo	2	0
犼	hou	3	0
犽	ya	4	5
犾	yin	2	6
犿	huan	1	1
狀	zhuang	4	24
狁	yun	3	4
狂	kuang	2	4205
狃	niu	3	7
狄	di	2	530
狅	kuang	2	3
狆	zhong	4	5
狇	mu	4	0
狈	bei	4	23
狉	pi	1	0
狊	ju	2	1
狋	yi	2	1
狌	sheng	1	4
狍	pao	2	12
狎	xia	2	35
狏	tuo	2	0
狐	hu	2	617
狑	ling	2	0
狒	fei	4	14
狓	pi	2	0
狔	ni	3	1
狕	yao	3	0
狖	you	4	5
狗	gou	3	10200
狘	xue	4	0
狙	ju	1	96
狚	dan	4	1
狛	bo	2	2
狜	ku	3	0
狝	xian	3	0
狞	ning	2	24
狟	huan	2	3
狠	hen	3	3506
狡	jiao	3	55
狢	he	2	1
狣	zhao	4	0
狤	ji	2	1
狥	xun	4	0
狦	shan	1	0
狧	ta	4	0
狨	rong	2	5
狩	shou	4	58
狪	tong	2	1
狫	lao	3	0
独	du	2	2124
狭	xia	2	135
狮	shi	1	501
狯	kuai	4	3
狰	zheng	1	9
狱	yu	4	262
狲	sun	1	5
狳	yu	2	9
狴	bi	4	2
狵	mang	2	0
狶	xi	1	2
狷	juan	4	28
狸	li	2	117
狹	xia	2	4
狺	yin	2	7
狻	suan	1	6
狼	lang	2	4237
狽	bei	4	1
狾	zhi	4	0
狿	yan	2	0
猀	sha	1	23
猁	li	4	8
猂	han	4	0
猃	xian	3	1
猄	jing	1	0
猅	pai	2	0
猆	fei	1	0
猇	xiao	1	5
猈	bai	4	0
猉	qi	2	0
猊	ni	2	12
猋	biao	1	1
猌	yin	4	0
猍	lai	2	0
猎	lie	4	377
猏	jian	1	0
猐	qiang	1	0
猑	kun	1	0
猒	yan	4	1
猓	guo	3	6
猔	zong	4	0
猕	mi	2	3
猖	chang	1	18
猗	yi	1	26
猘	zhi	4	1
猙	zheng	1	0
猚	ya	2	0
猛	meng	3	4138
猜	cai	1	3859
猝	cu	4	37
猞	she	1	1
猟	lie	4	1
猠	dian	3	0
猡	luo	2	15
猢	hu	2	4
猣	zong	1	0
猤	gui	4	0
猥	wei	3	31
猦	feng	1	1
猧	wo	1	1
猨	yuan	2	0
猩	xing	1	40
猪	zhu	1	15935
猫	mao	1	8212
猬	wei	4	12
猭	chuan	1	1
献	xian	4	966
猯	tuan	1	1
猰	ya	4	5
猱	nao	2	11
猲	xie	1	1
猳	jia	1	1
猴	hou	2	904
猵	bian	1	1
猶	you	2	17
猷	you	2	58
猸	mei	2	2
猹	cha	2	4
猺	yao	2	12
猻	sun	1	0
猼	bo	2	0
猽	ming	2	0
猾	hua	2	19
猿	yuan	2	213
獀	sou	1	0
獁	ma	4	0
獂	yuan	2	1
獃	dai	1	1
獄	yu	4	5
獅	shi	1	6
獆	hao	2	0
獇	qiang	1	0
獈	yi	4	0
獉	zhen	1	4
獊	cang	1	1
獋	hao	2	0
獌	man	4	1
獍	jing	4	5
獎	jiang	3	38
獏	mo	4	1
獐	zhang	1	22
獑	chan	2	0
獒	ao	2	136
獓	ao	2	0
獔	hao	2	0
獕	cui	1	0
獖	ben	4	0
獗	jue	2	7
獘	bi	4	1
獙	bi	4	2
獚	huang	2	1
獛	pu	2	0
獜	lin	2	0
獝	xu	4	1
獞	tong	2	1
獟	yao	4	2
獠	liao	2	23
獡	shuo	4	1
獢	xiao	1	1
獣	shou	4	4
獤	dun	1	0
獥	jiao	4	3
獦	ge	2	3
獧	juan	4	1
獨	du	2	32
獩	hui	4	1
獪	kuai	4	0
獫	xian	3	1
獬	xie	4	12
獭	ta	3	25
獮	xian	3	7
獯	xun	1	7
獰	ning	2	1
獱	bian	1	0
獲	huo	4	27
獳	nou	4	1
獴	meng	3	0
獵	lie	4	3
獶	nao	3	1
獷	guang	3	1
獸	shou	4	13
獹	lu	2	0
獺	ta	3	1
獻	xian	4	9
獼	mi	2	0
獽	rang	2	1
獾	huan	1	35
獿	nao	3	0
玀	luo	2	0
玁	xian	3	3
玂	qi	2	0
玃	jue	2	1
玄	xuan	2	1613
玅	miao	4	1
玆	zi	1	2
率	lv	4	6211
玈	lu	2	0
玉	yu	4	5643
玊	su	4	1
王	wang	2	20625
玌	qiu	2	0
玍	ga	3	0
玎	ding	1	25
玏	le	4	0
玐	ba	1	0
玑	ji	1	32
玒	hong	2	1
玓	di	4	2
玔	chuan	4	1
玕	gan	1	5
玖	jiu	3	331
玗	yu	2	2
玘	qi	3	5
玙	yu	2	0
玚	yang	2	0
玛	ma	3	1221
玜	hong	2	0
玝	wu	3	1
玞	fu	1	0
玟	wen	2	58
玠	jie	4	22
玡	ya	2	8
玢	bin	1	15
玣	bian	4	0
玤	bang	4	0
玥	yue	4	159
玦	jue	2	18
玧	men	2	1
玨	jue	2	1
玩	wan	2	67131
玪	jian	1	0
玫	mei	2	366
玬	dan	3	2
玭	pin	2	2
玮	wei	3	412
环	huan	2	3091
现	xian	4	7027
玱	qiang	1	0
玲	ling	2	1689
玳	dai	4	32
玴	yi	4	0
玵	an	2	1
玶	ping	2	2
玷	dian	4	26
玸	fu	2	0
玹	xuan	2	11
玺	xi	3	183
玻	bo	1	183
玼	ci	3	1
玽	gou	3	0
玾	jia	3	0
玿	shao	2	1
珀	po	4	128
珁	ci	2	0
珂	ke	1	279
珃	ran	3	0
珄	sheng	1	0
珅	shen	1	92
珆	yi	2	1
珇	zu	3	1
珈	jia	1	103
珉	min	2	158
珊	shan	1	627
珋	liu	3	5
珌	bi	4	1
珍	zhen	1	1371
珎	zhen	1	1
珏	jue	2	198
珐	fa	4	31
珑	long	2	119
珒	jin	1	1
珓	jiao	4	2
珔	jian	4	1
珕	li	4	0
珖	guang	1	2
珗	xian	1	1
珘	zhou	1	1
珙	gong	3	16
珚	yan	1	1
珛	xiu	4	5
珜	yang	2	1
珝	xu	3	1
珞	luo	4	92
珟	su	4	0
珠	zhu	1	1777
珡	qin	2	0
珢	yin	2	0
珣	xun	2	25
珤	bao	3	1
珥	er	3	36
珦	xiang	4	4
珧	yao	2	8
珨	xia	2	4
珩	heng	2	69
珪	gui	1	47
珫	chong	1	1
珬	xu	4	0
班	ban	1	11860
珮	pei	4	57
珯	lao	3	0
珰	dang	1	3
珱	ying	1	1
珲	hun	2	25
珳	wen	2	0
珴	e	2	4
珵	cheng	2	2
珶	di	4	2
珷	wu	3	5
珸	wu	2	0
珹	cheng	2	3
珺	jun	4	108
珻	mei	2	0
珼	bei	4	6
珽	ting	3	5
現	xian	4	38
珿	chu	4	1
琀	han	2	63
琁	xuan	2	1
琂	yan	2	0
球	qiu	2	8740
琄	xuan	4	1
琅	lang	2	125
理	li	3	7822
琇	xiu	4	45
琈	fu	2	1
琉	liu	2	105
琊	ya	2	11
琋	xi	1	1
琌	ling	2	1
琍	li	2	36
琎	jin	4	0
琏	lian	3	67
琐	suo	3	131
琑	suo	3	0
琒	feng	1	0
琓	wan	2	2
琔	dian	4	0
琕	pin	2	0
琖	zhan	3	0
琗	se	4	0
琘	min	2	0
琙	yu	4	0
琚	ju	1	29
琛	chen	1	288
琜	lai	2	0
琝	min	2	1
琞	sheng	4	0
琟	wei	2	0
琠	tian	3	1
琡	chu	4	0
琢	zuo	2	100
琣	beng	3	1
琤	cheng	1	9
琥	hu	3	44
琦	qi	2	636
琧	e	4	0
琨	kun	1	142
琩	chang	1	1
琪	qi	2	911
琫	beng	3	1
琬	wan	3	61
琭	lu	4	2
琮	cong	2	59
琯	guan	3	20
琰	yan	3	126
琱	diao	1	2
琲	bei	4	3
琳	lin	2	1647
琴	qin	2	2722
琵	pi	2	22
琶	pa	2	45
琷	que	4	0
琸	zhuo	2	1
琹	qin	2	0
琺	fa	4	2
琻	jin	1	0
琼	qiong	2	921
琽	du	3	0
琾	jie	4	0
琿	hun	2	1
瑀	yu	3	30
瑁	mao	4	24
瑂	mei	2	1
瑃	chun	1	1
瑄	xuan	1	54
瑅	ti	2	0
瑆	xing	1	2
瑇	dai	4	0
瑈	rou	2	0
瑉	min	2	0
瑊	jian	1	5
瑋	wei	3	8
瑌	ruan	3	0
瑍	huan	4	1
瑎	xie	2	4
瑏	chuan	1	1
瑐	jian	3	1
瑑	zhuan	4	2
瑒	chang	4	2
瑓	lian	4	0
瑔	quan	2	1
瑕	xia	2	83
瑖	duan	4	0
瑗	yuan	4	37
瑘	ya	2	0
瑙	nao	3	55
瑚	hu	2	28
瑛	ying	1	364
瑜	yu	2	539
瑝	huang	2	0
瑞	rui	4	2391
瑟	se	4	574
瑠	liu	2	9
瑡	shi	1	0
瑢	rong	2	6
瑣	suo	3	2
瑤	yao	2	7
瑥	wen	1	4
瑦	wu	3	0
瑧	zhen	1	6
瑨	jin	4	29
瑩	ying	2	20
瑪	ma	3	18
瑫	tao	1	0
瑬	liu	2	0
瑭	tang	2	20
瑮	li	4	3
瑯	lang	2	3
瑰	gui	1	85
瑱	tian	4	4
瑲	qiang	1	2
瑳	cuo	1	2
瑴	jue	2	0
瑵	zhao	3	1
瑶	yao	2	672
瑷	ai	4	25
瑸	bin	1	0
瑹	shu	1	2
瑺	chang	2	0
瑻	kun	1	0
瑼	zhuan	1	1
瑽	cong	1	1
瑾	jin	3	309
瑿	yi	1	1
璀	cui	3	48
璁	cong	1	46
璂	qi	2	2
璃	li	2	110
璄	jing	3	0
璅	suo	3	1
璆	qiu	2	3
璇	xuan	2	354
璈	ao	2	15
璉	lian	3	2
璊	men	2	1
璋	zhang	1	176
璌	yin	2	0
璍	ye	4	0
璎	ying	1	48
璏	wei	4	0
璐	lu	4	320
璑	wu	2	0
璒	deng	1	0
璓	xiu	4	0
璔	zeng	1	2
璕	xun	2	2
璖	qu	2	0
璗	dang	4	1
璘	lin	2	35
璙	liao	2	0
璚	qiong	2	1
璛	su	4	0
璜	huang	2	67
璝	gui	1	0
璞	pu	2	135
璟	jing	3	106
璠	fan	2	20
璡	jin	4	1
璢	liu	2	0
璣	ji	1	1
璤	hui	4	0
璥	jing	3	0
璦	ai	4	2
璧	bi	4	212
璨	can	4	57
璩	qu	2	15
璪	zao	3	1
璫	dang	1	3
璬	jiao	3	0
璭	gun	4	0
璮	tan	3	0
璯	hui	4	1
環	huan	2	14
璱	se	4	1
璲	sui	4	1
璳	tian	2	0
璴	chu	3	0
璵	yu	2	1
璶	jin	4	1
璷	lu	2	1
璸	bin	1	1
璹	shu	2	1
璺	wen	4	12
璻	zui	3	1
璼	lan	2	0
璽	xi	3	4
璾	zi	1	1
璿	xuan	2	4
瓀	ruan	3	1
瓁	wo	4	3
瓂	gai	4	2
瓃	lei	2	1
瓄	du	2	0
瓅	li	4	3
瓆	zhi	4	0
瓇	rou	2	0
瓈	li	2	0
瓉	zan	4	0
瓊	qiong	2	8
瓋	ti	4	0
瓌	gui	1	0
瓍	sui	2	0
瓎	la	4	0
瓏	long	2	2
瓐	lu	2	0
瓑	li	4	0
瓒	zan	4	60
瓓	lan	4	0
瓔	ying	1	2
瓕	mi	2	4
瓖	xiang	1	3
瓗	qiong	2	0
瓘	guan	4	16
瓙	dao	4	21
瓚	zan	4	6
瓛	huan	2	3
瓜	gua	1	1641
瓝	bo	2	1
瓞	die	2	4
瓟	bo	2	4
瓠	hu	4	22
瓡	zhi	2	1
瓢	piao	2	185
瓣	ban	4	404
瓤	rang	2	65
瓥	li	4	2
瓦	wa	3	3011
瓨	xiang	2	7
瓩	qian	1	0
瓪	ban	3	0
瓫	pen	2	0
瓬	fang	3	1
瓭	dan	3	0
瓮	weng	4	119
瓯	ou	1	53
瓲	wa	5	1
瓳	hu	2	0
瓴	ling	2	17
瓵	yi	2	0
瓶	ping	2	2338
瓷	ci	2	530
瓸	bai	3	0
瓹	juan	1	0
瓺	chang	2	0
瓻	chi	1	0
瓽	dang	4	0
瓾	meng	3	0
瓿	bu	4	8
甀	zhui	4	11
甁	ping	2	3
甂	bian	1	1
甃	zhou	4	3
甄	zhen	1	360
甆	ci	2	0
甇	ying	1	0
甈	qi	4	0
甉	xian	2	0
甊	lou	3	0
甋	di	4	0
甌	ou	1	1
甍	meng	2	10
甎	zhuan	1	1
甏	beng	4	4
甐	lin	4	0
甑	zeng	4	36
甒	wu	3	0
甓	pi	4	9
甔	dan	1	1
甕	weng	4	4
甖	ying	1	1
甗	yan	3	3
甘	gan	1	9371
甙	dai	4	93
甚	shen	4	2161
甛	tian	2	2
甜	tian	2	2180
甝	han	2	0
甞	chang	2	1
生	sheng	1	20268
甠	qing	2	0
甡	shen	1	4
產	chan	3	11
産	chan	3	1
甤	rui	2	0
甥	sheng	1	22
甦	su	1	12
甧	shen	1	0
用	yong	4	168186
甩	shuai	3	1689
甪	lu	4	14
甫	fu	3	636
甬	yong	3	98
甭	beng	2	252
甮	feng	4	0
甯	ning	2	47
田	tian	2	4781
由	you	2	46538
甲	jia	3	3666
申	shen	1	2151
甴	zha	2	0
电	dian	4	6752
甶	fu	2	0
男	nan	2	16792
甸	dian	4	215
甹	ping	1	0
町	ting	3	142
画	hua	4	8040
甼	ting	3	0
甽	zhen	4	2
甾	zai	1	28
甿	meng	2	2
畀	bi	4	212
畁	bi	4	0
畂	liu	4	0
畃	xun	2	0
畄	liu	2	1
畅	chang	4	537
畆	mu	3	0
畇	yun	2	1
畈	fan	4	42
畉	fu	2	0
畊	geng	1	3
畋	tian	2	12
界	jie	4	3961
畍	jie	4	0
畎	quan	3	3
畏	wei	4	285
畐	fu	2	0
畑	tian	2	28
畒	mu	3	0
畓	duo	1	0
畔	pan	4	469
畕	jiang	1	0
畖	wa	1	0
畗	da	2	0
畘	nan	2	0
留	liu	2	9584
畚	ben	3	9
畛	zhen	3	6
畜	chu	4	152
畝	mu	3	12
畞	mu	3	0
畟	ce	4	0
畠	tian	2	9
畡	gai	1	0
畢	bi	4	12
畣	da	2	0
畤	zhi	4	8
略	lve	4	2038
畦	qi	2	113
畧	lve	4	1
畨	pan	1	0
畩	yi	1	2
番	fan	1	976
畫	hua	4	66
畬	she	1	9
畭	yu	2	0
畮	mu	3	0
畯	jun	4	4
異	yi	4	18
畱	liu	2	0
畲	she	1	35
畳	die	2	0
畴	chou	2	354
畵	hua	4	8
當	dang	1	254
畷	zhui	4	13
畸	ji	1	87
畹	wan	3	23
畺	jiang	1	3
畻	cheng	2	0
畼	chang	4	0
畽	tun	3	1
畾	lei	2	4
畿	ji	1	74
疀	cha	1	1
疁	liu	2	0
疂	die	2	4
疃	tuan	3	28
疄	lin	4	6
疅	jiang	1	0
疆	jiang	1	295
疇	chou	2	3
疈	pi	4	0
疉	die	2	0
疊	die	2	6
疋	pi	3	7
疌	jie	2	1
疍	dan	4	0
疎	shu	1	3
疏	shu	1	743
疐	zhi	4	0
疑	yi	2	784
疒	ne	4	0
疓	nai	3	0
疔	ding	1	9
疕	bi	3	1
疖	jie	1	22
疗	liao	2	318
疘	gang	1	0
疙	ge	1	46
疚	jiu	4	30
疛	zhou	3	0
疜	xia	4	0
疝	shan	4	124
疞	xu	1	0
疟	nve	4	48
疠	li	4	9
疡	yang	2	25
疢	chen	4	2
疣	you	2	134
疤	ba	1	250
疥	jie	4	19
疦	jue	2	0
疧	qi	2	1
疨	xia	1	0
疩	cui	4	0
疪	bi	4	3
疫	yi	4	148
疬	li	4	15
疭	zong	4	0
疮	chuang	1	225
疯	feng	1	3471
疰	zhu	4	6
疱	pao	4	71
疲	pi	2	175
疳	gan	1	15
疴	ke	1	8
疵	ci	1	53
疶	xue	1	0
疷	zhi	1	0
疸	dan	3	7
疹	zhen	3	124
疺	fa	2	0
疻	zhi	3	1
疼	teng	2	4306
疽	ju	1	26
疾	ji	2	647
疿	fei	4	0
痀	ju	1	1
痁	shan	1	1
痂	jia	1	110
痃	xuan	2	3
痄	zha	4	8
病	bing	4	8090
痆	nie	4	0
症	zheng	4	2079
痈	yong	1	50
痉	jing	4	30
痊	quan	2	14
痋	teng	2	9
痌	tong	1	3
痍	yi	2	10
痎	jie	1	1
痏	wei	3	2
痐	hui	2	1
痑	tan	1	1
痒	yang	3	1000
痓	chi	4	0
痔	zhi	4	170
痕	hen	2	777
痖	ya	3	11
痗	mei	4	1
痘	dou	4	277
痙	jing	4	1
痚	xiao	1	0
痛	tong	4	6235
痜	tu	1	0
痝	mang	2	0
痞	pi	3	152
痟	xiao	1	1
痠	suan	1	1
痡	fu	1	1
痢	li	4	69
痣	zhi	4	379
痤	cuo	2	34
痥	duo	2	0
痦	wu	4	12
痧	sha	1	68
痨	lao	2	65
痩	shou	4	18
痪	huan	4	22
痫	xian	2	35
痬	yi	4	0
痭	beng	1	1
痮	zhang	4	0
痯	guan	3	0
痰	tan	2	620
痱	fei	4	24
痲	ma	2	2
痳	lin	2	1
痴	chi	1	579
痵	ji	4	1
痶	tian	3	0
痷	an	1	1
痸	chi	4	1
痹	bi	4	113
痺	bi	4	2
痻	min	2	0
痼	gu	4	17
痽	dui	1	1
痾	e	1	3
痿	wei	3	57
瘀	yu	1	169
瘁	cui	4	17
瘂	ya	3	0
瘃	zhu	2	13
瘄	cu	4	0
瘅	dan	1	3
瘆	shen	4	0
瘇	zhong	3	0
瘈	chi	4	3
瘉	yu	4	3
瘊	hou	2	5
瘋	feng	1	20
瘌	la	4	8
瘍	yang	2	1
瘎	chen	2	0
瘏	tu	2	1
瘐	yu	3	6
瘑	guo	1	3
瘒	wen	2	0
瘓	huan	4	1
瘔	ku	4	2
瘕	jia	3	13
瘖	yin	1	3
瘗	yi	4	15
瘘	lou	4	116
瘙	sao	4	21
瘚	jue	2	1
瘛	chi	4	7
瘜	xi	1	4
瘝	guan	1	5
瘞	yi	4	1
瘟	wen	1	150
瘠	ji	2	18
瘡	chuang	1	4
瘢	ban	1	13
瘣	hui	4	0
瘤	liu	2	843
瘥	chai	4	4
瘦	shou	4	3488
瘧	nve	4	11
瘨	dian	1	3
瘩	da	5	14
瘪	bie	3	165
瘫	tan	1	170
瘬	zhang	4	0
瘭	biao	1	1
瘮	shen	4	0
瘯	cu	4	5
瘰	luo	3	10
瘱	yi	4	1
瘲	zong	4	2
瘳	chou	1	8
瘴	zhang	4	33
瘵	zhai	4	4
瘶	sou	4	0
瘷	se	4	0
瘸	que	2	154
瘹	diao	4	0
瘺	lou	4	2
瘻	lou	4	1
瘼	mo	4	2
瘽	qin	2	9
瘾	yin	3	533
瘿	ying	3	26
癀	huang	2	4
癁	fu	2	0
療	liao	2	4
癃	long	2	5
癄	qiao	2	0
癅	liu	2	0
癆	lao	2	1
癇	xian	2	0
癈	fei	4	4
癉	dan	1	2
癊	yin	4	0
癋	he	4	0
癌	ai	2	853
癍	ban	1	12
癎	xian	2	20
癏	guan	1	0
癐	gui	4	1
癑	nong	4	0
癒	yu	4	2
癓	wei	2	1
癔	yi	4	8
癕	yong	1	0
癖	pi	3	199
癗	lei	3	1
癘	li	4	1
癙	shu	3	1
癚	dan	4	1
癛	lin	3	0
癜	dian	4	33
癝	lin	3	0
癞	lai	4	48
癟	bie	3	1
癠	ji	4	0
癡	chi	1	5
癢	yang	3	5
癣	xuan	3	127
癤	jie	1	1
癥	zheng	1	5
癦	me	5	0
癧	li	4	1
癨	huo	4	1
癩	lai	4	3
癪	ji	1	0
癫	dian	1	166
癬	xuan	3	1
癭	ying	3	1
癮	yin	3	4
癯	qu	2	3
癰	yong	1	1
癱	tan	1	3
癲	dian	1	4
癳	luo	3	0
癴	luan	2	0
癵	luan	2	0
癶	bo	1	122
癷	bo	1	0
癸	gui	3	112
癹	ba	2	2
発	fa	1	16
登	deng	1	3026
發	fa	1	87
白	bai	2	15236
百	bai	3	4588
癿	bie	2	1
皀	ji	2	1
皁	zao	4	3
皂	zao	4	261
皃	mao	4	1
的	de	5	4828294
皅	pa	1	0
皆	jie	1	2725
皇	huang	2	1199
皈	gui	1	15
皉	ci	3	0
皊	ling	2	1
皋	gao	1	124
皌	mo	4	0
皍	ji	2	0
皎	jiao	3	64
皏	peng	3	0
皐	gao	1	3
皑	ai	2	44
皒	e	2	26
皓	hao	4	452
皔	han	4	0
皕	bi	4	2
皖	wan	3	286
皗	chou	2	0
皘	qian	4	0
皙	xi	1	41
皚	ai	2	1
皛	xiao	3	4
皜	hao	4	6
皝	huang	4	4
皞	hao	4	5
皟	ze	2	0
皠	cui	3	0
皡	hao	4	0
皢	xiao	3	0
皣	ye	4	0
皤	po	2	35
皥	hao	4	0
皦	jiao	3	3
皧	ai	4	0
皨	xing	1	0
皩	huang	4	0
皪	li	4	2
皫	piao	3	1
皬	he	2	0
皭	jiao	4	1
皮	pi	2	5013
皯	gan	3	10
皰	pao	4	1
皱	zhou	4	534
皲	jun	1	3
皳	qiu	2	0
皴	cun	1	31
皵	que	4	9
皶	zha	1	0
皷	gu	3	1
皸	jun	1	1
皹	jun	1	2
皺	zhou	4	8
皻	zha	1	3
皼	gu	3	0
皽	zhao	1	3
皾	du	2	1
皿	min	3	73
盀	qi	3	0
盁	ying	2	0
盂	yu	2	55
盃	bei	1	10
盄	zhao	1	1
盅	zhong	1	165
盆	pen	2	1202
盇	he	2	0
盈	ying	2	994
盉	he	2	3
益	yi	4	1504
盋	bo	1	0
盌	wan	3	0
盍	he	2	13
盎	ang	4	45
盏	zhan	3	292
盐	yan	2	2175
监	jian	1	724
盒	he	2	2054
盓	yu	1	1
盔	kui	1	209
盕	fan	4	0
盖	gai	4	4231
盗	dao	4	1668
盘	pan	2	10536
盙	fu	3	0
盚	qiu	2	0
盛	sheng	4	2773
盜	dao	4	10
盝	lu	4	2
盞	zhan	3	2
盟	meng	2	1166
盠	li	2	0
盡	jin	3	52
盢	xu	4	0
監	jian	1	5
盤	pan	2	24
盥	guan	4	7
盦	an	1	6
盧	lu	2	19
盨	xu	3	0
盩	zhou	1	3
盪	dang	4	2
盫	an	1	0
盬	gu	3	2
盭	li	4	1
目	mu	4	1983
盯	ding	1	842
盰	gan	4	0
盱	xu	1	20
盲	mang	2	662
盳	wang	4	1
直	zhi	2	5038
盵	qi	4	2
盶	yuan	3	0
盷	tian	2	1
相	xiang	1	12374
盹	dun	3	72
盺	xin	1	1
盻	xi	4	3
盼	pan	4	1100
盽	feng	1	0
盾	dun	4	1496
盿	min	2	0
眀	ming	2	0
省	sheng	3	13586
眂	shi	4	0
眃	yun	2	0
眄	mian	4	25
眅	pan	1	1
眆	fang	3	0
眇	miao	3	22
眈	dan	1	13
眉	mei	2	1214
眊	mao	4	2
看	kan	4	245039
県	xian	4	12
眍	kou	1	17
眎	shi	4	0
眏	yang	1	0
眐	zheng	1	1
眑	yao	3	0
眒	shen	1	1
眓	huo	4	0
眔	da	4	0
眕	zhen	3	2
眖	kuang	4	0
眗	ju	1	0
眘	shen	4	0
眙	yi	2	4
眚	sheng	3	11
眛	mei	4	3
眜	mo	4	0
眝	zhu	4	0
眞	zhen	1	47
真	zhen	1	65153
眠	mian	2	545
眡	shi	4	0
眢	yuan	1	5
眣	die	2	0
眤	ni	4	1
眥	zi	4	1
眦	zi	4	34
眧	chao	3	1
眨	zha	3	340
眩	xuan	4	130
眪	bing	3	0
眫	mi	3	0
眬	long	2	0
眭	sui	1	20
眮	tong	2	0
眯	mi	1	242
眰	die	4	0
眱	di	4	0
眲	ne	4	2
眳	ming	2	2
眴	xuan	4	2
眵	chi	1	2
眶	kuang	4	68
眷	juan	4	117
眸	mou	2	294
眹	zhen	4	2
眺	tiao	4	430
眻	yang	2	1
眼	yan	3	6142
眽	mo	4	3
眾	zhong	4	32
眿	mo	4	0
着	zhe	5	87757
睁	zheng	1	316
睂	mei	2	0
睃	suo	1	6
睄	shao	4	3
睅	han	4	1
睆	huan	4	2
睇	di	4	4939
睈	cheng	3	0
睉	cuo	2	0
睊	juan	4	1
睋	e	2	2
睌	man	3	2
睍	xian	4	7
睎	xi	1	1
睏	kun	4	20
睐	lai	4	61
睑	jian	3	92
睒	shan	3	16
睓	tian	3	0
睔	gun	4	1
睕	wan	3	1
睖	leng	4	1
睗	shi	4	0
睘	qiong	2	0
睙	lie	4	8
睚	ya	2	8
睛	jing	1	181
睜	zheng	1	3
睝	li	2	0
睞	lai	4	1
睟	sui	4	2
睠	juan	4	1
睡	shui	4	21225
睢	sui	1	53
督	du	1	278
睤	bi	4	0
睥	pi	4	3
睦	mu	4	147
睧	hun	1	0
睨	ni	4	45
睩	lu	4	1
睪	yi	4	15
睫	jie	2	65
睬	cai	3	218
睭	zhou	3	1
睮	yu	2	1
睯	hun	1	1
睰	ma	4	0
睱	xia	4	0
睲	xing	3	0
睳	hui	1	0
睴	gun	4	0
睵	zai	1	0
睶	chun	3	0
睷	jian	1	0
睸	mei	4	0
睹	du	3	174
睺	hou	2	0
睻	xuan	1	0
睼	tian	4	0
睽	kui	2	8
睾	gao	1	27
睿	rui	4	478
瞀	mao	4	3
瞁	xu	4	0
瞂	fa	2	1
瞃	wo	4	1
瞄	miao	2	526
瞅	chou	3	348
瞆	kui	4	0
瞇	mi	1	4
瞈	weng	3	0
瞉	kou	4	1
瞊	dang	4	0
瞋	chen	1	25
瞌	ke	1	9
瞍	sou	3	5
瞎	xia	1	2132
瞏	qiong	2	0
瞐	mo	4	0
瞑	ming	2	28
瞒	man	2	398
瞓	fen	4	0
瞔	ze	2	0
瞕	zhang	4	0
瞖	yi	4	0
瞗	diao	1	0
瞘	kou	1	0
瞙	mo	4	1
瞚	shun	4	1
瞛	cong	1	1
瞜	lou	1	2
瞝	chi	1	1
瞞	man	2	2
瞟	piao	3	248
瞠	cheng	1	14
瞡	gui	1	4
瞢	meng	2	9
瞣	wan	4	0
瞤	run	2	0
瞥	pie	1	276
瞦	xi	1	0
瞧	qiao	2	1246
瞨	pu	2	0
瞩	zhu	3	23
瞪	deng	4	457
瞫	shen	3	1
瞬	shun	4	287
瞭	liao	4	12
瞮	che	4	0
瞯	xian	2	0
瞰	kan	4	27
瞱	ye	4	1
瞲	xu	4	0
瞳	tong	2	435
瞴	mou	2	1
瞵	lin	2	2
瞶	gui	4	2
瞷	jian	4	2
瞸	ye	4	0
瞹	ai	4	2
瞺	hui	4	0
瞻	zhan	1	154
瞼	jian	3	7
瞽	gu	3	54
瞾	zhao	4	0
瞿	qu	2	251
矀	mei	2	0
矁	chou	3	0
矂	sao	4	2
矃	ning	3	0
矄	xun	1	1
矅	yao	4	0
矆	huo	4	0
矇	meng	2	4
矈	mian	2	0
矉	pin	2	2
矊	mian	2	2
矋	lei	3	0
矌	kuang	4	1
矍	jue	2	10
矎	xuan	1	0
矏	mian	2	1
矐	huo	4	1
矑	lu	2	0
矒	meng	2	0
矓	long	2	1
矔	guan	4	1
矕	man	3	1
矖	xi	3	0
矗	chu	4	51
矘	tang	3	1
矙	kan	4	5
矚	zhu	3	4
矛	mao	2	392
矜	jin	1	72
矝	jin	1	0
矞	yu	4	7
矟	shuo	4	0
矠	ze	2	3
矡	jue	2	0
矢	shi	3	245
矣	yi	3	1276
矤	shen	3	0
知	zhi	1	6669
矦	hou	2	0
矧	shen	3	11
矨	ying	3	0
矩	ju	3	301
矪	zhou	1	0
矫	jiao	3	367
矬	cuo	2	37
短	duan	3	5185
矮	ai	3	1054
矯	jiao	3	3
矰	zeng	1	2
矱	yue	1	1
矲	ba	4	2
石	shi	2	6204
矴	ding	4	0
矵	qi	4	0
矶	ji	1	115
矷	zi	3	1
矸	gan	1	21
矹	wu	4	0
矺	zhe	2	0
矻	ku	1	4
矼	gang	1	2
矽	xi	4	49
矾	fan	2	74
矿	kuang	4	2400
砀	dang	4	22
码	ma	3	4046
砂	sha	1	739
砃	dan	1	1
砄	jue	2	0
砅	li	4	1
砆	fu	1	1
砇	min	2	0
砈	e	3	0
砉	hua	1	3
砊	kang	1	0
砋	zhi	3	0
砌	qi	4	275
砍	kan	3	2746
砎	jie	4	1
砏	bin	1	1
砐	e	4	1
砑	ya	4	7
砒	pi	1	8
砓	zhe	2	1
研	yan	2	1354
砕	sui	4	2
砖	zhuan	1	1731
砗	che	1	5
砘	dun	4	5
砙	wa	3	0
砚	yan	4	239
砛	jin	1	0
砜	feng	1	29
砝	fa	3	6
砞	mo	4	0
砟	zha	3	9
砠	ju	1	1
砡	yu	4	1
砢	ke	1	3
砣	tuo	2	89
砤	tuo	2	0
砥	di	3	25
砦	zhai	4	24
砧	zhen	1	44
砨	e	4	0
砩	fu	2	6
砪	mu	3	0
砫	zhu	4	1
砬	la	2	33
砭	bian	1	27
砮	nu	3	2
砯	ping	1	2
砰	peng	1	103
砱	ling	2	1
砲	pao	4	7
砳	le	4	2
破	po	4	7313
砵	bo	1	8
砶	po	4	0
砷	shen	1	178
砸	za	2	6923
砹	ai	4	3
砺	li	4	62
砻	long	2	11
砼	tong	2	227
砽	yong	4	0
砾	li	4	61
砿	kuang	4	0
础	chu	3	40
硁	keng	1	0
硂	quan	2	0
硃	zhu	1	9
硄	kuang	1	0
硅	gui	1	604
硆	e	4	0
硇	nao	2	3
硈	qia	4	1
硉	lu	4	1
硊	hui	4	1
硋	ai	4	0
硌	ge	4	55
硍	yin	2	1
硎	xing	2	27
硏	yan	2	11
硐	dong	4	25
硑	peng	1	0
硒	xi	1	175
硓	lao	3	0
硔	hong	2	0
硕	shuo	4	555
硖	xia	2	10
硗	qiao	1	6
硘	qing	5	0
硙	wei	4	0
硚	qiao	2	0
硛	yi	4	0
硜	keng	1	1
硝	xiao	1	159
硞	que	4	1
硟	chan	4	0
硠	lang	2	1
硡	hong	1	0
硢	yu	2	0
硣	xiao	1	0
硤	xia	2	1
硥	mang	3	2
硦	luo	4	0
硧	yong	3	0
硨	che	1	1
硩	che	4	0
硪	wo	4	192
硫	liu	2	387
硬	ying	4	4526
硭	mang	2	4
确	que	4	1082
硯	yan	4	4
硰	sha	1	0
硱	kun	3	0
硲	yu	4	1
硳	chi	4	0
硴	hua	1	1
硵	lu	3	0
硶	chen	3	0
硷	jian	3	24
硸	nve	4	0
硹	song	1	1
硺	zhuo	2	0
硻	keng	1	0
硼	peng	2	130
硽	yan	1	0
硾	zhui	4	2
硿	kong	1	1
碀	cheng	2	1
碁	qi	2	18
碂	zong	4	0
碃	qing	4	1
碄	lin	2	0
碅	jun	1	0
碆	bo	1	1
碇	ding	4	42
碈	hun	1	0
碉	diao	1	27
碊	jian	1	0
碋	he	4	0
碌	lu	4	39
碍	ai	4	248
碎	sui	4	1392
碏	que	4	2
碐	leng	2	0
碑	bei	1	550
碒	yin	2	0
碓	dui	4	30
碔	wu	3	1
碕	qi	2	3
碖	lun	3	0
碗	wan	3	1854
碘	dian	3	343
碙	nao	2	1
碚	bei	4	13
碛	qi	4	19
碜	chen	3	14
碝	ruan	3	0
碞	yan	2	2
碟	die	2	1824
碠	ding	4	0
碡	zhou	2	7
碢	tuo	2	0
碣	jie	2	18
碤	ying	1	1
碥	bian	3	2
碦	ke	4	0
碧	bi	4	1203
碨	wei	4	1
碩	shuo	4	4
碪	zhen	1	2
碫	duan	4	0
碬	xia	2	0
碭	dang	4	1
碮	ti	2	0
碯	nao	3	0
碰	peng	4	2812
碱	jian	3	535
碲	di	4	14
碳	tan	4	684
碴	cha	2	74
碵	tian	2	1
碶	qi	4	0
碷	dun	4	0
碸	feng	1	0
碹	xuan	4	5
確	que	4	8
碻	que	4	1
碼	ma	3	20
碽	gong	1	0
碾	nian	3	167
碿	su	4	0
磀	e	2	0
磁	ci	2	544
磂	liu	2	0
磃	si	1	0
磄	tang	2	0
磅	bang	4	528
磆	hua	2	1
磇	pi	1	0
磈	wei	3	1
磉	sang	3	2
磊	lei	3	889
磋	cuo	1	40
磌	tian	2	1
磍	xia	2	1
磎	xi	1	1
磏	lian	2	1
磐	pan	2	119
磑	wei	2	1
磒	yun	3	0
磓	dui	1	0
磔	zhe	2	14
磕	ke	1	420
磖	la	2	0
磗	zhuan	1	0
磘	yao	2	0
磙	gun	3	4
磚	zhuan	1	4
磛	chan	2	0
磜	qi	4	0
磝	ao	2	1
磞	peng	1	1
磟	liu	4	0
磠	lu	3	1
磡	kan	4	26
磢	chuang	3	0
磣	chen	3	1
磤	yin	3	0
磥	lei	3	2
磦	biao	1	0
磧	qi	4	0
磨	mo	2	1925
磩	qi	4	1
磪	cui	1	1
磫	zong	1	0
磬	qing	4	102
磭	chuo	4	3
磮	lun	2	0
磯	ji	1	4
磰	shan	4	0
磱	lao	2	0
磲	qu	2	2
磳	zeng	1	2
磴	deng	4	15
磵	jian	4	3
磶	xi	4	0
磷	lin	2	569
磸	ding	4	0
磹	tan	2	5
磺	huang	2	74
磻	pan	2	6
磼	za	2	3
磽	qiao	1	4
磾	di	1	6
磿	li	4	4
礀	jian	4	0
礁	jiao	1	146
礂	xi	1	3
礃	zhang	3	0
礄	qiao	2	1
礅	dun	1	11
礆	jian	3	0
礇	yu	4	1
礈	zhui	4	0
礉	he	2	7
礊	ke	4	0
礋	ze	2	0
礌	lei	2	2
礍	jie	2	0
礎	chu	3	1
礏	ye	4	0
礐	que	4	3
礑	dang	4	1
礒	yi	3	0
礓	jiang	1	5
礔	pi	1	0
礕	pi	1	0
礖	yu	4	0
礗	pin	1	0
礘	e	4	0
礙	ai	4	3
礚	ke	1	0
礛	jian	1	1
礜	yu	4	0
礝	ruan	3	0
礞	meng	2	9
礟	pao	4	0
礠	ci	2	0
礡	bo	2	10
礢	yang	3	0
礣	ma	4	0
礤	ca	3	16
礥	xian	2	0
礦	kuang	4	2
礧	lei	2	1
礨	lei	3	0
礩	zhi	4	2
礪	li	4	1
礫	li	4	2
礬	fan	2	1
礭	que	4	1
礮	pao	4	0
礯	ying	1	1
礰	li	4	1
礱	long	2	1
礲	long	2	0
礳	mo	4	0
礴	bo	2	12
礵	shuang	1	1
礶	guan	4	0
礷	lan	2	0
礸	ca	3	1
礹	yan	2	0
示	shi	4	642
礻	shi	4	97
礼	li	3	2255
礽	reng	2	26
社	she	4	2966
礿	yue	4	1
祀	si	4	147
祁	qi	2	431
祂	ta	1	222
祃	ma	4	0
祄	xie	4	1
祅	yao	1	3
祆	xian	1	61
祇	qi	2	21
祈	qi	2	284
祉	zhi	3	47
祊	beng	1	3
祋	dui	4	0
祌	zhong	4	2
祍	ren	4	0
祎	yi	1	0
祏	shi	2	3
祐	you	4	59
祑	zhi	4	0
祒	tiao	2	0
祓	fu	2	33
祔	fu	4	5
祕	mi	4	2
祖	zu	3	1615
祗	zhi	1	68
祘	suan	4	0
祙	mei	4	0
祚	zuo	4	84
祛	qu	1	336
祜	hu	4	46
祝	zhu	4	4031
神	shen	2	9418
祟	sui	4	43
祠	ci	2	301
祡	chai	2	1
祢	mi	2	89
祣	lv	3	1
祤	yu	3	3
祥	xiang	2	1863
祦	wu	2	0
祧	tiao	1	5
票	piao	4	8191
祩	zhu	4	1
祪	gui	3	0
祫	xia	2	10
祬	zhi	1	0
祭	ji	4	709
祮	gao	4	0
祯	zhen	1	191
祰	gao	4	1
祱	shui	4	0
祲	jin	4	3
祳	shen	4	0
祴	gai	1	4
祵	kun	3	0
祶	di	4	0
祷	dao	3	58
祸	huo	4	769
祹	tao	2	9
祺	qi	2	272
祻	gu	4	0
祼	guan	4	36
祽	zui	4	1
祾	ling	2	0
祿	lu	4	12
禀	bing	3	101
禁	jin	4	1502
禂	dao	3	1
禃	zhi	2	0
禄	lu	4	543
禅	chan	2	650
禆	bi	4	0
禇	zhe	3	0
禈	hui	1	1
禉	you	3	0
禊	xi	4	8
禋	yin	1	6
禌	zi	1	0
禍	huo	4	14
禎	zhen	1	5
福	fu	2	3902
禐	yuan	4	1
禑	wu	2	4
禒	xian	3	4
禓	yang	2	0
禔	zhi	1	5
禕	yi	1	2
禖	mei	2	2
禗	si	1	0
禘	di	4	4
禙	bei	4	0
禚	zhuo	2	5
禛	zhen	1	112
禜	yong	3	1
禝	ji	4	1
禞	gao	4	0
禟	tang	2	0
禠	si	1	1
禡	ma	4	1
禢	ta	4	1
禣	fu	4	0
禤	xuan	1	10
禥	qi	2	0
禦	yu	4	3
禧	xi	3	151
禨	ji	1	2
禩	si	4	0
禪	chan	2	17
禫	dan	4	1
禬	gui	4	1
禭	sui	4	1
禮	li	3	32
禯	nong	2	0
禰	mi	2	2
禱	dao	3	3
禲	li	4	0
禳	rang	2	18
禴	yue	4	0
禵	ti	2	0
禶	zan	4	1
禷	lei	4	0
禸	rou	2	4
禹	yu	3	490
禺	yu	2	39
离	li	2	9937
禼	xie	4	0
禽	qin	2	318
禾	he	2	547
禿	tu	1	2
秀	xiu	4	5013
私	si	1	1220
秂	ren	2	0
秃	tu	1	249
秄	zi	3	0
秅	cha	2	1
秆	gan	3	79
秇	yi	4	0
秈	xian	1	2
秉	bing	3	338
秊	nian	2	0
秋	qiu	1	3839
秌	qiu	1	0
种	zhong	3	12160
秎	fen	4	0
秏	hao	4	3
秐	yun	2	0
科	ke	1	5764
秒	miao	3	5204
秓	zhi	1	0
秔	jing	1	0
秕	bi	3	11
秖	zhi	1	2
秗	yu	4	0
秘	mi	4	608
秙	ku	4	0
秚	ban	4	0
秛	pi	1	0
秜	ni	2	0
秝	li	4	1
秞	you	2	1
租	zu	1	4253
秠	pi	1	0
秡	bo	2	1
秢	ling	2	0
秣	mo	4	12
秤	cheng	4	298
秥	nian	2	0
秦	qin	2	3797
秧	yang	1	139
秨	zuo	2	0
秩	zhi	4	81
秪	zhi	1	1
秫	shu	2	14
秬	ju	4	6
秭	zi	3	7
秮	huo	2	2
积	ji	1	1323
称	cheng	1	13485
秱	tong	2	0
秲	zhi	4	0
秳	huo	2	0
秴	he	2	0
秵	yin	1	0
秶	zi	1	2
秷	zhi	4	2
秸	jie	1	25
秹	ren	3	0
秺	du	4	3
移	yi	2	1116
秼	zhu	1	0
秽	hui	4	115
秾	nong	2	0
秿	fu	4	0
稀	xi	1	751
稁	gao	3	0
稂	lang	2	3
稃	fu	1	7
稄	xun	4	1
稅	shui	4	18
稆	lv	3	3
稇	kun	3	0
稈	gan	3	1
稉	jing	1	0
稊	ti	2	3
程	cheng	2	3157
稌	tu	2	1
稍	shao	1	1887
税	shui	4	2652
稏	ya	4	0
稐	lun	3	2
稑	lu	4	5
稒	gu	4	5
稓	zuo	2	3
稔	ren	3	38
稕	zhun	4	1
稖	bang	4	0
稗	bai	4	39
稘	ji	1	0
稙	zhi	1	3
稚	zhi	4	161
稛	kun	3	1
稜	leng	2	6
稝	peng	2	0
稞	ke	1	8
稟	bing	3	4
稠	chou	2	316
稡	zui	4	0
稢	yu	4	1
稣	su	1	18
稤	lve	4	0
稥	xiang	1	0
稦	yi	1	0
稧	xi	4	0
稨	bian	3	0
稩	ji	4	0
稪	fu	2	0
稫	pi	4	0
稬	nuo	4	0
稭	jie	1	0
種	zhong	3	52
稯	zong	1	0
稰	xu	3	1
稱	cheng	1	46
稲	dao	4	8
稳	wen	3	2822
稴	xian	2	0
稵	zi	1	0
稶	yu	4	0
稷	ji	4	47
稸	xu	4	0
稹	zhen	3	10
稺	zhi	4	0
稻	dao	4	434
稼	jia	4	124
稽	ji	1	74
稾	gao	3	0
稿	gao	3	1710
穀	gu	3	9
穁	rong	2	0
穂	sui	4	10
穃	rong	5	0
穄	ji	4	2
穅	kang	1	0
穆	mu	4	1057
穇	can	3	1
穈	mei	2	1
穉	zhi	4	1
穊	ji	4	1
穋	lu	4	2
穌	su	1	1
積	ji	1	15
穎	ying	3	14
穏	wen	3	4
穐	qiu	1	0
穑	se	4	11
穒	he	4	0
穓	yi	4	0
穔	huang	2	1
穕	qie	4	0
穖	ji	3	0
穗	sui	4	736
穘	xiao	1	1
穙	pu	2	0
穚	jiao	1	1
穛	zhuo	1	1
穜	tong	2	2
穝	zui	5	0
穞	lv	3	0
穟	sui	4	1
穠	nong	2	2
穡	se	4	1
穢	hui	4	4
穣	rang	2	1
穤	nuo	4	0
穥	yu	4	0
穦	pin	1	0
穧	ji	4	1
穨	tui	2	2
穩	wen	3	12
穪	cheng	1	0
穫	huo	4	1
穬	kuang	4	1
穭	lv	3	0
穮	biao	1	0
穯	se	4	0
穰	rang	2	20
穱	zhuo	1	4
穲	li	2	0
穳	cuan	2	0
穴	xue	2	1009
穵	wa	1	1
究	jiu	1	276
穷	qiong	2	4376
穸	xi	1	8
穹	qiong	2	69
空	kong	1	10992
穻	yu	1	1
穼	shen	1	0
穽	jing	3	2
穾	yao	4	1
穿	chuan	1	14227
窀	zhun	1	3
突	tu	1	788
窂	lao	2	0
窃	qie	4	249
窄	zhai	3	922
窅	yao	3	7
窆	bian	3	2
窇	bao	2	2
窈	yao	3	20
窉	bing	3	1
窊	wa	1	2
窋	zhu	2	2
窌	jiao	4	1
窍	qiao	4	351
窎	diao	4	0
窏	wu	1	1
窐	gui	1	2
窑	yao	2	559
窒	zhi	4	49
窓	chuang	1	1
窔	yao	4	2
窕	tiao	3	11
窖	jiao	4	148
窗	chuang	1	1744
窘	jiong	3	134
窙	xiao	1	1
窚	cheng	2	0
窛	kou	4	0
窜	cuan	4	581
窝	wo	1	2199
窞	dan	4	16
窟	ku	1	189
窠	ke	1	28
窡	zhuo	2	0
窢	xu	1	0
窣	su	1	23
窤	guan	1	0
窥	kui	1	295
窦	dou	4	501
窧	zhuo	5	0
窨	yin	4	9
窩	wo	1	17
窪	wa	1	3
窫	ya	4	1
窬	yu	2	5
窭	ju	4	6
窮	qiong	2	19
窯	yao	2	3
窰	yao	2	1
窱	tiao	3	0
窲	chao	2	0
窳	yu	3	6
窴	tian	2	1
窵	diao	4	0
窶	ju	4	1
窷	liao	4	2
窸	xi	1	34
窹	wu	4	0
窺	kui	1	6
窻	chuang	1	0
窼	zhao	1	0
窽	kuan	3	0
窾	kuan	3	1
窿	long	2	39
竀	cheng	1	0
竁	cui	4	0
竂	liao	2	0
竃	zao	4	0
竄	cuan	4	6
竅	qiao	4	3
竆	qiong	2	0
竇	dou	4	3
竈	zao	4	1
竉	long	3	0
竊	qie	4	5
立	li	4	4957
竌	chu	4	0
竍	shi	2	0
竎	fu	4	0
竏	qian	1	0
竐	chu	4	0
竑	hong	2	11
竒	qi	2	2
竓	hao	2	0
竔	sheng	1	0
竕	fen	1	0
竖	shu	4	546
竗	miao	4	0
竘	qu	3	1
站	zhan	4	13654
竚	zhu	4	1
竛	ling	2	0
竜	long	2	13
竝	bing	4	2
竞	jing	4	629
竟	jing	4	4453
章	zhang	1	5608
竡	bai	3	0
竢	si	4	1
竣	jun	4	62
竤	hong	2	1
童	tong	2	1528
竦	song	3	23
竧	jing	4	0
竨	diao	4	0
竩	yi	4	0
竪	shu	4	1
竫	jing	4	0
竬	qu	3	0
竭	jie	2	151
竮	ping	1	0
端	duan	1	3825
竰	li	2	0
竱	zhuan	3	0
竲	ceng	2	0
竳	deng	1	0
竴	cun	1	0
竵	wai	1	0
競	jing	4	11
竷	kan	3	6
竸	jing	4	0
竹	zhu	2	2261
竺	zhu	2	117
竻	le	4	3
竼	peng	2	0
竽	yu	2	17
竾	chi	2	0
竿	gan	1	216
笀	mang	2	7
笁	zhu	2	8
笂	wan	2	16
笃	du	3	171
笄	ji	1	18
笅	jiao	3	13
笆	ba	1	23
笇	suan	4	0
笈	ji	2	29
笉	qin	3	20
笊	zhao	4	3
笋	sun	3	313
笌	ya	2	0
笍	zhui	4	0
笎	yuan	2	2
笏	hu	4	30
笐	hang	2	1
笑	xiao	4	14513
笒	cen	2	3
笓	bi	4	7
笔	bi	3	3249
笕	jian	3	9
笖	yi	3	0
笗	dong	1	0
笘	shan	1	6
笙	sheng	1	211
笚	da	1	1
笛	di	2	433
笜	zhu	2	0
笝	na	4	2
笞	chi	1	19
笟	gu	1	0
笠	li	4	128
笡	qie	4	0
笢	min	3	11
笣	bao	1	3
笤	tiao	2	4
笥	si	4	17
符	fu	2	1353
笧	ce	4	0
笨	ben	4	5349
笩	fa	2	0
笪	da	2	17
笫	zi	3	18
第	di	4	24313
笭	ling	2	2
笮	ze	2	6
笯	nu	2	1
笰	fu	2	1
笱	gou	3	6
笲	fan	2	0
笳	jia	1	20
笴	gan	3	1
笵	fan	4	1
笶	shi	3	1
笷	mao	3	0
笸	po	3	3
笹	ti	4	8
笺	jian	1	147
笻	qiong	2	0
笼	long	2	625
笽	min	3	0
笾	bian	1	8
笿	luo	4	0
筀	gui	4	0
筁	qu	1	0
筂	chi	2	0
筃	yin	1	0
筄	yao	4	0
筅	xian	3	5
筆	bi	3	18
筇	qiong	2	6
筈	kuo	4	1
等	deng	3	182604
筊	xiao	2	4
筋	jin	1	643
筌	quan	2	22
筍	sun	3	3
筎	ru	2	2
筏	fa	2	71
筐	kuang	1	253
筑	zhu	4	598
筒	tong	3	697
筓	ji	1	0
答	da	2	3087
筕	hang	2	0
策	ce	4	914
筗	zhong	4	0
筘	kou	4	9
筙	lai	2	0
筚	bi	4	6
筛	shai	1	271
筜	dang	1	0
筝	zheng	1	205
筞	ce	4	0
筟	fu	1	0
筠	yun	2	130
筡	tu	2	0
筢	pa	2	7
筣	li	2	0
筤	lang	2	0
筥	ju	3	4
筦	guan	3	2
筧	jian	3	1
筨	han	2	0
筩	tong	2	2
筪	xia	2	0
筫	zhi	4	0
筬	cheng	2	1
筭	suan	4	2
筮	shi	4	18
筯	zhu	4	0
筰	zuo	2	2
筱	xiao	3	463
筲	shao	1	2
筳	ting	2	2
筴	ce	4	3
筵	yan	2	82
筶	gao	4	0
筷	kuai	4	102
筸	gan	1	1
筹	chou	2	653
筺	kuang	1	0
筻	gang	4	2
筼	yun	2	0
筽	ou	1	13
签	qian	1	4658
筿	xiao	3	0
简	jian	3	1282
箁	pou	2	0
箂	lai	2	1
箃	zou	1	0
箄	bi	3	0
箅	bi	4	8
箆	bi	4	0
箇	ge	4	8
箈	tai	2	0
箉	guai	3	0
箊	yu	1	13
箋	jian	1	5
箌	dao	4	5
箍	gu	1	170
箎	chi	2	1
箏	zheng	1	3
箐	qing	4	93
箑	sha	4	6
箒	zhou	3	2
箓	lu	4	0
箔	bo	2	55
箕	ji	1	79
箖	lin	2	5
算	suan	4	29938
箘	jun	4	2
箙	fu	2	3
箚	zha	2	3
箛	gu	1	8
箜	kong	1	12
箝	qian	2	15
箞	qian	1	6
箟	jun	4	4
箠	chui	2	5
管	guan	3	15029
箢	yuan	1	6
箣	ce	4	0
箤	zu	2	1
箥	bo	3	0
箦	ze	2	5
箧	qie	4	21
箨	tuo	4	17
箩	luo	2	79
箪	dan	1	19
箫	xiao	1	288
箬	ruo	4	38
箭	jian	4	1233
箮	xuan	1	0
箯	bian	1	3
箰	sun	3	0
箱	xiang	1	3161
箲	xian	3	0
箳	ping	2	0
箴	zhen	1	54
箵	xing	1	1
箶	hu	2	0
箷	yi	2	1
箸	zhu	4	49
箹	yue	1	7
箺	chun	1	0
箻	lv	4	0
箼	wu	1	0
箽	dong	3	0
箾	shuo	4	5
箿	ji	2	0
節	jie	2	25
篁	huang	2	60
篂	xing	1	0
篃	mei	4	0
範	fan	4	9
篅	chuan	2	0
篆	zhuan	4	87
篇	pian	1	6897
篈	feng	1	0
築	zhu	2	5
篊	huang	2	0
篋	qie	4	2
篌	hou	2	17
篍	qiu	1	0
篎	miao	3	0
篏	qian	4	1
篐	gu	1	0
篑	kui	4	12
篒	shi	5	0
篓	lou	3	83
篔	yun	2	1
篕	he	2	0
篖	tang	2	0
篗	yue	4	0
篘	chou	1	2
篙	gao	1	33
篚	fei	3	12
篛	ruo	4	1
篜	zheng	1	1
篝	gou	1	14
篞	nie	4	0
篟	qian	4	1
篠	xiao	3	11
篡	cuan	4	70
篢	long	3	1
篣	peng	2	0
篤	du	3	11
篥	li	4	4
篦	bi	4	22
篧	zhuo	2	1
篨	chu	2	2
篩	shai	1	1
篪	chi	2	19
篫	zhu	4	0
篬	qiang	1	0
篭	long	2	0
篮	lan	2	472
篯	jian	1	0
篰	bu	4	1
篱	li	2	93
篲	hui	4	1
篳	bi	4	1
篴	di	2	1
篵	cong	1	0
篶	yan	1	1
篷	peng	2	91
篸	can	3	0
篹	zhuan	4	1
篺	pi	2	0
篻	piao	3	0
篼	dou	1	7
篽	yu	4	0
篾	mie	4	22
篿	tuan	2	1
簀	ze	2	0
簁	shai	1	2
簂	gui	4	0
簃	yi	2	3
簄	hu	4	0
簅	chan	3	1
簆	kou	4	0
簇	cu	4	276
簈	ping	2	0
簉	zao	4	1
簊	ji	1	1
簋	gui	3	22
簌	su	4	13
簍	lou	3	1
簎	ce	4	1
簏	lu	4	5
簐	nian	3	0
簑	suo	1	1
簒	cuan	4	0
簓	diao	1	0
簔	suo	1	0
簕	le	4	0
簖	duan	4	4
簗	zhu	4	1
簘	xiao	1	0
簙	bo	2	1
簚	mi	4	0
簛	shai	1	0
簜	dang	4	1
簝	liao	2	0
簞	dan	1	4
簟	dian	4	29
簠	fu	3	5
簡	jian	3	26
簢	min	3	0
簣	kui	4	1
簤	dai	4	0
簥	jiao	1	2
簦	deng	1	4
簧	huang	2	91
簨	sun	3	6
簩	lao	2	5
簪	zan	1	132
簫	xiao	1	6
簬	lu	4	12
簭	shi	4	3
簮	zan	1	0
簯	qi	5	0
簰	pai	2	4
簱	qi	2	0
簲	pai	2	0
簳	gan	3	2
簴	ju	4	0
簵	lu	4	0
簶	lu	4	0
簷	yan	2	2
簸	bo	3	19
簹	dang	1	3
簺	sai	4	0
簻	zhua	1	3
簼	gou	1	2
簽	qian	1	25
簾	lian	2	5
簿	bu	4	293
籀	zhou	4	8
籁	lai	4	32
籂	shi	5	0
籃	lan	2	6
籄	kui	4	0
籅	yu	2	0
籆	yue	4	0
籇	hao	2	0
籈	zhen	1	1
籉	tai	2	0
籊	ti	4	1
籋	nie	4	0
籌	chou	2	8
籍	ji	2	1229
籎	yi	2	0
籏	qi	2	0
籐	teng	2	2
籑	zhuan	4	0
籒	zhou	4	0
籓	fan	1	7
籔	sou	3	2
籕	zhou	4	0
籖	qian	5	0
籗	zhuo	2	0
籘	teng	2	1
籙	lu	4	3
籚	lu	2	0
籛	jian	3	1
籜	tuo	4	0
籝	ying	2	0
籞	yu	4	0
籟	lai	4	1
籠	long	2	6
籡	qie	4	0
籢	lian	2	0
籣	lan	2	2
籤	qian	1	2
籥	yue	4	5
籦	zhong	1	1
籧	qu	2	1
籨	lian	2	0
籩	bian	1	2
籪	duan	4	1
籫	zuan	3	1
籬	li	2	4
籭	si	1	0
籮	luo	2	2
籯	ying	2	1
籰	yue	4	0
籱	zhuo	2	0
籲	yu	4	2
米	mi	3	15995
籴	di	2	11
籵	fan	2	1
籶	shen	1	0
籷	zhe	2	0
籸	shen	1	0
籹	nv	3	19
籺	he	2	0
类	lei	4	19235
籼	xian	1	30
籽	zi	3	341
籾	ni	2	0
籿	cun	4	1
粀	zhang	4	1
粁	qian	1	0
粂	zhai	1	0
粃	bi	3	0
粄	ban	3	4
粅	wu	4	3
粆	sha	1	0
粇	kang	1	0
粈	rou	2	8
粉	fen	3	4338
粊	bi	4	2
粋	cui	4	2
粌	yin	5	3
粍	zhe	2	6
粎	mi	3	0
粏	tai	5	0
粐	hu	4	2
粑	ba	1	49
粒	li	4	1193
粓	gan	1	0
粔	ju	4	4
粕	po	4	50
粖	mo	4	2
粗	cu	1	2172
粘	zhan	1	816
粙	zhou	4	0
粚	chi	1	0
粛	su	4	3
粜	tiao	4	10
粝	li	4	6
粞	xi	1	13
粟	su	4	262
粠	hong	2	0
粡	tong	2	7
粢	zi	1	5
粣	ce	4	2
粤	yue	4	869
粥	zhou	1	1498
粦	lin	2	0
粧	zhuang	1	4
粨	bai	3	3
粩	lao	1	0
粪	fen	4	693
粫	er	2	1
粬	qu	1	0
粭	he	2	3
粮	liang	2	968
粯	xian	4	13
粰	fu	2	0
粱	liang	2	102
粲	can	4	55
粳	jing	1	32
粴	li	3	1
粵	yue	4	6
粶	lu	4	0
粷	ju	2	0
粸	qi	2	0
粹	cui	4	139
粺	bai	4	7
粻	zhang	1	7
粼	lin	2	18
粽	zong	4	235
精	jing	1	3445
粿	guo	3	15
糀	hua	1	4
糁	san	3	11
糂	san	3	0
糃	tang	2	0
糄	bian	3	0
糅	rou	2	20
糆	mian	4	0
糇	hou	2	4
糈	xu	3	3
糉	zong	4	0
糊	hu	2	732
糋	jian	4	0
糌	zan	1	2
糍	ci	2	23
糎	li	2	0
糏	xie	4	0
糐	fu	1	0
糑	nuo	4	1
糒	bei	4	1
糓	gu	3	0
糔	xiu	3	0
糕	gao	1	347
糖	tang	2	2840
糗	qiu	3	105
糘	jia	1	1
糙	cao	1	215
糚	zhuang	1	0
糛	tang	2	0
糜	mi	2	127
糝	san	3	0
糞	fen	4	5
糟	zao	1	584
糠	kang	1	141
糡	jiang	4	0
糢	mo	2	1
糣	san	3	0
糤	san	3	0
糥	nuo	4	0
糦	xi	1	0
糧	liang	2	5
糨	jiang	4	3
糩	kuai	4	0
糪	bo	4	1
糫	huan	2	0
糬	shu	3	3
糭	zong	4	0
糮	xian	4	0
糯	nuo	4	138
糰	tuan	2	1
糱	nie	4	0
糲	li	4	0
糳	zuo	4	0
糴	di	2	1
糵	nie	4	0
糶	tiao	4	1
糷	lan	4	1
糸	mi	4	95
糹	si	1	0
糺	jiu	1	1
系	xi	4	23892
糼	gong	1	0
糽	zheng	3	1
糾	jiu	1	4
糿	you	4	0
紀	ji	4	28
紁	cha	4	0
紂	zhou	4	2
紃	xun	2	1
約	yue	1	72
紅	hong	2	68
紆	yu	1	2
紇	he	2	1
紈	wan	2	1
紉	ren	4	1
紊	wen	3	25
紋	wen	2	14
紌	qiu	2	0
納	na	4	18
紎	zi	1	0
紏	tou	3	0
紐	niu	3	5
紑	fou	2	10
紒	ji	4	16
紓	shu	1	11
純	chun	2	29
紕	pi	1	4
紖	zhen	4	2
紗	sha	1	12
紘	hong	2	18
紙	zhi	3	22
級	ji	2	31
紛	fen	1	5
紜	yun	2	2
紝	ren	4	45
紞	dan	3	7
紟	jin	1	3
素	su	4	4957
紡	fang	3	5
索	suo	3	2303
紣	cui	4	0
紤	jiu	3	0
紥	za	1	0
紦	ba	5	0
紧	jin	3	4681
紨	fu	1	3
紩	zhi	4	3
紪	qi	1	0
紫	zi	3	3099
紬	chou	2	5
紭	hong	2	0
紮	za	1	8
累	lei	4	13301
細	xi	4	42
紱	fu	2	3
紲	xie	4	1
紳	shen	1	2
紴	bo	1	0
紵	zhu	4	8
紶	qu	1	7
紷	ling	2	0
紸	zhu	4	9
紹	shao	4	8
紺	gan	4	3
紻	yang	3	0
紼	fu	2	1
紽	tuo	2	1
紾	zhen	3	4
紿	dai	4	1
絀	chu	4	7
絁	shi	1	1
終	zhong	1	34
絃	xian	2	4
組	zu	3	41
絅	jiong	1	1
絆	ban	4	3
絇	qu	2	1
絈	mo	4	0
絉	shu	4	0
絊	zui	4	1
絋	kuang	4	1
経	jing	1	8
絍	ren	4	0
絎	hang	2	0
絏	xie	4	1
結	jie	2	35
絑	zhu	1	0
絒	chou	2	2
絓	gua	4	1
絔	bai	3	4
絕	jue	2	25
絖	kuang	4	1
絗	hu	2	0
絘	ci	4	4
絙	huan	2	0
絚	geng	1	0
絛	tao	1	1
絜	jie	2	8
絝	ku	4	0
絞	jiao	3	4
絟	quan	2	1
絠	gai	3	0
絡	luo	4	4
絢	xuan	4	4
絣	beng	1	1
絤	xian	4	0
絥	fu	2	0
給	gei	3	343
絧	dong	4	1
絨	rong	2	1
絩	tiao	4	1
絪	yin	1	5
絫	lei	3	2
絬	xie	4	0
絭	juan	4	1
絮	xu	4	196
絯	gai	1	3
絰	die	2	1
統	tong	3	11
絲	si	1	21
絳	jiang	4	4
絴	xiang	2	0
絵	hui	4	12
絶	jue	2	4
絷	zhi	2	9
絸	jian	3	0
絹	juan	4	4
絺	chi	1	6
絻	mian	3	3
絼	zhen	4	1
絽	lv	3	5
絾	cheng	2	0
絿	qiu	2	3
綀	shu	1	4
綁	bang	3	8
綂	tong	3	0
綃	xiao	1	2
綄	huan	2	8
綅	qin	1	5
綆	geng	3	6
綇	xiu	3	0
綈	ti	2	2
綉	tou	4	13
綊	xie	2	0
綋	hong	2	0
綌	xi	4	1
綍	fu	2	9
綎	ting	1	4
綏	sui	1	5
綐	dui	4	0
綑	kun	3	3
綒	fu	1	1
經	jing	1	83
綔	hu	4	9
綕	zhi	1	0
綖	yan	2	5
綗	jiong	3	0
綘	feng	2	0
継	ji	4	3
続	xu	4	6
綛	ren	3	1
綜	zong	1	3
綝	chen	1	2
綞	duo	3	0
綟	li	4	1
綠	lv	4	23
綡	liang	2	1
綢	chou	2	2
綣	quan	3	1
綤	shao	4	0
綥	qi	2	0
綦	qi	2	31
綧	zhun	3	0
綨	qi	2	0
綩	wan	3	1
綪	qian	4	7
綫	xian	4	6
綬	shou	4	5
維	wei	2	16
綮	qing	4	5
綯	tao	2	4
綰	wan	3	2
綱	gang	1	6
網	wang	3	38
綳	beng	1	0
綴	zhui	4	3
綵	cai	3	5
綶	guo	3	0
綷	cui	4	3
綸	lun	2	46
綹	liu	3	1
綺	qi	3	10
綻	zhan	4	2
綼	bi	4	1
綽	chuo	4	2
綾	ling	2	11
綿	mian	2	5
緀	qi	1	0
緁	qie	4	37
緂	tian	2	2
緃	zong	1	0
緄	gun	3	1
緅	zou	1	1
緆	xi	1	0
緇	zi	1	2
緈	xing	4	0
緉	liang	3	1
緊	jin	3	27
緋	fei	1	5
緌	rui	2	15
緍	min	2	0
緎	yu	4	1
総	zong	3	8
緐	fan	2	0
緑	lv	4	3
緒	xu	4	11
緓	ying	1	0
緔	shang	4	0
緕	qi	5	1
緖	xu	4	0
緗	xiang	1	3
緘	jian	1	2
緙	ke	4	0
線	xian	4	38
緛	ruan	3	2
緜	mian	2	1
緝	ji	1	4
緞	duan	4	5
緟	chong	2	3
締	di	4	2
緡	min	2	3
緢	miao	2	0
緣	yuan	2	45
緤	xie	4	3
緥	bao	3	0
緦	si	1	1
緧	qiu	1	1
編	bian	1	29
緩	huan	3	6
緪	geng	1	1
緫	cong	1	0
緬	mian	3	6
緭	wei	4	0
緮	fu	4	1
緯	wei	3	8
緰	tou	2	1
緱	gou	1	6
緲	miao	3	3
緳	xie	2	5
練	lian	4	17
緵	zong	1	0
緶	bian	4	1
緷	yun	4	3
緸	yin	1	0
緹	ti	2	2
緺	gua	1	2
緻	zhi	4	2
緼	yun	4	0
緽	cheng	1	0
緾	chan	2	0
緿	dai	4	0
縀	xia	2	0
縁	yuan	2	4
縂	zong	3	0
縃	xu	1	1
縄	sheng	2	2
縅	wei	1	1
縆	geng	1	0
縇	xuan	1	0
縈	ying	2	3
縉	jin	4	1
縊	yi	4	1
縋	zhui	4	2
縌	ni	4	2
縍	bang	1	1
縎	gu	3	1
縏	pan	2	1
縐	zhou	4	2
縑	jian	1	1
縒	ci	1	1
縓	quan	2	0
縔	shuang	3	1
縕	yun	4	1
縖	xia	2	1
縗	cui	1	1
縘	xi	1	0
縙	rong	2	0
縚	tao	1	1
縛	fu	4	6
縜	yun	2	0
縝	chen	1	3
縞	gao	3	3
縟	ru	4	1
縠	hu	2	4
縡	zai	4	2
縢	teng	2	4
縣	xian	4	19
縤	su	4	1
縥	zhen	3	0
縦	zong	4	1
縧	tao	1	0
縨	huang	3	0
縩	cai	4	0
縪	bi	4	1
縫	feng	4	5
縬	cu	4	0
縭	li	2	1
縮	suo	1	7
縯	yan	3	8
縰	xi	3	1
縱	zong	4	10
縲	lei	2	1
縳	juan	4	1
縴	qian	4	2
縵	man	4	3
縶	zhi	2	1
縷	lv	3	4
縸	mu	4	1
縹	piao	3	2
縺	lian	2	3
縻	mi	2	8
縼	xuan	4	2
總	zong	3	66
績	ji	1	14
縿	shan	1	1
繀	sui	4	3
繁	fan	2	724
繂	lv	4	8
繃	beng	3	6
繄	yi	1	4
繅	sao	1	1
繆	mou	2	9
繇	yao	2	15
繈	qiang	3	4
繉	hun	2	0
繊	xian	1	2
繋	ji	4	2
繌	sha	5	2
繍	xiu	4	4
繎	ran	2	0
繏	xuan	4	0
繐	sui	4	4
繑	qiao	1	5
繒	zeng	1	5
繓	zuo	3	1
織	zhi	1	14
繕	shan	4	4
繖	san	3	6
繗	lin	2	2
繘	yu	4	8
繙	fan	1	3
繚	liao	2	5
繛	chuo	4	0
繜	zun	1	1
繝	jian	4	16
繞	rao	4	16
繟	chan	3	1
繠	rui	3	0
繡	xiu	4	8
繢	hui	4	0
繣	hua	4	1
繤	zuan	3	0
繥	xi	1	0
繦	qiang	3	1
繧	yun	5	2
繨	da	5	1
繩	sheng	2	5
繪	hui	4	13
繫	xi	4	16
繬	se	4	0
繭	jian	3	3
繮	jiang	1	0
繯	huan	2	1
繰	zao	3	1
繱	cong	1	0
繲	xie	4	2
繳	jiao	3	14
繴	bi	4	9
繵	dan	4	1
繶	yi	4	1
繷	nong	3	1
繸	sui	4	1
繹	yi	4	2
繺	shai	3	0
繻	xu	1	9
繼	ji	4	22
繽	bin	1	2
繾	qian	3	1
繿	lan	2	14
纀	pu	2	9
纁	xun	1	3
纂	zuan	3	80
纃	qi	2	1
纄	peng	2	0
纅	yao	4	0
纆	mo	4	1
纇	lei	4	2
纈	xie	2	13
纉	zuan	3	0
纊	kuang	4	6
纋	you	1	5
續	xu	4	13
纍	lei	2	14
纎	xian	1	1
纏	chan	2	8
纐	jiao	3	0
纑	lu	2	1
纒	chan	2	1
纓	ying	1	3
纔	cai	2	5
纕	rang	3	1
纖	xian	1	6
纗	zui	1	0
纘	zuan	3	1
纙	luo	4	2
纚	li	2	3
纛	dao	4	22
纜	lan	3	2
纝	lei	2	0
纞	lian	4	0
纟	si	1	76
纠	jiu	1	216
纡	yu	1	16
红	hong	2	12941
纣	zhou	4	46
纤	xian	1	270
纥	he	2	9
约	yue	1	11468
级	ji	2	17388
纨	wan	2	33
纩	kuang	4	4
纪	ji	4	1480
纫	ren	4	19
纬	wei	3	314
纭	yun	2	13
纮	hong	2	0
纯	chun	2	4448
纰	pi	1	7
纱	sha	1	679
纲	gang	1	387
纳	na	4	2103
纴	ren	4	0
纵	zong	4	840
纶	lun	2	220
纷	fen	1	212
纸	zhi	3	3607
纹	wen	2	1133
纺	fang	3	251
纻	zhu	4	0
纼	zhen	4	0
纽	niu	3	335
纾	shu	1	37
线	xian	4	16338
绀	gan	4	48
绁	xie	4	15
绂	fu	2	16
练	lian	4	8718
组	zu	3	22421
绅	shen	1	76
细	xi	4	3153
织	zhi	1	569
终	zhong	1	1882
绉	zhou	4	59
绊	ban	4	365
绋	fu	2	16
绌	chu	4	18
绍	shao	4	721
绎	yi	4	50
经	jing	1	13284
绐	dai	4	15
绑	bang	3	1046
绒	rong	2	339
结	jie	2	3484
绔	ku	4	17
绕	rao	4	1854
绖	die	2	0
绗	hang	2	15
绘	hui	4	465
给	gei	3	191937
绚	xuan	4	101
绛	jiang	4	164
络	luo	4	407
绝	jue	2	2382
绞	jiao	3	260
统	tong	3	776
绠	geng	3	24
绡	xiao	1	71
绢	juan	4	259
绣	xiu	4	838
绤	xi	4	0
绥	sui	2	129
绦	tao	1	49
继	ji	4	2685
绨	ti	2	9
绩	ji	4	134
绪	xu	4	361
绫	ling	2	153
绬	ying	1	0
续	xu	4	1364
绮	qi	3	399
绯	fei	1	217
绰	chuo	4	152
绱	shang	4	18
绲	gun	3	8
绳	sheng	2	635
维	wei	2	2445
绵	mian	2	396
绶	shou	4	52
绷	beng	1	134
绸	chou	2	142
绹	tao	2	0
绺	liu	3	30
绻	quan	3	30
综	zong	1	121
绽	zhan	4	79
绾	wan	3	136
绿	lv	4	4675
缀	zhui	4	239
缁	zi	1	81
缂	ke	4	30
缃	xiang	1	51
缄	jian	1	33
缅	mian	3	167
缆	lan	3	149
缇	ti	2	141
缈	miao	3	43
缉	ji	1	45
缊	yun	4	0
缋	hui	4	6
缌	si	1	7
缍	duo	3	11
缎	duan	4	105
缏	bian	4	2
缐	xian	4	0
缑	gou	1	11
缒	zhui	4	6
缓	huan	3	921
缔	di	4	63
缕	lv	3	237
编	bian	1	2919
缗	min	2	19
缘	yuan	2	2061
缙	jin	4	50
缚	fu	4	163
缛	ru	4	11
缜	zhen	3	27
缝	feng	4	1004
缞	cui	1	0
缟	gao	3	18
缠	chan	2	713
缡	li	2	13
缢	yi	4	24
缣	jian	1	12
缤	bin	1	25
缥	piao	1	25
缦	man	4	22
缧	lei	2	7
缨	ying	1	103
缩	suo	1	956
缪	mou	2	237
缫	sao	1	8
缬	xie	2	21
缭	liao	2	31
缮	shan	4	59
缯	zeng	1	15
缰	jiang	1	33
缱	qian	3	10
缲	qiao	1	1
缳	huan	2	10
缴	jiao	3	571
缵	zuan	3	10
缶	fou	3	32
缷	xie	4	0
缸	gang	1	620
缹	fou	3	0
缺	que	1	3991
缻	fou	3	0
缼	qi	5	0
缽	bo	1	5
缾	ping	2	1
缿	xiang	4	0
罀	zhao	5	0
罁	gang	1	0
罂	ying	1	16
罃	ying	1	1
罄	qing	4	29
罅	xia	4	14
罆	guan	4	0
罇	zun	1	1
罈	tan	2	2
罉	cheng	1	0
罊	qi	4	0
罋	weng	4	1
罌	ying	1	0
罍	lei	2	6
罎	tan	2	0
罏	lu	2	0
罐	guan	4	831
网	wang	3	21198
罒	wang	3	0
罓	gang	1	0
罔	wang	3	97
罕	han	3	214
罖	luo	2	0
罗	luo	2	7793
罘	fu	2	20
罙	shen	1	0
罚	fa	2	1329
罛	gu	1	18
罜	zhu	3	1
罝	ju	1	2
罞	mao	2	1
罟	gu	3	8
罠	min	2	1
罡	gang	1	119
罢	ba	4	1274
罣	gua	4	4
罤	ti	2	0
罥	juan	4	3
罦	fu	2	1
罧	shen	4	1
罨	yan	3	6
罩	zhao	4	783
罪	zui	4	2567
罫	gua	4	1
罬	zhuo	2	1
罭	yu	4	1
置	zhi	4	1619
罯	an	3	0
罰	fa	2	10
罱	lan	3	3
署	shu	3	687
罳	si	1	0
罴	pi	2	17
罵	ma	4	33
罶	liu	3	2
罷	ba	4	10
罸	fa	2	0
罹	li	2	31
罺	chao	2	0
罻	wei	4	0
罼	bi	4	1
罽	ji	4	8
罾	zeng	1	9
罿	chong	1	1
羀	liu	3	0
羁	ji	1	62
羂	juan	4	2
羃	mi	4	0
羄	zhao	4	0
羅	luo	2	38
羆	pi	2	1
羇	ji	1	1
羈	ji	1	2
羉	luan	2	1
羊	yang	2	3912
羋	mi	3	1
羌	qiang	1	129
羍	da	2	1
美	mei	3	17650
羏	yang	2	0
羐	you	3	0
羑	you	3	6
羒	fen	2	0
羓	ba	1	0
羔	gao	1	43
羕	yang	4	3
羖	gu	3	3
羗	qiang	1	0
羘	zang	1	0
羙	gao	1	0
羚	ling	2	110
羛	yi	4	1
羜	zhu	4	0
羝	di	1	4
羞	xiu	1	435
羟	qiang	3	73
羠	yi	2	0
羡	xian	4	223
羢	rong	2	0
羣	qun	2	3
群	qun	2	13451
羥	qiang	3	1
羦	huan	2	1
羧	suo	1	35
羨	xian	4	4
義	yi	4	55
羪	yang	5	0
羫	qiang	1	0
羬	qian	2	0
羭	yu	2	1
羮	geng	1	2
羯	jie	2	59
羰	tang	1	5
羱	yuan	2	1
羲	xi	1	101
羳	fan	2	0
羴	shan	1	0
羵	fen	2	1
羶	shan	1	2
羷	lian	3	0
羸	lei	2	38
羹	geng	1	255
羺	nou	2	0
羻	qiang	4	0
羼	chan	4	9
羽	yu	3	1682
羾	gong	4	0
羿	yi	4	73
翀	chong	1	64
翁	weng	1	995
翂	fen	1	1
翃	hong	2	4
翄	chi	4	0
翅	chi	4	412
翆	cui	4	1
翇	fu	2	0
翈	xia	2	0
翉	ben	3	1
翊	yi	4	160
翋	la	1	1
翌	yi	4	63
翍	pi	1	1
翎	ling	2	229
翏	liu	4	1
翐	zhi	4	0
翑	qu	2	1
習	xi	2	10
翓	xie	2	0
翔	xiang	2	1282
翕	xi	1	25
翖	xi	1	0
翗	ke	2	0
翘	qiao	4	736
翙	hui	4	0
翚	hui	1	0
翛	xiao	1	2
翜	sha	4	0
翝	hong	2	0
翞	jiang	1	0
翟	di	2	532
翠	cui	4	1136
翡	fei	3	121
翢	dao	4	1
翣	sha	4	1
翤	chi	4	0
翥	zhu	4	18
翦	jian	3	81
翧	xuan	1	0
翨	chi	4	0
翩	pian	1	56
翪	zong	1	0
翫	wan	2	2
翬	hui	1	1
翭	hou	2	1
翮	he	2	25
翯	he	4	3
翰	han	4	391
翱	ao	2	44
翲	piao	1	1
翳	yi	4	58
翴	lian	2	1
翵	hou	2	1
翶	ao	2	0
翷	lin	2	0
翸	pen	3	0
翹	qiao	4	9
翺	ao	2	0
翻	fan	1	5742
翼	yi	4	1166
翽	hui	4	0
翾	xuan	1	8
翿	dao	4	2
耀	yao	4	1004
老	lao	3	39924
耂	lao	3	0
考	kao	3	16604
耄	mao	4	18
者	zhe	3	29752
耆	qi	2	60
耇	gou	3	2
耈	gou	3	0
耉	gou	3	0
耊	die	2	0
耋	die	2	19
而	er	2	135908
耍	shua	3	5269
耎	ruan	3	2
耏	nai	4	1
耐	nai	4	2491
耑	duan	1	4
耒	lei	3	33
耓	ting	1	0
耔	zi	3	11
耕	geng	1	439
耖	chao	4	6
耗	hao	4	1100
耘	yun	2	84
耙	ba	4	63
耚	pi	1	0
耛	yi	2	0
耜	si	4	18
耝	qu	4	0
耞	jia	1	1
耟	ju	4	0
耠	huo	1	9
耡	chu	2	1
耢	lao	4	6
耣	lun	3	0
耤	ji	2	2
耥	tang	1	10
耦	ou	3	58
耧	lou	2	19
耨	nou	4	63
耩	jiang	3	12
耪	pang	3	6
耫	zha	2	0
耬	lou	2	1
耭	ji	1	0
耮	lao	4	0
耯	huo	4	0
耰	you	1	2
耱	mo	4	24
耲	huai	2	0
耳	er	3	1740
耴	yi	4	0
耵	ding	1	6
耶	ye	2	3149
耷	da	1	19
耸	song	3	235
耹	qin	2	1
耺	yun	2	0
耻	chi	3	389
耼	dan	1	0
耽	dan	1	62
耾	hong	2	0
耿	geng	3	635
聀	zhi	2	0
聁	pan	4	0
聂	nie	4	810
聃	dan	1	18
聄	zhen	3	0
聅	che	4	0
聆	ling	2	101
聇	zheng	1	0
聈	you	3	0
聉	wa	4	0
聊	liao	2	15975
聋	long	2	178
职	zhi	2	1051
聍	ning	2	4
聎	tiao	1	0
聏	er	2	1
聐	ya	4	0
聑	tie	1	0
聒	guo	1	14
聓	xu	4	0
联	lian	2	3141
聕	hao	4	0
聖	sheng	4	86
聗	lie	4	0
聘	pin	4	487
聙	jing	1	0
聚	ju	4	2255
聛	bi	3	0
聜	di	3	7
聝	guo	2	13
聞	wen	2	27
聟	xu	4	1
聠	ping	1	0
聡	cong	1	5
聢	ding	4	1
聣	ni	2	0
聤	ting	2	1
聥	ju	3	0
聦	cong	1	0
聧	kui	1	1
聨	lian	2	2
聩	kui	4	12
聪	cong	1	734
聫	lian	2	0
聬	weng	3	2
聭	kui	4	0
聮	lian	2	0
聯	lian	2	16
聰	cong	1	13
聱	ao	2	3
聲	sheng	1	60
聳	song	3	4
聴	ting	1	4
聵	kui	4	1
聶	nie	4	5
職	zhi	2	12
聸	dan	1	1
聹	ning	2	1
聺	qie	2	0
聻	ni	3	0
聼	ting	1	0
聽	ting	1	83
聾	long	2	2
聿	yu	4	92
肀	yu	4	0
肁	zhao	4	0
肂	si	4	0
肃	su	4	249
肄	yi	4	8
肅	su	4	6
肆	si	4	324
肇	zhao	4	200
肈	zhao	4	0
肉	rou	4	6416
肊	yi	4	0
肋	lei	4	135
肌	ji	1	911
肍	qiu	2	0
肎	ken	3	0
肏	cao	4	298
肐	ge	1	1
肑	bo	2	0
肒	huan	4	0
肓	huang	1	25
肔	chi	3	0
肕	ren	4	1
肖	xiao	4	2577
肗	ru	3	0
肘	zhou	3	263
肙	yuan	4	1
肚	du	4	535
肛	gang	1	152
肜	rong	2	7
肝	gan	1	1504
肞	cha	1	0
肟	wo	4	37
肠	chang	2	900
股	gu	3	16667
肢	zhi	1	184
肣	han	2	0
肤	fu	1	282
肥	fei	2	2808
肦	fen	2	0
肧	pei	1	0
肨	pang	4	0
肩	jian	1	1126
肪	fang	2	19
肫	zhun	1	16
肬	you	2	1
肭	na	4	3
肮	ang	1	15
肯	ken	3	2642
肰	ran	2	0
肱	gong	1	42
育	yu	4	876
肳	wen	3	0
肴	yao	2	58
肵	qi	2	1
肶	pi	2	0
肷	qian	3	4
肸	xi	1	2
肹	xi	1	0
肺	fei	4	1611
肻	ken	3	0
肼	jing	3	30
肽	tai	4	266
肾	shen	4	1252
肿	zhong	3	859
胀	zhang	4	407
胁	xie	2	165
胂	shen	4	9
胃	wei	4	2227
胄	zhou	4	40
胅	die	2	1
胆	dan	3	1035
胇	fei	4	0
胈	ba	2	1
胉	bo	2	1
胊	qu	2	1
胋	tian	2	0
背	bei	4	5608
胍	gua	1	31
胎	tai	1	962
胏	zi	3	1
胐	fei	3	0
胑	zhi	1	1
胒	ni	4	0
胓	ping	2	0
胔	zi	4	2
胕	fu	3	1
胖	pang	4	4710
胗	zhen	1	21
胘	xian	2	1
胙	zuo	4	5
胚	pei	1	224
胛	jia	3	7
胜	sheng	4	3699
胝	zhi	1	13
胞	bao	1	271
胟	mu	3	0
胠	qu	1	1
胡	hu	2	6006
胢	ke	1	0
胣	chi	3	0
胤	yin	4	354
胥	xu	1	183
胦	yang	1	0
胧	long	2	55
胨	dong	4	4
胩	ka	3	4
胪	lu	2	11
胫	jing	4	63
胬	nu	3	19
胭	yan	1	27
胮	pang	1	0
胯	kua	4	113
胰	yi	2	139
胱	guang	1	19
胲	hai	3	4
胳	ge	1	23
胴	dong	4	13
胵	chi	1	1
胶	jiao	1	1356
胷	xiong	1	0
胸	xiong	1	1827
胹	er	2	1
胺	an	4	338
胻	heng	2	0
胼	pian	2	6
能	neng	2	161410
胾	zi	4	1
胿	gui	1	0
脀	cheng	2	1
脁	tiao	3	3
脂	zhi	1	610
脃	cui	4	0
脄	mei	2	0
脅	xie	2	5
脆	cui	4	583
脇	xie	2	2
脈	mai	4	9
脉	mai	4	972
脊	ji	3	230
脋	xie	2	0
脌	nin	5	0
脍	kuai	4	24
脎	sa	4	2
脏	zang	4	1786
脐	qi	2	161
脑	nao	3	2258
脒	mi	3	14
脓	nong	2	261
脔	luan	2	5
脕	wan	4	11
脖	bo	2	175
脗	wen	3	0
脘	wan	3	36
脙	xiu	1	15
脚	jiao	3	5573
脛	jing	4	23
脜	you	3	0
脝	heng	1	8
脞	cuo	3	5
脟	lie	4	15
脠	shan	1	0
脡	ting	3	12
脢	mei	2	13
脣	chun	2	18
脤	shen	4	10
脥	qian	3	11
脦	de	5	0
脧	juan	1	8
脨	cu	4	0
脩	xiu	1	20
脪	xin	4	0
脫	tuo	1	24
脬	pao	1	6
脭	cheng	2	13
脮	nei	3	0
脯	pu	2	28
脰	dou	4	17
脱	tuo	1	2753
脲	niao	4	128
脳	nao	3	14
脴	pi	3	0
脵	gu	3	0
脶	luo	2	4
脷	li	4	0
脸	lian	3	7322
脹	zhang	4	4
脺	cui	4	5
脻	jie	1	0
脼	liang	3	0
脽	shui	2	3
脾	pi	2	494
脿	biao	3	0
腀	lun	2	0
腁	pian	2	0
腂	lei	3	0
腃	kui	4	1
腄	chui	2	2
腅	dan	4	0
腆	tian	3	19
腇	nei	3	0
腈	jing	1	30
腉	nai	2	0
腊	la	4	158
腋	ye	4	51
腌	yan	1	274
腍	ren	4	3
腎	shen	4	10
腏	chuo	4	0
腐	fu	3	466
腑	fu	3	72
腒	ju	1	0
腓	fei	2	46
腔	qiang	1	812
腕	wan	4	378
腖	dong	4	0
腗	pi	2	0
腘	guo	2	0
腙	zong	1	19
腚	ding	4	111
腛	wo	4	1
腜	mei	2	0
腝	ni	2	0
腞	zhuan	4	0
腟	chi	4	0
腠	cou	4	27
腡	luo	2	1
腢	ou	3	0
腣	di	4	0
腤	an	1	1
腥	xing	1	240
腦	nao	3	14
腧	shu	4	6
腨	shuan	4	0
腩	nan	3	44
腪	yun	4	0
腫	zhong	3	5
腬	rou	2	0
腭	e	4	44
腮	sai	1	209
腯	tu	2	1
腰	yao	1	2606
腱	jian	4	52
腲	wei	3	0
腳	jiao	3	34
腴	yu	2	46
腵	jia	1	0
腶	duan	4	1
腷	bi	4	1
腸	chang	2	6
腹	fu	4	870
腺	xian	4	283
腻	ni	4	1055
腼	mian	3	13
腽	wa	4	5
腾	teng	2	1209
腿	tui	3	4066
膀	bang	3	52
膁	qian	3	0
膂	lv	3	4
膃	wa	4	1
膄	shou	4	0
膅	tang	2	0
膆	su	4	1
膇	zhui	4	0
膈	ge	2	66
膉	yi	4	1
膊	bo	2	272
膋	liao	2	1
膌	ji	2	1
膍	pi	2	1
膎	xie	2	0
膏	gao	1	703
膐	lv	3	0
膑	bin	4	15
膒	ou	1	0
膓	chang	2	1
膔	lu	4	0
膕	guo	2	1
膖	pang	1	0
膗	chuai	2	0
膘	biao	1	110
膙	jiang	3	1
膚	fu	1	8
膛	tang	2	91
膜	mo	2	2247
膝	xi	1	341
膞	zhuan	1	1
膟	lv	4	0
膠	jiao	1	10
膡	ying	4	0
膢	lv	2	1
膣	zhi	4	7
膤	xue	3	1
膥	cun	1	0
膦	lin	4	23
膧	tong	2	1
膨	peng	2	91
膩	ni	4	8
膪	chuai	4	1
膫	liao	2	1
膬	cui	4	1
膭	gui	1	0
膮	xiao	1	1
膯	teng	1	0
膰	fan	2	1
膱	zhi	2	0
膲	jiao	1	2
膳	shan	4	116
膴	hu	1	1
膵	cui	4	1
膶	run	4	0
膷	xiang	1	1
膸	sui	3	0
膹	fen	4	1
膺	ying	1	42
膻	shan	1	43
膼	zhua	1	0
膽	dan	3	17
膾	kuai	4	1
膿	nong	2	3
臀	tun	2	369
臁	lian	2	8
臂	bi	4	655
臃	yong	1	11
臄	jue	2	1
臅	chu	4	1
臆	yi	4	32
臇	juan	3	1
臈	la	4	2
臉	lian	3	36
臊	sao	1	61
臋	tun	2	0
臌	gu	3	22
臍	qi	2	2
臎	cui	4	0
臏	bin	4	1
臐	xun	1	0
臑	nao	4	2
臒	wo	4	1
臓	zang	4	2
臔	xian	4	0
臕	biao	1	0
臖	xing	4	0
臗	kuan	1	1
臘	la	4	5
臙	yan	1	2
臚	lu	2	1
臛	huo	4	2
臜	za	1	0
臝	luo	3	1
臞	qu	2	2
臟	zang	4	3
臠	luan	2	1
臡	ni	2	0
臢	za	1	1
臣	chen	2	1390
臤	qian	1	0
臥	wo	4	25
臦	guang	4	2
臧	zang	1	227
臨	lin	2	18
臩	guang	3	1
自	zi	4	14405
臫	jiao	3	0
臬	nie	4	10
臭	chou	4	2596
臮	ji	4	1
臯	gao	1	0
臰	chou	4	0
臱	mian	2	0
臲	nie	4	1
至	zhi	4	17782
致	zhi	4	2826
臵	ge	2	0
臶	jian	4	0
臷	die	2	2
臸	zhi	1	3
臹	xiu	1	0
臺	tai	2	10
臻	zhen	1	339
臼	jiu	4	72
臽	xian	4	0
臾	yu	2	6
臿	cha	1	2
舀	yao	3	127
舁	yu	2	6
舂	chong	1	33
舃	xi	4	0
舄	xi	4	17
舅	jiu	4	250
舆	yu	2	117
與	yu	3	995
興	xing	4	23
舉	ju	3	21
舊	jiu	4	35
舋	xin	4	1
舌	she	2	875
舍	she	3	1452
舎	she	4	3
舏	jiu	3	0
舐	shi	4	34
舑	tan	1	1
舒	shu	1	1693
舓	shi	4	0
舔	tian	3	1418
舕	tan	4	1
舖	pu	4	6
舗	pu	4	1
舘	guan	3	3
舙	hua	4	0
舚	tian	4	0
舛	chuan	3	59
舜	shun	4	396
舝	xia	2	1
舞	wu	3	3233
舟	zhou	1	894
舠	dao	1	1
舡	chuan	2	3
舢	shan	1	3
舣	yi	3	10
舤	fan	2	0
舥	pa	1	1
舦	tai	4	0
舧	fan	2	0
舨	ban	3	3
舩	chuan	2	0
航	hang	2	1145
舫	fang	3	84
般	ban	1	4577
舭	bi	3	1
舮	lu	2	0
舯	zhong	1	4
舰	jian	4	620
舱	cang	1	587
舲	ling	2	8
舳	zhu	2	5
舴	ze	2	6
舵	duo	4	132
舶	bo	2	70
舷	xian	2	72
舸	ge	3	78
船	chuan	2	4132
舺	xia	2	2
舻	lu	2	13
舼	qiong	2	1
舽	pang	2	0
舾	xi	1	9
舿	kua	1	1
艀	fu	2	0
艁	zao	4	0
艂	feng	2	0
艃	li	2	0
艄	shao	1	5
艅	yu	2	1
艆	lang	2	0
艇	ting	3	277
艈	yu	4	0
艉	wei	3	9
艊	bo	2	0
艋	meng	3	9
艌	nian	4	0
艍	ju	1	0
艎	huang	2	1
艏	shou	3	14
艐	ke	4	1
艑	bian	4	1
艒	mu	4	0
艓	die	2	1
艔	dao	4	0
艕	bang	4	0
艖	cha	1	0
艗	yi	4	0
艘	sou	1	630
艙	cang	1	3
艚	cao	2	4
艛	lou	2	1
艜	dai	4	0
艝	xue	3	0
艞	yao	4	1
艟	chong	1	5
艠	deng	1	0
艡	dang	1	1
艢	qiang	2	0
艣	lu	3	0
艤	yi	3	0
艥	ji	2	0
艦	jian	4	7
艧	huo	4	0
艨	meng	2	3
艩	qi	2	0
艪	lu	3	1
艫	lu	2	1
艬	chan	2	0
艭	shuang	1	1
艮	gen	3	159
良	liang	2	2770
艰	jian	1	104
艱	jian	1	3
色	se	4	7601
艳	yan	4	1481
艴	fu	2	5
艵	ping	1	0
艶	yan	4	5
艷	yan	4	6
艸	cao	3	6
艹	cao	5	231
艺	yi	4	1221
艻	le	4	0
艼	ting	1	1
艽	jiao	1	6
艾	ai	4	2586
艿	nai	3	9
芀	tiao	2	0
芁	jiao	1	0
节	jie	2	5152
芃	peng	2	33
芄	wan	2	7
芅	yi	4	0
芆	chai	1	0
芇	mian	2	0
芈	mi	3	20
芉	gan	1	0
芊	qian	1	88
芋	yu	4	109
芌	yu	4	0
芍	shao	2	60
芎	xiong	1	12
芏	du	4	9
芐	hu	4	19
芑	qi	3	8
芒	mang	2	467
芓	zi	4	2
芔	hui	4	1
芕	sui	1	0
芖	zhi	4	0
芗	xiang	1	25
芘	bi	3	14
芙	fu	2	351
芚	tun	2	0
芛	wei	3	1
芜	wu	2	106
芝	zhi	1	1009
芞	qi	4	1
芟	shan	1	8
芠	wen	2	43
芡	qian	4	55
芢	ren	2	3
芣	fu	2	20
芤	kou	1	8
芥	jie	4	66
芦	lu	2	306
芧	xu	4	2
芨	ji	1	16
芩	qin	2	40
芪	qi	2	31
芫	yan	2	20
芬	fen	1	1301
芭	ba	1	284
芮	rui	4	202
芯	xin	1	1078
芰	ji	4	13
花	hua	1	23744
芲	hua	1	0
芳	fang	1	2403
芴	wu	4	11
芵	jue	2	2
芶	gou	3	4
芷	zhi	3	306
芸	yun	2	743
芹	qin	2	290
芺	ao	3	3
芻	chu	2	3
芼	mao	4	2
芽	ya	2	600
芾	fei	4	15
芿	reng	4	1
苀	hang	2	1
苁	cong	1	10
苂	yin	2	1
苃	you	3	2
苄	bian	4	49
苅	yi	4	3
苆	qie	1	0
苇	wei	3	273
苈	li	4	10
苉	pi	3	0
苊	e	4	7
苋	xian	4	22
苌	chang	2	29
苍	cang	1	867
苎	zhu	4	21
苏	su	1	4634
苐	ti	2	0
苑	yuan	4	1349
苒	ran	3	64
苓	ling	2	131
苔	tai	2	392
苕	shao	2	42
苖	di	2	1
苗	miao	2	1723
苘	qing	3	105
苙	li	4	3
苚	yong	4	0
苛	ke	1	119
苜	mu	4	19
苝	bei	4	0
苞	bao	1	200
苟	gou	3	290
苠	min	2	5
苡	yi	3	40
苢	yi	3	0
苣	ju	4	16
苤	pie	3	12
若	ruo	4	11227
苦	ku	3	5038
苧	ning	2	22
苨	ni	3	3
苩	bo	2	0
苪	bing	3	1
苫	shan	1	28
苬	xiu	2	1
苭	yao	3	0
苮	xian	1	0
苯	ben	3	639
苰	hong	2	12
英	ying	1	4588
苲	zha	3	1
苳	dong	1	2
苴	ju	1	33
苵	die	2	0
苶	nie	2	2
苷	gan	1	161
苸	hu	1	0
苹	ping	2	238
苺	mei	2	2
苻	fu	2	34
苼	sheng	1	0
苽	gu	1	2
苾	bi	4	10
苿	wei	4	0
茀	fu	2	15
茁	zhuo	2	24
茂	mao	4	933
范	fan	4	2843
茄	jia	1	231
茅	mao	2	449
茆	mao	2	28
茇	ba	2	17
茈	ci	2	6
茉	mo	4	112
茊	zi	1	0
茋	di	3	0
茌	chi	2	14
茍	ji	4	5
茎	jing	1	417
茏	long	2	17
茐	cong	1	0
茑	niao	3	33
茒	yuan	2	0
茓	xue	2	0
茔	ying	2	28
茕	qiong	2	25
茖	ge	2	3
茗	ming	2	353
茘	li	4	1
茙	rong	2	0
茚	yin	4	13
茛	gen	4	6
茜	qian	4	389
茝	chai	3	0
茞	chen	2	1
茟	yu	4	0
茠	hao	1	3
茡	zi	4	0
茢	lie	4	1
茣	wu	2	0
茤	ji	4	4
茥	gui	1	0
茦	ci	4	0
茧	jian	3	226
茨	ci	2	456
茩	gou	4	1
茪	guang	1	1
茫	mang	2	124
茬	cha	2	272
茭	jiao	1	16
茮	jiao	1	0
茯	fu	2	11
茰	yu	2	0
茱	zhu	1	29
茲	zi	1	12
茳	jiang	1	8
茴	hui	2	47
茵	yin	1	348
茶	cha	2	4823
茷	fa	2	1
茸	rong	2	142
茹	ru	2	574
茺	chong	1	4
茻	mang	3	1
茼	tong	2	9
茽	zhong	4	0
茾	qian	1	0
茿	zhu	2	1
荀	xun	2	137
荁	huan	2	1
荂	fu	1	1
荃	quan	2	189
荄	gai	1	2
荅	da	1	3
荆	jing	1	408
荇	xing	4	47
荈	chuan	3	14
草	cao	3	7871
荊	jing	1	4
荋	er	2	1
荌	an	4	2
荍	qiao	2	2
荎	chi	2	1
荏	ren	3	21
荐	jian	4	391
荑	ti	2	12
荒	huang	1	652
荓	ping	2	1
荔	li	4	153
荕	jin	1	0
荖	lao	3	4
荗	shu	4	0
荘	zhuang	1	9
荙	da	2	0
荚	jia	2	70
荛	rao	2	8
荜	bi	4	47
荝	ce	4	0
荞	qiao	2	37
荟	hui	4	72
荠	ji	4	13
荡	dang	4	682
荢	zi	4	1
荣	rong	2	3233
荤	hun	1	453
荥	xing	2	7
荦	luo	4	10
荧	ying	2	62
荨	xun	2	14
荩	jin	4	16
荪	sun	1	75
荫	yin	1	304
荬	mai	3	7
荭	hong	2	16
荮	zhou	4	2
药	yao	4	7930
荰	du	4	0
荱	wei	3	0
荲	li	2	0
荳	dou	4	2
荴	fu	1	0
荵	ren	3	1
荶	yin	2	1
荷	he	2	1265
荸	bi	2	3
荹	bu	4	0
荺	yun	3	1
荻	di	2	150
荼	tu	2	150
荽	sui	1	5
荾	sui	1	1
荿	cheng	2	2
莀	chen	2	0
莁	wu	2	1
莂	bie	2	0
莃	xi	1	38
莄	geng	3	0
莅	li	4	43
莆	pu	2	51
莇	zhu	4	1
莈	mo	4	12
莉	li	4	1093
莊	zhuang	1	21
莋	zuo	2	6
莌	tuo	1	1
莍	qiu	2	1
莎	sha	1	341
莏	suo	1	1
莐	chen	2	1
莑	peng	2	0
莒	ju	3	30
莓	mei	2	94
莔	meng	2	31
莕	xing	4	1
莖	jing	1	3
莗	che	1	0
莘	shen	1	119
莙	jun	1	2
莚	yan	2	1
莛	ting	2	9
莜	you	2	41
莝	cuo	4	1
莞	guan	3	147
莟	han	4	0
莠	you	3	14
莡	cuo	4	0
莢	jia	2	1
莣	wang	2	11
莤	su	4	2
莥	niu	3	0
莦	shao	1	1
莧	xian	4	1
莨	lang	4	12
莩	fu	2	2
莪	e	2	431
莫	mo	4	4509
莬	wen	4	0
莭	jie	2	0
莮	nan	2	6
莯	mu	4	3
莰	kan	3	4
莱	lai	2	1188
莲	lian	2	1431
莳	shi	2	29
莴	wo	1	7
莵	tu	4	2
莶	xian	1	6
获	huo	4	3801
莸	you	2	10
莹	ying	2	824
莺	ying	1	216
莻	gong	4	0
莼	chun	2	26
莽	mang	3	135
莾	mang	3	0
莿	ci	4	1
菀	wan	3	41
菁	jing	1	356
菂	di	4	33
菃	qu	2	0
菄	dong	1	1
菅	jian	1	33
菆	zou	1	1
菇	gu	1	252
菈	la	1	28
菉	lu	4	3
菊	ju	2	1046
菋	wei	4	6
菌	jun	1	1152
菍	nie	4	0
菎	kun	1	1
菏	he	2	28
菐	pu	2	0
菑	zai	1	7
菒	gao	3	0
菓	guo	3	7
菔	fu	2	5
菕	lun	2	1
菖	chang	1	9
菗	chou	2	2
菘	song	1	31
菙	chui	2	0
菚	zhan	4	0
菛	men	2	2
菜	cai	4	7620
菝	ba	2	2
菞	li	2	1
菟	tu	4	33
菠	bo	1	30
菡	han	4	94
菢	bao	4	25
菣	qin	4	0
菤	juan	3	1
菥	xi	1	7
菦	qin	2	0
菧	di	3	1
菨	jie	1	0
菩	pu	2	41
菪	dang	4	6
菫	jin	3	4
菬	qiao	2	0
菭	tai	2	0
菮	geng	1	0
華	hua	2	46
菰	gu	1	22
菱	ling	2	343
菲	fei	1	1773
菳	qin	2	1
菴	an	1	5
菵	wang	3	1
菶	beng	3	1
菷	zhou	3	0
菸	yan	1	8
菹	zu	1	13
菺	jian	1	1
菻	lin	3	2
菼	tan	3	3
菽	shu	1	27
菾	tian	2	1
菿	dao	4	18
萀	hu	3	0
萁	qi	2	22
萂	he	2	0
萃	cui	4	124
萄	tao	2	27
萅	chun	1	0
萆	bi	4	4
萇	chang	2	3
萈	huan	2	0
萉	fei	4	1
萊	lai	2	9
萋	qi	1	9
萌	meng	2	1004
萍	ping	2	1274
萎	wei	3	140
萏	dan	4	3
萐	sha	4	0
萑	huan	2	4
萒	yan	3	0
萓	yi	2	0
萔	tiao	2	0
萕	qi	2	0
萖	wan	3	0
萗	ce	4	0
萘	nai	4	72
萙	zhen	3	0
萚	tuo	4	0
萛	jiu	1	1
萜	tie	1	37
萝	luo	2	329
萞	bi	4	0
萟	yi	4	0
萠	pan	1	2
萡	bo	5	0
萢	pao	1	3
萣	ding	4	6
萤	ying	2	89
营	ying	2	1701
萦	ying	2	99
萧	xiao	1	2092
萨	sa	4	1956
萩	qiu	1	13
萪	ke	1	1
萫	xiang	4	2
萬	wan	4	53
萭	yu	3	2
萮	yu	2	0
萯	fu	4	1
萰	lian	4	0
萱	xuan	1	370
萲	xuan	1	0
萳	nan	2	1
萴	ce	4	1
萵	wo	1	1
萶	chun	3	1
萷	xiao	1	1
萸	yu	2	28
萹	bian	1	1
萺	mao	4	1
萻	an	1	1
萼	e	4	72
落	luo	4	5191
萾	ying	2	0
萿	kuo	4	4
葀	kuo	4	0
葁	jiang	1	0
葂	mian	3	0
葃	zuo	4	2
葄	zuo	4	1
葅	zu	1	1
葆	bao	3	167
葇	rou	2	3
葈	xi	3	0
葉	ye	4	67
葊	an	1	0
葋	qu	2	0
葌	jian	1	0
葍	fu	2	1
葎	lv	4	2
葏	jing	1	0
葐	pen	2	0
葑	feng	1	22
葒	hong	2	3
葓	hong	2	0
葔	hou	2	2
葕	yan	4	0
葖	tu	1	1
著	zhu	4	3225
葘	zi	1	0
葙	xiang	1	15
葚	ren	4	7
葛	ge	2	1383
葜	qia	1	7
葝	qing	2	0
葞	mi	3	0
葟	huang	2	0
葠	shen	1	1
葡	pu	2	174
葢	gai	4	2
董	dong	3	2494
葤	zhou	4	0
葥	jian	4	1
葦	wei	3	4
葧	bo	2	1
葨	wei	1	0
葩	pa	1	36
葪	ji	4	0
葫	hu	2	25
葬	zang	4	514
葭	jia	1	75
葮	duan	4	2
葯	yao	4	3
葰	jun	4	5
葱	cong	1	869
葲	quan	2	0
葳	wei	1	62
葴	zhen	1	1
葵	kui	2	397
葶	ting	2	40
葷	hun	1	2
葸	xi	3	13
葹	shi	1	1
葺	qi	4	25
葻	lan	2	0
葼	zong	1	0
葽	yao	1	17
葾	yuan	1	1
葿	mei	2	0
蒀	yun	1	0
蒁	shu	4	0
蒂	di	4	885
蒃	zhuan	4	0
蒄	guan	1	2
蒅	ran	3	0
蒆	xue	1	0
蒇	chan	3	22
蒈	kai	3	11
蒉	kui	4	16
蒊	hua	1	0
蒋	jiang	3	2451
蒌	lou	2	24
蒍	wei	3	3
蒎	pai	4	7
蒏	you	5	0
蒐	sou	1	3
蒑	yin	1	0
蒒	shi	1	0
蒓	chun	2	0
蒔	shi	2	2
蒕	yun	1	0
蒖	zhen	1	0
蒗	lang	4	4
蒘	ru	2	0
蒙	meng	2	2191
蒚	li	4	0
蒛	que	1	1
蒜	suan	4	453
蒝	yuan	2	3
蒞	li	4	3
蒟	ju	3	1
蒠	xi	1	0
蒡	bang	4	3
蒢	chu	2	2
蒣	xu	2	0
蒤	tu	2	1
蒥	liu	2	0
蒦	huo	4	0
蒧	dian	3	1
蒨	qian	4	7
蒩	zu	1	1
蒪	po	4	1
蒫	cuo	2	1
蒬	yuan	1	0
蒭	chu	2	1
蒮	yu	4	0
蒯	kuai	3	55
蒰	pan	2	1
蒱	pu	2	1
蒲	pu	2	557
蒳	na	4	0
蒴	shuo	4	6
蒵	xi	2	0
蒶	fen	2	3
蒷	yun	2	0
蒸	zheng	1	1404
蒹	jian	1	14
蒺	ji	2	3
蒻	ruo	4	2
蒼	cang	1	17
蒽	en	1	137
蒾	mi	2	0
蒿	hao	1	144
蓀	sun	1	2
蓁	zhen	1	24
蓂	ming	2	1
蓃	sou	1	0
蓄	xu	4	366
蓅	liu	2	11
蓆	xi	2	1
蓇	gu	1	1
蓈	lang	2	0
蓉	rong	2	788
蓊	weng	3	8
蓋	gai	4	35
蓌	cuo	4	1
蓍	shi	1	15
蓎	tang	2	0
蓏	luo	3	1
蓐	ru	4	11
蓑	suo	1	51
蓒	xuan	1	1
蓓	bei	4	163
蓔	yao	3	0
蓕	gui	4	0
蓖	bi	4	14
蓗	zong	3	1
蓘	gun	3	0
蓙	zuo	4	3
蓚	tiao	2	1
蓛	ce	4	0
蓜	pei	4	1
蓝	lan	2	7677
蓞	dan	4	0
蓟	ji	4	111
蓠	li	2	14
蓡	shen	1	0
蓢	lang	3	0
蓣	yu	4	2
蓤	ling	2	0
蓥	ying	2	19
蓦	mo	4	30
蓧	diao	4	2
蓨	tiao	2	1
蓩	mao	3	1
蓪	tong	1	0
蓫	chu	4	1
蓬	peng	2	402
蓭	an	1	0
蓮	lian	2	20
蓯	cong	1	1
蓰	xi	3	4
蓱	ping	2	1
蓲	qiu	1	0
蓳	jin	3	1
蓴	chun	2	1
蓵	jie	2	0
蓶	wei	2	2
蓷	tui	1	2
蓸	cao	2	0
蓹	yu	4	0
蓺	yi	4	2
蓻	zi	2	0
蓼	liao	3	49
蓽	bi	4	1
蓾	lu	3	0
蓿	xu	5	6
蔀	bu	4	2
蔁	zhang	1	0
蔂	lei	2	2
蔃	qiang	2	0
蔄	man	4	0
蔅	yan	2	0
蔆	ling	2	1
蔇	ji	4	0
蔈	piao	4	0
蔉	gun	3	0
蔊	han	3	1
蔋	di	2	1
蔌	su	4	8
蔍	lu	4	1
蔎	she	4	1
蔏	shang	1	0
蔐	di	2	0
蔑	mie	4	60
蔒	xun	1	1
蔓	man	4	149
蔔	bo	2	1
蔕	di	4	1
蔖	cuo	2	0
蔗	zhe	4	100
蔘	shen	1	6
蔙	xuan	4	0
蔚	wei	4	381
蔛	hu	2	0
蔜	ao	2	0
蔝	mi	3	1
蔞	lou	2	1
蔟	cu	4	15
蔠	zhong	1	3
蔡	cai	4	2526
蔢	po	2	0
蔣	jiang	3	19
蔤	mi	4	1
蔥	cong	1	7
蔦	niao	3	2
蔧	hui	4	1
蔨	juan	4	1
蔩	yin	2	1
蔪	jian	4	1
蔫	nian	1	148
蔬	shu	1	65
蔭	yin	1	6
蔮	guo	2	1
蔯	chen	2	1
蔰	hu	4	0
蔱	sha	1	0
蔲	kou	4	0
蔳	qian	4	0
蔴	ma	2	0
蔵	zang	1	8
蔶	ze	2	0
蔷	qiang	2	104
蔸	dou	1	41
蔹	lian	3	3
蔺	lin	4	99
蔻	kou	4	48
蔼	ai	3	53
蔽	bi	4	122
蔾	li	2	1
蔿	wei	3	1
蕀	ji	2	2
蕁	qian	2	1
蕂	sheng	4	0
蕃	bo	1	97
蕄	meng	2	1
蕅	ou	3	3
蕆	chan	3	1
蕇	dian	3	0
蕈	xun	4	30
蕉	jiao	1	139
蕊	rui	3	415
蕋	rui	3	1
蕌	lei	3	0
蕍	yu	2	1
蕎	qiao	2	1
蕏	chu	2	0
蕐	hua	2	0
蕑	jian	1	1
蕒	mai	3	0
蕓	yun	2	2
蕔	bao	1	1
蕕	you	2	0
蕖	qu	2	9
蕗	lu	4	10
蕘	rao	2	1
蕙	hui	4	196
蕚	e	4	0
蕛	ti	2	0
蕜	fei	3	0
蕝	jue	2	3
蕞	zui	4	26
蕟	fa	4	0
蕠	ru	2	1
蕡	fen	2	2
蕢	kui	4	2
蕣	shun	4	1
蕤	rui	2	27
蕥	ya	3	2
蕦	xu	1	1
蕧	fu	4	1
蕨	jue	2	49
蕩	dang	4	6
蕪	wu	2	6
蕫	dong	3	1
蕬	si	1	1
蕭	xiao	1	15
蕮	xi	4	0
蕯	long	2	0
蕰	wen	1	0
蕱	shao	1	0
蕲	qi	2	20
蕳	jian	1	0
蕴	yun	4	328
蕵	sun	1	1
蕶	ling	2	2
蕷	yu	4	1
蕸	xia	2	1
蕹	weng	4	2
蕺	ji	2	6
蕻	hong	2	6
蕼	si	4	1
蕽	nong	2	0
蕾	lei	3	787
蕿	xuan	1	0
薀	yun	4	2
薁	ao	4	2
薂	xi	2	0
薃	hao	4	0
薄	bao	2	1255
薅	hao	1	21
薆	ai	4	10
薇	wei	1	1108
薈	hui	4	3
薉	hui	4	1
薊	ji	4	2
薋	ci	2	1
薌	xiang	1	1
薍	wan	4	1
薎	mie	4	0
薏	yi	4	29
薐	leng	2	1
薑	jiang	1	5
薒	can	4	0
薓	shen	1	0
薔	qiang	2	1
薕	lian	2	2
薖	ke	1	1
薗	yuan	2	1
薘	da	2	1
薙	ti	4	8
薚	tang	1	0
薛	xue	1	1889
薜	bi	4	27
薝	zhan	1	1
薞	sun	1	0
薟	xian	1	1
薠	fan	2	3
薡	ding	3	0
薢	xie	4	1
薣	gu	3	0
薤	xie	4	12
薥	shu	3	0
薦	jian	4	6
薧	hao	1	0
薨	hong	1	30
薩	sa	4	19
薪	xin	1	462
薫	xun	1	4
薬	yao	4	9
薭	bai	4	0
薮	sou	3	24
薯	shu	3	141
薰	xun	1	545
薱	dui	4	1
薲	pin	2	0
薳	wei	3	4
薴	ning	2	1
薵	chou	2	2
薶	mai	2	0
薷	ru	2	4
薸	piao	2	3
薹	tai	2	15
薺	ji	4	2
薻	zao	3	0
薼	chen	2	0
薽	zhen	1	0
薾	er	3	1
薿	ni	3	2
藀	ying	2	0
藁	gao	3	17
藂	cong	2	1
藃	xiao	1	1
藄	qi	2	1
藅	fa	2	0
藆	jian	3	1
藇	xu	4	1
藈	kui	2	0
藉	ji	2	209
藊	bian	3	0
藋	diao	4	1
藌	mi	4	0
藍	lan	2	39
藎	jin	4	1
藏	cang	2	2119
藐	miao	3	51
藑	qiong	2	0
藒	qie	4	0
藓	xian	3	36
藔	liao	2	0
藕	ou	3	499
藖	xian	2	0
藗	su	4	0
藘	lv	2	1
藙	yi	4	1
藚	xu	4	0
藛	xie	3	0
藜	li	2	54
藝	yi	4	13
藞	la	3	1
藟	lei	3	3
藠	jiao	4	0
藡	di	2	1
藢	zhi	3	0
藣	bei	1	1
藤	teng	2	893
藥	yao	4	24
藦	mo	2	2
藧	huan	4	0
藨	biao	1	2
藩	fan	1	187
藪	sou	3	2
藫	tan	2	1
藬	tui	1	1
藭	qiong	2	2
藮	qiao	2	0
藯	wei	4	1
藰	liu	2	1
藱	hui	4	0
藲	ou	1	6
藳	gao	3	0
藴	yun	4	0
藵	bao	3	0
藶	li	4	0
藷	shu	3	1
藸	chu	2	1
藹	ai	3	1
藺	lin	4	1
藻	zao	3	309
藼	xuan	1	0
藽	qin	4	1
藾	lai	4	1
藿	huo	4	11
蘀	tuo	4	1
蘁	wu	4	1
蘂	rui	3	0
蘃	rui	3	0
蘄	qi	2	1
蘅	heng	2	59
蘆	lu	2	4
蘇	su	1	32
蘈	tui	2	0
蘉	meng	2	1
蘊	yun	4	6
蘋	ping	2	15
蘌	yu	3	0
蘍	xun	1	0
蘎	ji	4	0
蘏	jiong	1	0
蘐	xuan	1	0
蘑	mo	2	63
蘒	qiu	1	0
蘓	su	1	1
蘔	jiong	1	0
蘕	peng	2	0
蘖	nie	4	30
蘗	bo	4	2
蘘	rang	2	2
蘙	yi	4	1
蘚	xian	3	1
蘛	yu	2	1
蘜	ju	2	0
蘝	lian	3	0
蘞	lian	3	1
蘟	yin	3	1
蘠	qiang	2	0
蘡	ying	1	1
蘢	long	2	1
蘣	tou	3	1
蘤	hua	1	0
蘥	yue	4	1
蘦	ling	2	0
蘧	qu	2	16
蘨	yao	2	0
蘩	fan	2	19
蘪	mei	2	1
蘫	han	4	0
蘬	kui	1	0
蘭	lan	2	29
蘮	ji	4	1
蘯	dang	4	1
蘰	man	4	1
蘱	lei	4	1
蘲	lei	2	1
蘳	hui	1	1
蘴	feng	1	0
蘵	zhi	1	0
蘶	wei	4	1
蘷	kui	2	0
蘸	zhan	4	351
蘹	huai	2	0
蘺	li	2	1
蘻	ji	4	1
蘼	mi	2	61
蘽	lei	3	0
蘾	huai	4	1
蘿	luo	2	6
虀	ji	1	2
虁	kui	2	0
虂	lu	4	0
虃	jian	1	0
虄	sa	4	0
虅	teng	2	0
虆	lei	2	1
虇	quan	3	0
虈	xiao	1	1
虉	yi	4	0
虊	luan	2	0
虋	men	2	1
虌	bie	1	1
虍	hu	1	0
虎	hu	3	2911
虏	lu	3	124
虐	nve	4	744
虑	lv	4	243
虒	si	1	4
虓	xiao	1	7
虔	qian	2	72
處	chu	4	61
虖	hu	1	2
虗	xu	1	0
虘	cuo	2	0
虙	fu	2	1
虚	xu	1	2018
虛	xu	1	16
虜	lu	3	4
虝	hu	3	0
虞	yu	2	505
號	hao	4	75
虠	jiao	1	0
虡	ju	4	2
虢	guo	2	36
虣	bao	4	1
虤	yan	2	0
虥	zhan	4	0
虦	zhan	4	0
虧	kui	1	14
虨	bin	1	1
虩	xi	4	1
虪	shu	4	1
虫	chong	2	1966
虬	qiu	2	42
虭	diao	1	1
虮	ji	3	8
虯	qiu	2	1
虰	ding	1	1
虱	shi	1	153
虲	xia	1	0
虳	jue	2	1
虴	zhe	2	1
虵	she	2	0
虶	yu	1	0
虷	han	2	1
虸	zi	3	0
虹	hong	2	1032
虺	hui	3	13
虻	meng	2	15
虼	ge	4	4
虽	sui	1	4041
虾	xia	1	1515
虿	chai	4	8
蚀	shi	2	286
蚁	yi	3	249
蚂	ma	3	22
蚃	xiang	3	0
蚄	fang	1	0
蚅	e	4	0
蚆	ba	1	1
蚇	chi	3	1
蚈	qian	1	0
蚉	wen	2	0
蚊	wen	2	724
蚋	rui	4	9
蚌	bang	4	95
蚍	pi	2	5
蚎	yue	4	1
蚏	yue	4	0
蚐	jun	1	0
蚑	qi	2	1
蚒	tong	2	0
蚓	yin	3	25
蚔	qi	2	2
蚕	can	2	308
蚖	yuan	2	2
蚗	jue	2	1
蚘	hui	2	2
蚙	qin	2	1
蚚	qi	2	2
蚛	zhong	4	0
蚜	ya	2	60
蚝	hao	2	77
蚞	mu	4	0
蚟	wang	2	0
蚠	fen	2	0
蚡	fen	2	8
蚢	hang	2	1
蚣	gong	1	5
蚤	zao	3	53
蚥	fu	4	1
蚦	ran	2	0
蚧	jie	4	30
蚨	fu	2	4
蚩	chi	1	17
蚪	dou	3	7
蚫	bao	4	1
蚬	xian	3	32
蚭	ni	2	0
蚮	dai	4	0
蚯	qiu	1	5
蚰	you	2	9
蚱	zha	4	8
蚲	ping	2	0
蚳	chi	2	2
蚴	you	4	31
蚵	he	2	6
蚶	han	1	15
蚷	ju	4	1
蚸	li	4	0
蚹	fu	4	1
蚺	ran	2	10
蚻	zha	2	0
蚼	gou	3	1
蚽	pi	2	1
蚾	pi	2	1
蚿	xian	2	9
蛀	zhu	4	58
蛁	diao	1	3
蛂	bie	2	0
蛃	bing	3	0
蛄	gu	1	12
蛅	zhan	1	1
蛆	qu	1	239
蛇	she	2	2059
蛈	tie	3	1
蛉	ling	2	12
蛊	gu	3	175
蛋	dan	4	2805
蛌	gu	3	1
蛍	ying	2	1
蛎	li	4	20
蛏	cheng	1	15
蛐	qu	1	6
蛑	mou	2	3
蛒	ge	2	0
蛓	ci	4	1
蛔	hui	2	16
蛕	hui	2	0
蛖	mang	2	0
蛗	fu	4	0
蛘	yang	2	8
蛙	wa	1	354
蛚	lie	4	1
蛛	zhu	1	61
蛜	yi	1	1
蛝	xian	2	0
蛞	kuo	4	5
蛟	jiao	1	107
蛠	li	4	0
蛡	yi	4	0
蛢	ping	2	1
蛣	qi	1	1
蛤	ha	2	247
蛥	she	2	0
蛦	yi	2	1
蛧	wang	3	0
蛨	mo	4	0
蛩	qiong	2	20
蛪	qie	4	0
蛫	gui	3	1
蛬	qiong	2	1
蛭	zhi	4	18
蛮	man	2	9290
蛯	lao	3	4
蛰	zhe	2	64
蛱	jia	2	5
蛲	nao	2	4
蛳	si	1	4
蛴	qi	2	21
蛵	xing	1	0
蛶	jie	4	1
蛷	qiu	2	0
蛸	shao	1	8
蛹	yong	3	109
蛺	jia	2	0
蛻	tui	4	1
蛼	che	1	0
蛽	bei	4	0
蛾	e	2	232
蛿	han	4	0
蜀	shu	3	463
蜁	xuan	2	1
蜂	feng	1	431
蜃	shen	4	22
蜄	shen	4	0
蜅	fu	3	1
蜆	xian	4	1
蜇	zhe	1	51
蜈	wu	2	30
蜉	fu	2	4
蜊	li	2	5
蜋	lang	2	1
蜌	bi	4	1
蜍	chu	2	2
蜎	yuan	1	2
蜏	you	3	0
蜐	jie	2	0
蜑	dan	4	2
蜒	yan	2	50
蜓	ting	2	25
蜔	dian	4	0
蜕	tui	4	81
蜖	hui	2	0
蜗	wo	1	67
蜘	zhi	1	11
蜙	song	1	0
蜚	fei	1	18
蜛	ju	1	1
蜜	mi	4	870
蜝	qi	2	0
蜞	qi	2	12
蜟	yu	4	0
蜠	jun	4	0
蜡	la	4	454
蜢	meng	3	6
蜣	qiang	1	6
蜤	si	1	0
蜥	xi	1	34
蜦	lun	2	1
蜧	li	4	1
蜨	die	2	1
蜩	tiao	2	16
蜪	tao	2	0
蜫	kun	1	0
蜬	han	2	1
蜭	han	4	0
蜮	yu	4	5
蜯	bang	4	0
蜰	fei	2	1
蜱	pi	2	19
蜲	wei	1	1
蜳	dun	1	0
蜴	yi	4	7
蜵	yuan	1	0
蜶	suo	4	0
蜷	quan	2	107
蜸	qian	3	0
蜹	rui	4	0
蜺	ni	2	1
蜻	qing	1	7
蜼	wei	4	1
蜽	liang	3	0
蜾	guo	3	4
蜿	wan	1	33
蝀	dong	1	3
蝁	e	4	1
蝂	ban	3	3
蝃	di	4	2
蝄	wang	3	0
蝅	can	2	0
蝆	yang	3	0
蝇	ying	2	240
蝈	guo	1	26
蝉	chan	2	274
蝊	ding	4	0
蝋	la	4	0
蝌	ke	1	28
蝍	jie	2	1
蝎	xie	1	166
蝏	ting	2	0
蝐	mao	4	0
蝑	xu	1	0
蝒	mian	2	1
蝓	yu	2	4
蝔	jie	1	0
蝕	shi	2	7
蝖	xuan	1	1
蝗	huang	2	60
蝘	yan	3	1
蝙	bian	1	5
蝚	rou	2	1
蝛	wei	1	1
蝜	fu	4	2
蝝	yuan	2	1
蝞	mei	4	0
蝟	wei	4	2
蝠	fu	2	57
蝡	ru	2	0
蝢	xie	2	0
蝣	you	2	3
蝤	qiu	2	4
蝥	mao	2	3
蝦	xia	1	17
蝧	ying	1	1
蝨	shi	1	1
蝩	chong	2	0
蝪	tang	1	2
蝫	zhu	1	0
蝬	zong	1	1
蝭	ti	2	1
蝮	fu	4	15
蝯	yuan	2	1
蝰	kui	2	12
蝱	meng	2	0
蝲	la	4	0
蝳	du	2	1
蝴	hu	2	25
蝵	qiu	1	0
蝶	die	2	1018
蝷	li	4	0
蝸	wo	1	1
蝹	yun	1	0
蝺	qu	3	1
蝻	nan	3	8
蝼	lou	2	14
蝽	chun	1	21
蝾	rong	2	19
蝿	ying	2	1
螀	jiang	1	0
螁	ban	5	0
螂	lang	2	25
螃	pang	2	9
螄	si	1	0
螅	xi	1	10
螆	ci	4	0
螇	xi	1	0
螈	yuan	2	7
螉	weng	1	1
螊	lian	2	0
螋	sou	1	8
螌	ban	1	0
融	rong	2	1118
螎	rong	2	0
螏	ji	2	0
螐	wu	1	0
螑	xiu	4	0
螒	han	4	2
螓	qin	2	3
螔	yi	2	1
螕	bi	1	0
螖	hua	2	2
螗	tang	2	4
螘	yi	3	1
螙	du	4	0
螚	nai	4	15
螛	he	2	1
螜	hu	2	1
螝	gui	1	1
螞	ma	3	1
螟	ming	2	52
螠	yi	4	0
螡	wen	2	0
螢	ying	2	4
螣	teng	2	6
螤	zhong	1	2
螥	cang	1	0
螦	sao	1	0
螧	qi	2	0
螨	man	3	124
螩	tiao	5	0
螪	shang	1	0
螫	shi	4	12
螬	cao	2	9
螭	chi	1	43
螮	di	4	1
螯	ao	2	67
螰	lu	4	1
螱	wei	4	0
螲	zhi	4	1
螳	tang	2	9
螴	chen	2	1
螵	piao	1	10
螶	qu	2	1
螷	pi	2	0
螸	yu	2	0
螹	jian	4	1
螺	luo	2	314
螻	lou	2	1
螼	qin	3	1
螽	zhong	1	5
螾	yin	3	1
螿	jiang	1	1
蟀	shuai	4	46
蟁	wen	2	0
蟂	xiao	1	1
蟃	wan	4	1
蟄	zhe	2	2
蟅	zhe	4	1
蟆	ma	2	30
蟇	ma	2	0
蟈	guo	1	1
蟉	liu	2	0
蟊	mao	2	4
蟋	xi	1	9
蟌	cong	1	1
蟍	li	2	0
蟎	man	3	0
蟏	xiao	1	0
蟐	chang	5	1
蟑	zhang	1	26
蟒	mang	3	92
蟓	xiang	4	6
蟔	mo	4	0
蟕	zui	1	0
蟖	si	1	0
蟗	qiu	1	1
蟘	te	4	0
蟙	zhi	2	0
蟚	peng	2	0
蟛	peng	2	6
蟜	jiao	3	8
蟝	qu	2	1
蟞	bie	1	1
蟟	liao	2	1
蟠	pan	2	32
蟡	gui	3	1
蟢	xi	3	1
蟣	ji	3	1
蟤	zhuan	1	0
蟥	huang	2	2
蟦	fei	2	1
蟧	lao	2	1
蟨	jue	2	0
蟩	jue	2	0
蟪	hui	4	7
蟫	yin	2	1
蟬	chan	2	4
蟭	jiao	1	1
蟮	shan	4	16
蟯	nao	2	1
蟰	xiao	1	0
蟱	wu	2	0
蟲	chong	2	13
蟳	xun	2	3
蟴	si	1	1
蟵	chu	2	0
蟶	cheng	1	1
蟷	dang	1	1
蟸	li	3	0
蟹	xie	4	883
蟺	shan	4	8
蟻	yi	3	12
蟼	jing	3	5
蟽	da	2	0
蟾	chan	2	68
蟿	qi	4	12
蠀	ci	1	5
蠁	xiang	3	2
蠂	she	4	3
蠃	luo	3	16
蠄	qin	2	0
蠅	ying	2	5
蠆	chai	4	1
蠇	li	4	0
蠈	zei	2	3
蠉	xuan	1	2
蠊	lian	2	12
蠋	zhu	2	4
蠌	ze	2	0
蠍	xie	1	5
蠎	mang	3	1
蠏	xie	4	1
蠐	qi	2	0
蠑	rong	2	0
蠒	jian	3	0
蠓	meng	3	10
蠔	hao	2	4
蠕	ru	2	26
蠖	huo	4	6
蠗	zhuo	2	1
蠘	jie	2	0
蠙	pin	2	1
蠚	he	1	0
蠛	mie	4	4
蠜	fan	2	1
蠝	lei	3	0
蠞	jie	2	0
蠟	la	4	6
蠠	min	3	1
蠡	li	2	30
蠢	chun	3	641
蠣	li	4	1
蠤	qiu	1	0
蠥	nie	4	0
蠦	lu	2	0
蠧	du	4	1
蠨	xiao	1	1
蠩	zhu	1	1
蠪	long	2	3
蠫	li	2	1
蠬	long	2	1
蠭	feng	1	0
蠮	ye	1	0
蠯	pi	2	0
蠰	nang	2	1
蠱	gu	3	6
蠲	juan	1	24
蠳	ying	1	1
蠴	shu	3	0
蠵	xi	1	2
蠶	can	2	3
蠷	qu	2	1
蠸	quan	2	1
蠹	du	4	37
蠺	can	2	0
蠻	man	2	38
蠼	qu	2	3
蠽	jie	2	0
蠾	zhu	2	1
蠿	zhuo	1	1
血	xue	4	10049
衁	huang	1	1
衂	nv	4	1
衃	pei	1	5
衄	nv	4	16
衅	xin	4	23
衆	zhong	4	6
衇	mai	4	0
衈	er	4	0
衉	ka	1	0
衊	mie	4	0
衋	xi	4	0
行	xing	2	35822
衍	yan	3	278
衎	kan	4	2
衏	yuan	4	0
衐	qu	2	0
衑	ling	2	0
衒	xuan	4	2
術	shu	4	16
衔	xian	2	278
衕	tong	4	1
衖	xiang	4	1
街	jie	1	4420
衘	xian	2	0
衙	ya	2	79
衚	hu	2	0
衛	wei	4	15
衜	dao	4	0
衝	chong	1	26
衞	wei	4	1
衟	dao	4	0
衠	zhun	1	0
衡	heng	2	567
衢	qu	2	77
衣	yi	1	2516
衤	yi	1	0
补	bu	3	7071
衦	gan	3	0
衧	yu	2	1
表	biao	3	18141
衩	cha	3	16
衪	yi	2	6
衫	shan	1	970
衬	chen	4	338
衭	fu	1	2
衮	gun	3	27
衯	fen	1	1
衰	shuai	1	1170
衱	jie	2	1
衲	na	4	26
衳	zhong	1	0
衴	dan	3	0
衵	yi	4	1
衶	zhong	4	1
衷	zhong	1	209
衸	jie	4	0
衹	zhi	3	8
衺	xie	2	0
衻	ran	2	0
衼	zhi	1	0
衽	ren	4	17
衾	qin	1	62
衿	jin	1	40
袀	jun	1	0
袁	yuan	2	2210
袂	mei	4	86
袃	chai	4	0
袄	ao	3	299
袅	niao	3	75
袆	hui	1	0
袇	ran	2	0
袈	jia	1	6
袉	tuo	2	0
袊	ling	3	0
袋	dai	4	1637
袌	bao	4	1
袍	pao	2	317
袎	yao	4	0
袏	zuo	4	0
袐	bi	4	0
袑	shao	4	0
袒	tan	3	23
袓	ju	4	10
袔	he	4	0
袕	xue	2	0
袖	xiu	4	607
袗	zhen	3	4
袘	yi	2	2
袙	pa	4	2
袚	bo	1	3
袛	di	1	6
袜	wa	4	258
袝	fu	4	0
袞	gun	3	3
袟	zhi	4	1
袠	zhi	4	0
袡	ran	2	1
袢	pan	4	21
袣	yi	4	0
袤	mao	4	8
袥	tuo	1	0
袦	na	4	0
袧	gou	1	3
袨	xuan	4	3
袩	zhe	2	0
袪	qu	1	13
被	bei	4	138128
袬	yu	4	1
袭	xi	2	462
袮	mi	2	51
袯	bo	2	0
袰	bo	1	0
袱	fu	2	11
袲	chi	3	1
袳	chi	3	0
袴	ku	4	4
袵	ren	4	1
袶	jiang	4	1
袷	qia	1	6
袸	jian	4	1
袹	bo	2	1
袺	jie	2	1
袻	er	2	0
袼	ge	1	4
袽	ru	2	2
袾	zhu	1	2
袿	gui	1	2
裀	yin	1	4
裁	cai	2	526
裂	lie	4	768
裃	ka	3	1
裄	xing	5	1
装	zhuang	1	20962
裆	dang	1	114
裇	xu	1	0
裈	kun	1	0
裉	ken	4	8
裊	niao	3	1
裋	shu	4	0
裌	jia	2	1
裍	kun	3	1
裎	cheng	2	9
裏	li	3	146
裐	juan	1	1
裑	shen	1	0
裒	pou	2	6
裓	ge	2	0
裔	yi	4	299
裕	yu	4	647
裖	zhen	3	0
裗	liu	2	1
裘	qiu	2	294
裙	qun	2	745
裚	ji	4	1
裛	yi	4	3
補	bu	3	26
裝	zhuang	1	52
裞	shui	4	1
裟	sha	1	15
裠	qun	2	0
裡	li	3	175
裢	lian	2	5
裣	lian	3	4
裤	ku	4	892
裥	jian	3	11
裦	fou	2	0
裧	chan	1	1
裨	bi	4	8
裩	kun	1	0
裪	tao	2	0
裫	yuan	4	0
裬	ling	2	1
裭	chi	3	0
裮	chang	1	1
裯	chou	2	2
裰	duo	1	3
裱	biao	3	75
裲	liang	3	2
裳	shang	5	173
裴	pei	2	717
裵	pei	2	1
裶	fei	1	1
裷	yuan	1	1
裸	luo	3	795
裹	guo	3	469
裺	yan	3	1
裻	du	2	1
裼	ti	4	4
製	zhi	4	14
裾	ju	1	38
裿	yi	3	0
褀	qi	2	0
褁	guo	3	1
褂	gua	4	70
褃	ken	4	0
褄	qi	1	1
褅	ti	4	0
褆	ti	2	8
複	fu	4	7
褈	chong	2	0
褉	xie	4	53
褊	bian	3	11
褋	die	2	46
褌	kun	1	36
褍	duan	1	0
褎	xiu	4	7
褏	xiu	4	0
褐	he	4	215
褑	yuan	4	7
褒	bao	1	181
褓	bao	3	6
褔	fu	4	24
褕	yu	2	6
褖	tuan	4	3
褗	yan	3	4
褘	hui	1	9
褙	bei	4	3
褚	chu	3	195
褛	lv	3	15
褜	pao	2	9
褝	dan	1	4
褞	yun	3	4
褟	ta	1	17
褠	gou	1	0
褡	da	1	9
褢	huai	2	1
褣	rong	2	1
褤	yuan	4	0
褥	ru	4	36
褦	nai	4	3
褧	jiong	3	1
褨	suo	3	0
褩	ban	1	1
褪	tui	4	201
褫	chi	3	8
褬	sang	3	3
褭	niao	3	2
褮	ying	1	1
褯	jie	4	2
褰	qian	1	33
褱	huai	2	1
褲	ku	4	10
褳	lian	2	0
褴	lan	2	8
褵	li	2	13
褶	zhe	3	102
褷	shi	1	12
褸	lv	3	2
褹	yi	4	0
褺	die	1	0
褻	xie	4	2
褼	xian	1	1
褽	wei	4	1
褾	biao	3	2
褿	cao	2	0
襀	ji	1	0
襁	qiang	3	5
襂	sen	1	1
襃	bao	1	2
襄	xiang	1	261
襅	bi	4	0
襆	fu	2	2
襇	jian	3	0
襈	zhuan	4	0
襉	jian	3	1
襊	cui	4	0
襋	ji	2	0
襌	dan	1	3
襍	za	2	0
襎	fan	2	0
襏	bo	2	1
襐	xiang	4	2
襑	xin	2	1
襒	bie	2	1
襓	rao	2	1
襔	man	3	0
襕	lan	2	0
襖	ao	3	1
襗	ze	2	0
襘	gui	4	2
襙	cao	4	1
襚	sui	4	1
襛	nong	2	3
襜	chan	1	4
襝	lian	3	1
襞	bi	4	9
襟	jin	1	165
襠	dang	1	1
襡	shu	3	1
襢	tan	3	1
襣	bi	4	0
襤	lan	2	1
襥	fu	2	0
襦	ru	2	22
襧	zhi	3	0
襨	dui	4	0
襩	shu	3	1
襪	wa	4	4
襫	shi	4	1
襬	bai	3	1
襭	xie	2	1
襮	bo	2	1
襯	chen	4	4
襰	lai	4	0
襱	long	2	1
襲	xi	2	12
襳	xian	1	1
襴	lan	2	1
襵	zhe	3	0
襶	dai	4	1
襷	ju	3	1
襸	zan	4	0
襹	shi	1	0
襺	jian	3	1
襻	pan	4	7
襼	yi	4	1
襽	lan	2	0
襾	ya	4	1
西	xi	1	9937
覀	xi	1	0
要	yao	4	396900
覂	feng	3	1
覃	tan	2	300
覄	fu	4	0
覅	fiao	4	6
覆	fu	4	586
覇	ba	4	1
覈	he	2	2
覉	ji	1	0
覊	ji	1	1
見	jian	4	111
覌	guan	1	0
覍	bian	4	0
覎	yan	4	0
規	gui	1	11
覐	jue	2	0
覑	pian	3	0
覒	mao	4	0
覓	mi	4	6
覔	mi	4	0
覕	mie	4	1
視	shi	4	29
覗	si	4	1
覘	chan	1	1
覙	luo	2	0
覚	jue	2	7
覛	mi	4	1
覜	tiao	4	1
覝	lian	2	1
覞	yao	4	1
覟	zhi	4	0
覠	jun	1	0
覡	xi	2	1
覢	shan	3	1
覣	wei	1	1
覤	xi	4	1
覥	tian	3	0
覦	yu	2	1
覧	lan	3	5
覨	e	4	0
覩	du	3	2
親	qin	1	49
覫	pang	3	0
覬	ji	4	1
覭	ming	2	1
覮	ying	2	1
覯	gou	4	1
覰	qu	1	0
覱	zhan	4	0
覲	jin	4	1
観	guan	1	7
覴	deng	1	0
覵	jian	4	0
覶	luo	2	1
覷	qu	4	2
覸	jian	1	0
覹	wei	2	1
覺	jue	2	31
覻	qu	1	0
覼	luo	2	0
覽	lan	3	3
覾	shen	3	1
覿	di	2	1
觀	guan	1	34
见	jian	4	26266
观	guan	1	3281
觃	yan	4	0
规	gui	1	1058
觅	mi	4	389
视	shi	4	2625
觇	chan	1	26
览	lan	3	401
觉	jue	2	2815
觊	ji	4	29
觋	xi	2	32
觌	di	2	20
觍	tian	3	0
觎	yu	2	19
觏	gou	4	13
觐	jin	4	31
觑	qu	4	49
角	jiao	3	2494
觓	qiu	2	1
觔	jin	1	1
觕	cu	1	1
觖	jue	2	3
觗	zhi	4	0
觘	chao	4	0
觙	ji	2	1
觚	gu	1	13
觛	dan	4	1
觜	zi	1	16
觝	di	3	3
觞	shang	1	116
觟	hua	4	1
觠	quan	2	1
觡	ge	2	1
觢	shi	4	1
解	jie	3	5545
觤	gui	3	1
觥	gong	1	20
触	chu	4	815
觧	jie	3	1
觨	hun	4	1
觩	qiu	2	1
觪	xing	1	0
觫	su	4	4
觬	ni	2	0
觭	ji	1	2
觮	lu	4	0
觯	zhi	4	9
觰	zha	1	1
觱	bi	4	2
觲	xing	1	0
觳	hu	2	9
觴	shang	1	2
觵	gong	1	0
觶	zhi	4	1
觷	xue	2	1
觸	chu	4	6
觹	xi	1	0
觺	yi	2	2
觻	li	4	1
觼	jue	2	1
觽	xi	1	0
觾	yan	4	1
觿	xi	1	2
言	yan	2	4470
訁	yan	2	0
訂	ding	4	9
訃	fu	4	1
訄	qiu	2	1
訅	qiu	2	0
訆	jiao	4	0
訇	hong	1	11
計	ji	4	40
訉	fan	4	0
訊	xun	4	13
訋	diao	4	0
訌	hong	4	1
訍	chai	4	0
討	tao	3	11
訏	xu	1	6
訐	jie	2	3
訑	yi	2	2
訒	ren	4	1
訓	xun	4	17
訔	yin	2	0
訕	shan	4	1
訖	qi	4	2
託	tuo	1	6
記	ji	4	59
訙	xun	4	0
訚	yin	2	0
訛	e	2	7
訜	fen	1	0
訝	ya	4	2
訞	yao	1	2
訟	song	4	5
訠	shen	3	0
訡	yin	2	0
訢	xin	1	17
訣	jue	2	6
訤	xiao	2	0
訥	ne	4	2
訦	chen	2	0
訧	you	2	2
訨	zhi	3	0
訩	xiong	1	0
訪	fang	3	8
訫	xin	4	0
訬	chao	1	2
設	she	4	16
訮	yan	2	0
訯	sa	3	0
訰	zhun	4	1
許	xu	3	36
訲	yi	4	0
訳	yi	4	7
訴	su	4	8
訵	chi	1	0
訶	he	1	20
訷	shen	1	2
訸	he	2	0
訹	xu	4	1
診	zhen	3	5
註	zhu	4	13
証	zheng	4	10
訽	gou	4	0
訾	zi	3	36
訿	zi	3	1
詀	zhan	1	2
詁	gu	3	3
詂	fu	4	0
詃	jian	3	0
詄	die	2	1
詅	ling	2	1
詆	di	3	3
詇	yang	4	0
詈	li	4	16
詉	nao	2	0
詊	pan	4	1
詋	zhou	4	0
詌	gan	4	6
詍	yi	4	1
詎	ju	4	4
詏	yao	4	2
詐	zha	4	3
詑	yi	2	1
詒	yi	2	2
詓	qu	3	0
詔	zhao	4	5
評	ping	2	11
詖	bi	4	2
詗	xiong	4	1
詘	qu	1	5
詙	ba	2	1
詚	da	2	0
詛	zu	3	1
詜	tao	1	0
詝	zhu	3	0
詞	ci	2	31
詟	zhe	2	0
詠	yong	3	25
詡	xu	3	1
詢	xun	2	6
詣	yi	4	5
詤	huang	3	0
詥	he	2	0
試	shi	4	33
詧	cha	2	0
詨	xiao	4	2
詩	shi	1	58
詪	hen	3	0
詫	cha	4	1
詬	gou	4	3
詭	gui	3	3
詮	quan	2	4
詯	hui	4	0
詰	jie	2	4
話	hua	4	95
該	gai	1	114
詳	xiang	2	7
詴	wei	1	1
詵	shen	1	1
詶	zhou	4	2
詷	tong	2	2
詸	mi	2	0
詹	zhan	1	512
詺	ming	4	2
詻	e	4	1
詼	hui	1	2
詽	yan	2	0
詾	xiong	1	0
詿	gua	4	1
誀	er	4	0
誁	bing	4	1
誂	tiao	3	1
誃	yi	2	6
誄	lei	3	1
誅	zhu	1	5
誆	kuang	1	1
誇	kua	1	7
誈	wu	1	0
誉	yu	4	286
誊	teng	2	45
誋	ji	4	3
誌	zhi	4	15
認	ren	4	17
誎	cu	4	0
誏	lang	3	2
誐	e	2	0
誑	kuang	2	4
誒	ei	2	28
誓	shi	4	439
誔	ting	3	0
誕	dan	4	5
誖	bei	4	2
誗	chan	2	0
誘	you	4	7
誙	keng	1	1
誚	qiao	4	2
誛	qin	1	0
誜	shua	4	0
誝	an	1	0
語	yu	3	44
誟	xiao	4	0
誠	cheng	2	18
誡	jie	4	5
誢	xian	4	0
誣	wu	1	5
誤	wu	4	14
誥	gao	4	3
誦	song	4	15
誧	bu	1	2
誨	hui	4	4
誩	jing	4	0
說	shuo	1	621
誫	zhen	4	2
説	shuo	1	42
読	du	2	4
誮	hua	1	0
誯	chang	4	0
誰	shui	2	167
誱	jie	2	0
課	ke	4	19
誳	qu	1	0
誴	cong	2	0
誵	xiao	2	0
誶	sui	4	5
誷	wang	3	0
誸	xian	2	1
誹	fei	3	3
誺	chi	1	1
誻	ta	4	1
誼	yi	4	4
誽	ni	4	1
誾	yin	2	3
調	diao	4	27
諀	pi	3	1
諁	zhuo	2	0
諂	chan	3	2
諃	chen	1	1
諄	zhun	1	2
諅	ji	4	2
諆	qi	1	2
談	tan	2	43
諈	zhui	4	1
諉	wei	3	1
諊	ju	1	0
請	qing	3	150
諌	dong	3	2
諍	zheng	4	2
諎	ze	2	0
諏	zou	1	4
諐	qian	1	0
諑	zhuo	2	1
諒	liang	4	6
諓	jian	4	1
諔	chu	4	1
諕	hao	2	2
論	lun	4	48
諗	shen	3	17
諘	biao	3	2
諙	hua	4	1
諚	pian	2	1
諛	yu	2	2
諜	die	2	5
諝	xu	1	2
諞	pian	3	1
諟	shi	4	10
諠	xuan	1	1
諡	shi	4	4
諢	hun	4	1
諣	hua	4	0
諤	e	4	2
諥	zhong	4	0
諦	di	4	5
諧	xie	2	3
諨	fu	2	10
諩	pu	3	0
諪	ting	2	2
諫	jian	4	7
諬	qi	3	0
諭	yu	4	5
諮	zi	1	2
諯	zhuan	1	1
諰	xi	3	2
諱	hui	4	6
諲	yin	1	4
諳	an	1	2
諴	xian	2	3
諵	nan	2	2
諶	chen	2	1
諷	feng	3	4
諸	zhu	1	39
諹	yang	2	0
諺	yan	4	3
諻	huang	2	1
諼	xuan	1	2
諽	ge	2	0
諾	nuo	4	13
諿	qi	1	1
謀	mou	2	15
謁	ye	4	4
謂	wei	4	28
謃	xing	1	0
謄	teng	2	2
謅	zhou	1	1
謆	shan	4	1
謇	jian	3	9
謈	po	2	1
謉	kui	4	0
謊	huang	3	3
謋	huo	4	1
謌	ge	1	7
謍	ying	2	1
謎	mi	2	9
謏	xiao	3	1
謐	mi	4	1
謑	xi	3	2
謒	qiang	1	1
謓	chen	1	3
謔	xue	4	2
謕	ti	2	0
謖	su	4	1
謗	bang	4	3
謘	chi	2	0
謙	qian	1	7
謚	shi	4	2
講	jiang	3	107
謜	yuan	2	2
謝	xie	4	39
謞	he	4	1
謟	tao	1	0
謠	yao	2	3
謡	yao	2	2
謢	lu	1	3
謣	yu	2	2
謤	biao	1	3
謥	cong	4	1
謦	qing	4	10
謧	li	2	2
謨	mo	2	4
謩	mo	2	0
謪	shang	1	1
謫	zhe	2	3
謬	miu	4	3
謭	jian	3	0
謮	ze	2	1
謯	jie	1	1
謰	lian	2	1
謱	lou	2	1
謲	can	4	0
謳	ou	1	2
謴	gun	4	0
謵	xi	2	1
謶	zhuo	2	2
謷	ao	2	2
謸	ao	2	0
謹	jin	3	9
謺	zhe	2	1
謻	yi	2	1
謼	hu	1	1
謽	jiang	4	1
謾	man	2	2
謿	chao	2	0
譀	han	4	1
譁	hua	2	2
譂	chan	3	1
譃	xu	1	0
譄	zeng	1	0
譅	se	4	2
譆	xi	1	1
譇	zha	1	0
譈	dui	4	1
證	zheng	4	25
譊	nao	2	2
譋	lan	2	1
譌	e	2	1
譍	ying	1	0
譎	jue	2	1
譏	ji	1	4
譐	zun	3	2
譑	jiao	3	1
譒	bo	4	1
譓	hui	4	1
譔	zhuan	4	1
譕	wu	2	5
譖	zen	4	1
譗	zha	2	1
識	shi	2	29
譙	qiao	4	4
譚	tan	2	10
譛	zen	4	1
譜	pu	3	9
譝	sheng	2	0
譞	xuan	1	0
譟	zao	4	1
譠	tan	2	2
譡	dang	3	0
譢	sui	4	0
譣	xian	3	1
譤	ji	1	0
譥	jiao	4	1
警	jing	3	778
譧	zhan	4	1
譨	nang	2	1
譩	yi	1	0
譪	ai	3	1
譫	zhan	1	1
譬	pi	4	38
譭	hui	3	0
譮	hua	4	0
譯	yi	4	24
議	yi	4	10
譱	shan	4	1
譲	rang	4	6
譳	nou	4	0
譴	qian	3	2
譵	dui	4	0
譶	ta	4	0
護	hu	4	14
譸	zhou	1	1
譹	hao	2	1
譺	ai	4	1
譻	ying	1	1
譼	jian	4	0
譽	yu	4	6
譾	jian	3	1
譿	hui	4	1
讀	du	2	46
讁	zhe	2	0
讂	xuan	4	1
讃	zan	4	2
讄	lei	3	1
讅	shen	3	1
讆	wei	4	1
讇	chan	3	0
讈	li	4	1
讉	yi	2	0
變	bian	4	49
讋	zhe	2	1
讌	yan	4	2
讍	e	4	0
讎	chou	2	3
讏	wei	4	0
讐	chou	2	1
讑	yao	4	0
讒	chan	2	3
讓	rang	4	311
讔	yin	3	1
讕	lan	2	1
讖	chen	4	2
讗	xie	2	0
讘	nie	4	2
讙	huan	1	3
讚	zan	4	166
讛	yi	4	0
讜	dang	3	3
讝	zhan	1	0
讞	yan	4	2
讟	du	2	1
讠	yan	2	7
计	ji	4	2476
订	ding	4	3616
讣	fu	4	25
认	ren	4	2412
讥	ji	1	77
讦	jie	2	27
讧	hong	4	3
讨	tao	3	1067
让	rang	4	97928
讪	shan	4	18
讫	qi	4	43
讬	tuo	1	0
训	xun	4	2132
议	yi	4	618
讯	xun	4	2247
记	ji	4	6360
讱	ren	4	0
讲	jiang	3	22589
讳	hui	4	93
讴	ou	1	18
讵	ju	4	53
讶	ya	4	29
讷	ne	4	144
许	xu	3	5070
讹	e	2	69
论	lun	4	6258
讻	xiong	1	0
讼	song	4	100
讽	feng	3	81
设	she	4	3787
访	fang	3	1140
诀	jue	2	347
证	zheng	4	5296
诂	gu	3	16
诃	he	1	120
评	ping	2	2385
诅	zu	3	19
识	shi	2	1779
诇	xiong	4	0
诈	zha	4	197
诉	su	4	884
诊	zhen	3	310
诋	di	3	15
诌	zhou	1	33
词	ci	2	5362
诎	qu	1	11
诏	zhao	4	205
诐	bi	4	0
译	yi	4	1129
诒	yi	2	42
诓	kuang	1	26
诔	lei	3	18
试	shi	4	6578
诖	gua	4	6
诗	shi	1	4945
诘	jie	2	49
诙	hui	1	9
诚	cheng	2	1521
诛	zhu	1	242
诜	shen	1	13
话	hua	4	57807
诞	dan	4	129
诟	gou	4	18
诠	quan	2	46
诡	gui	3	98
询	xun	2	269
诣	yi	4	70
诤	zheng	4	37
该	gai	1	48251
详	xiang	2	405
诧	cha	4	42
诨	hun	4	7
诩	xu	3	32
诪	zhou	1	0
诫	jie	4	70
诬	wu	1	68
语	yu	3	3458
诮	qiao	4	10
误	wu	4	1463
诰	gao	4	33
诱	you	4	384
诲	hui	4	83
诳	kuang	2	37
说	shuo	1	338803
诵	song	4	239
诶	ei	2	1766
请	qing	3	55964
诸	zhu	1	1555
诹	zou	1	28
诺	nuo	4	2244
读	du	2	12702
诼	zhuo	2	6
诽	fei	3	38
课	ke	4	7950
诿	wei	3	7
谀	yu	2	26
谁	shei	2	41704
谂	shen	3	243
调	diao	4	4646
谄	chan	3	24
谅	liang	4	133
谆	zhun	1	12
谇	sui	4	6
谈	tan	2	13518
谉	shen	3	0
谊	yi	4	181
谋	mou	2	1058
谌	chen	2	78
谍	die	2	74
谎	huang	3	177
谏	jian	4	188
谐	xie	2	163
谑	xue	4	33
谒	ye	4	69
谓	wei	4	732
谔	e	4	33
谕	yu	4	101
谖	xuan	1	17
谗	chan	2	117
谘	zi	1	16
谙	an	1	57
谚	yan	4	52
谛	di	4	238
谜	mi	2	529
谝	pian	3	33
谞	xu	1	0
谟	mo	2	81
谠	dang	3	21
谡	su	4	16
谢	xie	4	6505
谣	yao	2	176
谤	bang	4	57
谥	shi	4	75
谦	qian	1	560
谧	mi	4	58
谨	jin	3	398
谩	man	4	28
谪	zhe	2	51
谫	jian	3	14
谬	miu	4	137
谭	tan	2	1771
谮	zen	4	45
谯	qiao	2	62
谰	lan	2	56
谱	pu	3	943
谲	jue	2	33
谳	yan	4	31
谴	qian	3	50
谵	zhan	1	13
谶	chen	4	41
谷	gu	3	2678
谸	qian	1	0
谹	hong	2	1
谺	xia	1	1
谻	ji	2	1
谼	hong	2	1
谽	han	1	1
谾	hong	1	1
谿	xi	1	4
豀	xi	1	0
豁	huo	1	195
豂	liao	2	1
豃	han	3	1
豄	du	2	0
豅	long	2	1
豆	dou	4	1856
豇	jiang	1	10
豈	qi	3	9
豉	chi	3	31
豊	li	3	10
豋	deng	1	4
豌	wan	1	8
豍	bi	1	1
豎	shu	4	6
豏	xian	4	1
豐	feng	1	10
豑	zhi	4	0
豒	zhi	4	0
豓	yan	4	0
豔	yan	4	8
豕	shi	3	30
豖	chu	4	1
豗	hui	1	1
豘	tun	2	0
豙	yi	4	0
豚	tun	2	110
豛	yi	4	0
豜	jian	1	1
豝	ba	1	1
豞	hou	4	0
豟	e	4	0
豠	chu	2	0
象	xiang	4	13251
豢	huan	4	25
豣	jian	1	0
豤	ken	3	1
豥	gai	1	1
豦	ju	4	1
豧	fu	1	0
豨	xi	1	16
豩	bin	1	1
豪	hao	2	1625
豫	yu	4	409
豬	zhu	1	59
豭	jia	1	3
豮	fen	2	0
豯	xi	1	1
豰	bo	2	10
豱	wen	1	1
豲	huan	2	1
豳	bin	1	14
豴	di	2	0
豵	zong	1	2
豶	fen	2	1
豷	yi	4	1
豸	zhi	4	27
豹	bao	4	454
豺	chai	2	34
豻	an	4	1
豼	pi	2	0
豽	na	4	0
豾	pi	1	0
豿	gou	3	0
貀	na	4	1
貁	you	4	1
貂	diao	1	118
貃	mo	4	0
貄	si	4	1
貅	xiu	1	15
貆	huan	2	2
貇	kun	1	0
貈	he	2	0
貉	hao	2	21
貊	mo	4	13
貋	an	4	0
貌	mao	4	389
貍	li	2	2
貎	ni	2	5
貏	bi	3	1
貐	yu	3	6
貑	jia	1	1
貒	tuan	1	1
貓	mao	1	60
貔	pi	2	4
貕	xi	1	1
貖	yi	4	0
貗	ju	4	0
貘	mo	4	14
貙	chu	1	3
貚	tan	2	1
貛	huan	1	0
貜	jue	2	1
貝	bei	4	16
貞	zhen	1	11
貟	yuan	2	0
負	fu	4	15
財	cai	2	39
貢	gong	4	5
貣	te	4	1
貤	yi	2	1
貥	hang	2	1
貦	wan	2	0
貧	pin	2	7
貨	huo	4	20
販	fan	4	5
貪	tan	1	14
貫	guan	4	6
責	ze	2	6
貭	zhi	4	2
貮	er	4	1
貯	zhu	4	3
貰	shi	4	1
貱	bi	4	0
貲	zi	1	1
貳	er	4	9
貴	gui	4	40
貵	pian	3	0
貶	bian	3	4
買	mai	3	74
貸	dai	4	3
貹	sheng	4	1
貺	kuang	4	1
費	fei	4	29
貼	tie	1	52
貽	yi	2	5
貾	chi	2	0
貿	mao	4	2
賀	he	4	17
賁	bi	4	2
賂	lu	4	1
賃	lin	4	1
賄	hui	4	2
賅	gai	1	1
賆	pian	2	0
資	zi	1	13
賈	jia	3	8
賉	xu	4	0
賊	zei	2	35
賋	jiao	3	0
賌	gai	1	0
賍	zang	1	2
賎	jian	4	5
賏	ying	1	1
賐	xun	4	0
賑	zhen	4	1
賒	she	1	2
賓	bin	1	8
賔	bin	1	0
賕	qiu	2	1
賖	she	1	0
賗	chuan	4	1
賘	zang	1	0
賙	zhou	1	1
賚	lai	4	0
賛	zan	4	1
賜	ci	4	17
賝	chen	1	0
賞	shang	3	17
賟	tian	3	1
賠	pei	2	5
賡	geng	1	1
賢	xian	2	25
賣	mai	4	42
賤	jian	4	19
賥	sui	4	2
賦	fu	4	17
賧	tan	4	1
賨	cong	2	2
賩	cong	2	0
質	zhi	4	15
賫	ji	1	0
賬	zhang	4	3
賭	du	3	15
賮	jin	4	6
賯	xiong	1	0
賰	chun	3	3
賱	yun	3	15
賲	bao	3	0
賳	zai	1	14
賴	lai	4	26
賵	feng	4	18
賶	cang	4	0
賷	ji	1	0
賸	sheng	4	4
賹	yi	4	1
賺	zhuan	4	24
賻	fu	4	1
購	gou	4	4
賽	sai	4	17
賾	ze	2	1
賿	liao	2	0
贀	yi	4	0
贁	bai	4	0
贂	chen	3	1
贃	wan	4	0
贄	zhi	4	1
贅	zhui	4	2
贆	biao	1	1
贇	yun	1	10
贈	zeng	4	10
贉	dan	4	1
贊	zan	4	10
贋	yan	4	1
贌	pu	2	0
贍	shan	4	1
贎	wan	4	0
贏	ying	2	23
贐	jin	4	1
贑	gan	4	0
贒	xian	2	0
贓	zang	1	2
贔	bi	4	1
贕	du	2	1
贖	shu	2	3
贗	yan	4	1
贘	shang	3	0
贙	xuan	4	1
贚	long	4	0
贛	gan	4	1
贜	zang	1	0
贝	bei	4	2074
贞	zhen	1	640
负	fu	4	2850
贠	yuan	2	0
贡	gong	4	378
财	cai	2	1906
责	ze	2	613
贤	xian	2	1687
败	bai	4	1469
账	zhang	4	794
货	huo	4	7754
质	zhi	4	1873
贩	fan	4	330
贪	tan	1	1028
贫	pin	2	633
贬	bian	3	292
购	gou	4	2028
贮	zhu	4	162
贯	guan	4	406
贰	er	4	432
贱	jian	4	2026
贲	ben	1	55
贳	shi	4	4
贴	tie	1	10562
贵	gui	4	13963
贶	kuang	4	7
贷	dai	4	1265
贸	mao	4	296
费	fei	4	10112
贺	he	4	1538
贻	yi	2	164
贼	zei	2	3971
贽	zhi	4	17
贾	jia	3	1845
贿	hui	4	60
赀	zi	1	12
赁	lin	4	19
赂	lu	4	31
赃	zang	1	81
资	zi	1	1203
赅	gai	1	19
赆	jin	4	4
赇	qiu	2	6
赈	zhen	4	61
赉	lai	4	33
赊	she	1	67
赋	fu	4	671
赌	du	3	1920
赍	ji	1	31
赎	shu	2	156
赏	shang	3	955
赐	ci	4	610
赑	bi	4	0
赒	zhou	1	0
赓	geng	1	25
赔	pei	2	1866
赕	dan	3	10
赖	lai	4	2186
赗	feng	4	0
赘	zhui	4	69
赙	fu	4	20
赚	zhuan	4	10432
赛	sai	4	4086
赜	ze	2	17
赝	yan	4	17
赞	zan	4	3402
赟	yun	1	10
赠	zeng	4	780
赡	shan	4	31
赢	ying	2	5076
赣	gan	4	254
赤	chi	4	1130
赥	xi	1	0
赦	she	4	96
赧	nan	3	16
赨	tong	2	1
赩	xi	4	1
赪	cheng	1	0
赫	he	4	861
赬	cheng	1	1
赭	zhe	3	45
赮	xia	2	1
赯	tang	2	1
走	zou	3	48130
赱	zou	3	20
赲	li	4	1
赳	jiu	1	26
赴	fu	4	2178
赵	zhao	4	6376
赶	gan	3	3694
起	qi	3	29383
赸	shan	4	1
赹	qiong	2	0
赺	yin	3	0
赻	xian	3	1
赼	zi	1	0
赽	jue	2	5
赾	qin	3	0
赿	chi	2	0
趀	ci	1	1
趁	chen	4	1684
趂	chen	4	0
趃	die	2	0
趄	ju	1	8
超	chao	1	9875
趆	di	1	0
趇	xi	4	0
趈	zhan	1	0
趉	jue	2	2
越	yue	4	14156
趋	qu	1	643
趌	ji	2	1
趍	chi	2	1
趎	chu	2	1
趏	gua	1	0
趐	xue	4	5
趑	zi	1	57
趒	tiao	2	1
趓	duo	3	1
趔	lie	4	17
趕	gan	3	15
趖	suo	1	1
趗	cu	4	0
趘	xi	2	0
趙	zhao	4	26
趚	su	4	0
趛	yin	3	1
趜	ju	2	1
趝	jian	4	0
趞	que	4	0
趟	tang	4	1603
趠	chuo	4	1
趡	cui	3	1
趢	lu	4	0
趣	qu	4	584
趤	dang	4	0
趥	qiu	1	1
趦	zi	1	0
趧	ti	2	1
趨	qu	1	6
趩	chi	4	0
趪	huang	2	1
趫	qiao	2	3
趬	qiao	1	0
趭	jiao	4	0
趮	zao	4	0
趯	ti	4	3
趰	er	3	0
趱	zan	3	12
趲	zan	3	1
足	zu	2	3449
趴	pa	1	680
趵	bao	4	3
趶	ku	4	1
趷	ke	1	1
趸	dun	3	27
趹	jue	2	0
趺	fu	1	11
趻	chen	3	0
趼	jian	3	7
趽	fang	4	0
趾	zhi	3	171
趿	ta	1	14
跀	yue	4	0
跁	ba	4	1
跂	qi	2	8
跃	yue	4	657
跄	qiang	4	13
跅	tuo	4	1
跆	tai	2	12
跇	yi	4	1
跈	nian	3	1
跉	ling	2	0
跊	mei	4	0
跋	ba	2	88
跌	die	1	8772
跍	ku	1	1
跎	tuo	2	10
跏	jia	1	5
跐	ci	1	2
跑	pao	3	21815
跒	qia	3	0
跓	zhu	4	1
跔	ju	1	0
跕	dian	3	2
跖	zhi	2	51
跗	fu	1	13
跘	pan	2	3
跙	ju	4	1
跚	shan	1	48
跛	bo	3	59
跜	ni	2	1
距	ju	4	4448
跞	li	4	1
跟	gen	1	74632
跠	yi	2	0
跡	ji	1	6
跢	duo	4	2
跣	xian	3	10
跤	jiao	1	55
跥	duo	4	0
跦	zhu	1	1
跧	quan	2	1
跨	kua	4	2090
跩	zhuai	3	17
跪	gui	4	532
跫	qiong	2	10
跬	kui	3	2
跭	xiang	2	0
跮	chi	4	0
路	lu	4	20471
跰	pian	2	1
跱	zhi	4	1
跲	jia	2	1
跳	tiao	4	7089
跴	cai	3	1
践	jian	4	154
跶	da	5	0
跷	qiao	1	64
跸	bi	4	7
跹	xian	1	10
跺	duo	4	157
跻	ji	1	24
跼	ju	2	2
跽	ji	4	4
跾	shu	1	0
跿	tu	2	1
踀	chu	4	1
踁	jing	4	0
踂	nie	4	1
踃	xiao	1	0
踄	bu	4	1
踅	xue	2	12
踆	cun	1	1
踇	mu	3	1
踈	shu	1	1
踉	liang	4	9
踊	yong	3	21
踋	jiao	3	0
踌	chou	2	20
踍	qiao	1	0
踎	mou	2	0
踏	ta	4	815
踐	jian	4	4
踑	qi	2	0
踒	wo	1	1
踓	wei	3	1
踔	chuo	1	6
踕	jie	2	0
踖	ji	2	1
踗	nie	4	0
踘	ju	1	2
踙	nie	4	0
踚	lun	2	0
踛	lu	4	1
踜	leng	4	0
踝	huai	2	61
踞	ju	4	51
踟	chi	2	3
踠	wan	3	1
踡	quan	2	2
踢	ti	1	3745
踣	bo	2	6
踤	zu	2	1
踥	qie	4	1
踦	yi	3	2
踧	cu	4	1
踨	zong	1	0
踩	cai	3	3453
踪	zong	1	305
踫	peng	4	11
踬	zhi	4	5
踭	zheng	1	0
踮	dian	3	98
踯	zhi	2	6
踰	yu	2	10
踱	duo	2	151
踲	dun	4	0
踳	chuan	3	2
踴	yong	3	1
踵	zhong	3	43
踶	di	4	1
踷	zha	3	0
踸	chen	3	1
踹	chuai	4	587
踺	jian	4	10
踻	gua	1	0
踼	tang	2	2
踽	ju	3	5
踾	fu	2	0
踿	zu	2	1
蹀	die	2	5
蹁	pian	2	4
蹂	rou	2	15
蹃	nuo	4	0
蹄	ti	2	231
蹅	cha	3	1
蹆	tui	3	0
蹇	jian	3	80
蹈	dao	3	82
蹉	cuo	1	15
蹊	qi	1	18
蹋	ta	4	52
蹌	qiang	1	1
蹍	nian	3	2
蹎	dian	1	1
蹏	ti	2	0
蹐	ji	2	1
蹑	nie	4	29
蹒	pan	2	6
蹓	liu	1	6
蹔	zan	4	1
蹕	bi	4	1
蹖	chong	1	13
蹗	lu	4	0
蹘	liao	2	0
蹙	cu	4	109
蹚	tang	1	8
蹛	dai	4	1
蹜	su	4	1
蹝	xi	3	1
蹞	kui	3	1
蹟	ji	1	1
蹠	zhi	2	3
蹡	qiang	1	1
蹢	di	2	0
蹣	pan	2	1
蹤	zong	1	5
蹥	lian	2	0
蹦	beng	4	660
蹧	zao	1	1
蹨	nian	3	0
蹩	bie	2	40
蹪	tui	2	1
蹫	ju	2	0
蹬	deng	1	391
蹭	ceng	4	1002
蹮	xian	1	0
蹯	fan	2	4
蹰	chu	2	25
蹱	zhong	1	0
蹲	dun	1	680
蹳	bo	1	1
蹴	cu	4	40
蹵	cu	4	0
蹶	jue	2	28
蹷	jue	2	0
蹸	lin	4	0
蹹	ta	2	0
蹺	qiao	1	2
蹻	jue	1	4
蹼	pu	3	20
蹽	liao	1	0
蹾	dun	1	0
蹿	cuan	1	166
躀	guan	4	0
躁	zao	4	178
躂	da	2	2
躃	bi	4	0
躄	bi	4	3
躅	zhu	2	10
躆	ju	4	0
躇	chu	2	12
躈	qiao	4	1
躉	dun	3	1
躊	chou	2	1
躋	ji	1	1
躌	wu	3	2
躍	yue	4	4
躎	nian	3	0
躏	lin	4	4
躐	lie	4	4
躑	zhi	2	0
躒	li	4	1
躓	zhi	4	1
躔	chan	2	19
躕	chu	2	1
躖	duan	4	0
躗	wei	4	1
躘	long	2	1
躙	lin	4	1
躚	xian	1	0
躛	wei	4	0
躜	zuan	1	7
躝	lan	2	2
躞	xie	4	13
躟	rang	2	0
躠	sa	3	1
躡	nie	4	1
躢	ta	4	0
躣	qu	2	1
躤	ji	2	1
躥	cuan	1	0
躦	cuo	2	1
躧	xi	3	0
躨	kui	2	1
躩	jue	2	1
躪	lin	4	1
身	shen	1	5764
躬	gong	1	175
躭	dan	1	0
躮	fen	1	0
躯	qu	1	114
躰	ti	3	3
躱	duo	3	4
躲	duo	3	2188
躳	gong	1	0
躴	lang	2	0
躵	ren	3	0
躶	luo	3	0
躷	ai	3	0
躸	ji	1	0
躹	ju	2	0
躺	tang	3	1416
躻	kong	1	0
躼	lao	4	0
躽	yan	3	0
躾	mei	3	1
躿	kang	1	0
軀	qu	1	3
軁	lou	2	0
軂	lao	4	1
軃	duo	3	0
軄	zhi	2	0
軅	yan	4	0
軆	ti	3	4
軇	dao	4	0
軈	ying	1	0
軉	yu	4	0
車	che	1	65
軋	ya	4	4
軌	gui	3	3
軍	jun	1	36
軎	wei	4	2
軏	yue	4	2
軐	xin	4	0
軑	dai	4	1
軒	xuan	1	17
軓	fan	4	1
軔	ren	4	1
軕	shan	1	0
軖	kuang	2	0
軗	shu	1	1
軘	tun	2	1
軙	chen	2	0
軚	dai	4	0
軛	e	4	1
軜	na	4	1
軝	qi	2	0
軞	mao	2	1
軟	ruan	3	18
軠	kuang	2	1
軡	qian	2	1
転	zhuan	3	5
軣	hong	1	1
軤	hu	1	0
軥	qu	2	1
軦	kuang	4	1
軧	di	3	0
軨	ling	2	2
軩	dai	4	0
軪	ao	1	0
軫	zhen	3	2
軬	fan	4	1
軭	kuang	1	0
軮	yang	3	1
軯	peng	1	1
軰	bei	4	0
軱	gu	1	1
軲	gu	1	0
軳	pao	2	0
軴	zhu	4	2
軵	rong	3	1
軶	e	4	1
軷	ba	2	0
軸	zhou	2	8
軹	zhi	3	2
軺	yao	2	1
軻	ke	1	2
軼	yi	4	2
軽	zhi	4	3
軾	shi	4	0
軿	ping	2	1
輀	er	2	1
輁	gong	3	1
輂	ju	2	2
較	jiao	4	44
輄	guang	1	0
輅	lu	4	1
輆	kai	3	0
輇	quan	2	1
輈	zhou	1	1
載	zai	4	25
輊	zhi	4	0
輋	she	1	1
輌	liang	4	1
輍	yu	4	0
輎	shao	1	1
輏	you	2	0
輐	wan	4	1
輑	yin	3	0
輒	zhe	2	7
輓	wan	3	1
輔	fu	3	19
輕	qing	1	32
輖	zhou	1	1
輗	ni	2	2
輘	leng	2	1
輙	zhe	2	1
輚	zhan	4	1
輛	liang	4	4
輜	zi	1	1
輝	hui	1	17
輞	wang	3	0
輟	chuo	4	2
輠	guo	3	2
輡	kan	3	0
輢	yi	3	0
輣	peng	2	1
輤	qian	4	2
輥	gun	3	3
輦	nian	3	2
輧	ping	2	1
輨	guan	3	0
輩	bei	4	7
輪	lun	2	17
輫	pai	2	0
輬	liang	2	0
輭	ruan	3	0
輮	rou	2	1
輯	ji	2	13
輰	yang	2	0
輱	xian	2	0
輲	chuan	2	0
輳	cou	4	1
輴	chun	1	1
輵	ge	2	1
輶	you	2	3
輷	hong	1	0
輸	shu	1	24
輹	fu	4	1
輺	zi	1	0
輻	fu	2	3
輼	wen	1	0
輽	ben	4	0
輾	zhan	3	2
輿	yu	2	5
轀	wen	1	1
轁	tao	1	0
轂	gu	3	2
轃	zhen	1	1
轄	xia	2	3
轅	yuan	2	2
轆	lu	4	1
轇	jiao	1	1
轈	chao	2	0
轉	zhuan	3	57
轊	wei	4	0
轋	hun	2	1
轌	xue	3	1
轍	zhe	2	2
轎	jiao	4	2
轏	zhan	4	1
轐	bu	2	1
轑	lao	3	1
轒	fen	2	1
轓	fan	1	1
轔	lin	2	1
轕	ge	2	2
轖	se	4	0
轗	kan	3	1
轘	huan	2	3
轙	yi	3	1
轚	ji	2	1
轛	zhui	4	0
轜	er	2	0
轝	yu	4	1
轞	jian	4	0
轟	hong	1	6
轠	lei	2	1
轡	pei	4	2
轢	li	4	1
轣	li	4	0
轤	lu	2	1
轥	lin	4	0
车	che	1	26005
轧	ya	4	116
轨	gui	3	456
轩	xuan	1	1517
轪	dai	4	0
轫	ren	4	17
转	zhuan	3	16584
轭	e	4	25
轮	lun	2	2977
软	ruan	3	3419
轰	hong	1	583
轱	gu	1	11
轲	ke	1	44
轳	lu	2	4
轴	zhou	2	1287
轵	zhi	3	9
轶	yi	4	164
轷	hu	1	2
轸	zhen	3	39
轹	li	4	4
轺	yao	2	2
轻	qing	1	5236
轼	shi	4	37
载	zai	4	2159
轾	zhi	4	2
轿	jiao	4	203
辀	zhou	1	0
辁	quan	2	4
辂	lu	4	12
较	jiao	4	7414
辄	zhe	2	98
辅	fu	3	562
辆	liang	4	1820
辇	nian	3	66
辈	bei	4	421
辉	hui	1	2272
辊	gun	3	213
辋	wang	3	4
辌	liang	2	0
辍	chuo	4	41
辎	zi	1	7
辏	cou	4	5
辐	fu	2	62
辑	ji	2	505
辒	wen	1	0
输	shu	1	5263
辔	pei	4	49
辕	yuan	2	54
辖	xia	2	208
辗	zhan	3	26
辘	lu	4	10
辙	zhe	2	133
辚	lin	2	10
辛	xin	1	1361
辜	gu	1	168
辝	ci	2	0
辞	ci	2	1044
辟	pi	4	180
辠	zui	4	0
辡	bian	4	0
辢	la	4	0
辣	la	4	1603
辤	ci	2	0
辥	xue	1	0
辦	ban	4	24
辧	bian	4	1
辨	bian	4	506
辩	bian	4	587
辪	xue	1	0
辫	bian	4	129
辬	ban	1	0
辭	ci	2	12
辮	bian	4	2
辯	bian	4	6
辰	chen	2	833
辱	ru	3	246
農	nong	2	7
辳	nong	2	0
辴	chan	3	0
辵	chuo	4	0
辶	chuo	4	0
辷	yi	1	80
辸	reng	2	0
边	bian	1	14352
辺	bian	1	5
辻	shi	2	11
込	yu	1	4
辽	liao	2	530
达	da	2	9692
辿	chan	1	3
迀	gan	1	0
迁	qian	1	775
迂	yu	1	50
迃	yu	1	0
迄	qi	4	55
迅	xun	4	358
迆	yi	2	1
过	guo	4	111897
迈	mai	4	1160
迉	qi	1	2
迊	za	1	0
迋	wang	4	2
迌	tu	4	0
迍	zhun	1	5
迎	ying	2	1368
迏	da	2	0
运	yun	4	3011
近	jin	4	15029
迒	hang	2	1
迓	ya	4	5
返	fan	3	2406
迕	wu	3	3
迖	da	2	1
迗	e	2	4
还	hai	2	279642
这	zhe	4	178109
迚	da	2	1
进	jin	4	24648
远	yuan	3	12498
违	wei	2	252
连	lian	2	26463
迟	chi	2	1930
迠	che	4	1
迡	ni	4	4
迢	tiao	2	17
迣	zhi	4	5
迤	yi	2	27
迥	jiong	3	403
迦	jia	1	380
迧	chen	2	0
迨	dai	4	22
迩	er	3	91
迪	di	2	1408
迫	po	4	334
迬	zhu	4	0
迭	die	2	207
迮	ze	2	4
迯	tao	2	2
述	shu	4	606
迱	tuo	2	0
迲	qu	5	22
迳	jing	4	40
迴	hui	2	10
迵	dong	4	1
迶	you	4	2
迷	mi	2	3703
迸	beng	4	76
迹	ji	4	521
迺	nai	3	9
迻	yi	2	1
迼	jie	2	1
追	zhui	1	5643
迾	lie	4	1
迿	xun	4	0
退	tui	4	7395
送	song	4	19211
适	shi	4	846
逃	tao	2	2129
逄	pang	2	25
逅	hou	4	14
逆	ni	4	981
逇	dun	4	0
逈	jiong	3	0
选	xuan	3	13705
逊	xun	4	370
逋	bu	1	17
逌	you	1	2
逍	xiao	1	130
逎	qiu	2	1
透	tou	4	1771
逐	zhu	2	778
逑	qiu	2	28
递	di	4	954
逓	di	4	0
途	tu	2	531
逕	jing	4	2
逖	ti	4	10
逗	dou	4	1784
逘	yi	3	0
這	zhe	4	362
通	tong	1	8398
逛	guang	4	3514
逜	wu	4	0
逝	shi	4	535
逞	cheng	3	128
速	su	4	1820
造	zao	4	4835
逡	qun	1	6
逢	feng	2	1058
連	lian	2	147
逤	suo	4	0
逥	hui	2	0
逦	li	3	14
逧	gu	3	0
逨	lai	2	0
逩	ben	4	0
逪	cuo	4	0
逫	jue	2	0
逬	beng	4	0
逭	huan	4	6
逮	dai	3	399
逯	lu	4	29
逰	you	2	0
週	zhou	1	14
進	jin	4	70
逳	yu	4	0
逴	chuo	1	1
逵	kui	2	72
逶	wei	1	15
逷	ti	4	0
逸	yi	4	1266
逹	da	2	3
逺	yuan	3	0
逻	luo	2	33
逼	bi	1	3237
逽	nuo	4	1
逾	yu	2	839
逿	dang	4	1
遀	sui	2	0
遁	dun	4	211
遂	sui	4	1593
遃	yan	3	0
遄	chuan	2	13
遅	chi	2	1
遆	ti	2	0
遇	yu	4	1894
遈	shi	2	0
遉	zhen	1	1
遊	you	2	29
運	yun	4	30
遌	e	4	0
遍	bian	4	3213
過	guo	4	274
遏	e	4	60
遐	xia	2	84
遑	huang	2	10
遒	qiu	2	39
道	dao	4	16155
達	da	2	46
違	wei	2	7
遖	nan	2	1
遗	yi	2	504
遘	gou	4	10
遙	yao	2	8
遚	chou	4	0
遛	liu	4	172
遜	xun	4	7
遝	ta	4	15
遞	di	4	5
遟	chi	2	0
遠	yuan	3	54
遡	su	4	2
遢	ta	5	15
遣	qian	3	331
遤	ma	3	0
遥	yao	2	721
遦	guan	4	0
遧	zhang	1	0
遨	ao	2	32
適	shi	4	29
遪	ca	4	0
遫	chi	4	1
遬	su	4	0
遭	zao	1	3873
遮	zhe	1	680
遯	dun	4	2
遰	di	4	2
遱	lou	2	0
遲	chi	2	11
遳	cuo	1	0
遴	lin	2	12
遵	zun	1	256
遶	rao	4	3
遷	qian	1	13
選	xuan	3	50
遹	yu	4	7
遺	yi	2	12
遻	e	4	1
遼	liao	2	3
遽	ju	4	50
遾	shi	4	1
避	bi	4	1029
邀	yao	1	910
邁	mai	4	5
邂	xie	4	17
邃	sui	4	32
還	hai	2	343
邅	zhan	1	13
邆	teng	2	1
邇	er	3	3
邈	miao	3	62
邉	bian	1	5
邊	bian	1	48
邋	la	1	33
邌	li	2	0
邍	yuan	2	0
邎	yao	2	0
邏	luo	2	1
邐	li	3	1
邑	yi	4	283
邒	ting	2	0
邓	deng	4	2554
邔	qi	3	0
邕	yong	1	39
邖	shan	1	0
邗	han	2	17
邘	yu	2	3
邙	mang	2	7
邚	ru	2	0
邛	qiong	2	32
邜	xi	1	0
邝	kuang	4	155
邞	fu	1	0
邟	kang	4	1
邠	bin	1	6
邡	fang	1	4
邢	xing	2	654
那	na	4	269381
邤	xin	1	0
邥	shen	3	1
邦	bang	1	1708
邧	yuan	2	0
邨	cun	1	16
邩	huo	3	0
邪	xie	2	1380
邫	bang	1	0
邬	wu	1	199
邭	ju	4	0
邮	you	2	736
邯	han	2	34
邰	tai	2	46
邱	qiu	1	1432
邲	bi	4	2
邳	pi	1	25
邴	bing	3	20
邵	shao	4	1069
邶	bei	4	5
邷	wa	3	0
邸	di	3	117
邹	zou	1	1334
邺	ye	4	45
邻	lin	2	595
邼	kuang	1	0
邽	gui	1	4
邾	zhu	1	20
邿	shi	1	1
郀	ku	1	0
郁	yu	4	739
郂	gai	1	0
郃	he	2	11
郄	qie	4	17
郅	zhi	4	58
郆	ji	2	0
郇	huan	2	16
郈	hou	4	2
郉	xing	2	0
郊	jiao	1	215
郋	xi	2	1
郌	gui	1	0
郍	nuo	2	0
郎	lang	2	1793
郏	jia	2	19
郐	kuai	4	8
郑	zheng	4	3941
郒	lang	2	0
郓	yun	4	14
郔	yan	2	1
郕	cheng	2	5
郖	dou	4	1
郗	xi	1	39
郘	lv	3	1
郙	fu	3	0
郚	wu	2	1
郛	fu	2	6
郜	gao	4	56
郝	hao	3	1012
郞	lang	2	30
郟	jia	2	1
郠	geng	3	1
郡	jun	4	922
郢	ying	3	87
郣	bo	2	0
郤	xi	4	10
郥	bei	4	1
郦	li	4	71
郧	yun	2	27
部	bu	4	13825
郩	xiao	2	1
郪	qi	1	2
郫	pi	2	7
郬	qing	1	1
郭	guo	1	4365
郮	zhou	1	0
郯	tan	2	24
郰	zou	1	1
郱	ping	2	0
郲	lai	2	3
郳	ni	2	1
郴	chen	1	97
郵	you	2	4
郶	bu	4	0
郷	xiang	1	3
郸	dan	1	7
郹	ju	2	0
郺	yong	1	0
郻	qiao	1	0
郼	yi	1	1
都	dou	1	401877
郾	yan	3	29
郿	mei	2	4
鄀	ruo	4	1
鄁	bei	4	0
鄂	e	4	560
鄃	shu	1	1
鄄	juan	4	27
鄅	yu	3	1
鄆	yun	4	1
鄇	hou	2	0
鄈	kui	2	0
鄉	xiang	1	15
鄊	xiang	1	0
鄋	sou	1	1
鄌	tang	2	0
鄍	ming	2	0
鄎	xi	1	1
鄏	ru	3	1
鄐	chu	4	1
鄑	zi	1	1
鄒	zou	1	6
鄓	ye	4	0
鄔	wu	1	2
鄕	xiang	1	1
鄖	yun	2	1
鄗	hao	4	2
鄘	yong	1	1
鄙	bi	3	87
鄚	mao	4	2
鄛	chao	2	1
鄜	fu	1	8
鄝	liao	3	1
鄞	yin	2	17
鄟	zhuan	1	0
鄠	hu	4	3
鄡	qiao	1	1
鄢	yan	1	94
鄣	zhang	1	16
鄤	man	4	3
鄥	qiao	1	0
鄦	xu	3	1
鄧	deng	4	12
鄨	bi	4	0
鄩	xun	2	2
鄪	bi	4	1
鄫	zeng	1	3
鄬	wei	2	1
鄭	zheng	4	26
鄮	mao	4	2
鄯	shan	4	7
鄰	lin	2	4
鄱	po	2	20
鄲	dan	1	1
鄳	meng	2	1
鄴	ye	4	7
鄵	cao	4	1
鄶	kuai	4	1
鄷	feng	1	0
鄸	meng	2	1
鄹	zou	1	6
鄺	kuang	4	2
鄻	lian	3	0
鄼	zan	4	0
鄽	chan	2	0
鄾	you	1	1
鄿	ji	1	1
酀	yan	4	1
酁	chan	2	0
酂	zan	4	0
酃	ling	2	10
酄	huan	1	1
酅	xi	1	1
酆	feng	1	13
酇	zan	4	0
酈	li	4	1
酉	you	3	134
酊	ding	1	31
酋	qiu	2	43
酌	zhuo	2	107
配	pei	4	6736
酎	zhou	4	14
酏	yi	3	2
酐	gan	1	22
酑	yu	2	0
酒	jiu	3	8304
酓	yan	3	1
酔	zui	4	2
酕	mao	2	1
酖	zhen	4	2
酗	xu	4	9
酘	dou	4	1
酙	zhen	1	0
酚	fen	1	275
酛	yuan	2	0
酜	fu	5	0
酝	yun	4	33
酞	tai	4	23
酟	tian	1	1
酠	qia	3	1
酡	tuo	2	9
酢	zuo	4	14
酣	han	1	111
酤	gu	1	9
酥	su	1	470
酦	po	1	0
酧	chou	2	0
酨	zai	4	1
酩	ming	3	14
酪	lao	4	54
酫	chuo	4	0
酬	chou	2	230
酭	you	4	0
酮	tong	2	357
酯	zhi	3	268
酰	xian	1	84
酱	jiang	4	874
酲	cheng	2	6
酳	yin	4	1
酴	tu	2	3
酵	jiao	4	38
酶	mei	2	1067
酷	ku	4	2385
酸	suan	1	2875
酹	lei	4	19
酺	pu	2	3
酻	zui	4	0
酼	hai	3	0
酽	yan	4	30
酾	shi	1	2
酿	niang	4	340
醀	wei	2	1
醁	lu	4	2
醂	lan	3	1
醃	yan	1	3
醄	tao	2	1
醅	pei	1	16
醆	zhan	3	0
醇	chun	2	463
醈	tan	2	0
醉	zui	4	2491
醊	zhui	4	1
醋	cu	4	1082
醌	kun	1	42
醍	ti	2	12
醎	xian	2	0
醏	du	1	0
醐	hu	2	4
醑	xu	3	4
醒	xing	3	3506
醓	tan	3	5
醔	qiu	2	0
醕	chun	2	0
醖	yun	4	0
醗	po	4	2
醘	ke	1	0
醙	sou	1	2
醚	mi	2	112
醛	quan	2	129
醜	chou	3	20
醝	cuo	1	1
醞	yun	4	3
醟	yong	4	0
醠	ang	4	0
醡	zha	4	25
醢	hai	3	11
醣	tang	2	7
醤	jiang	4	1
醥	piao	3	1
醦	chen	3	0
醧	yu	4	1
醨	li	2	2
醩	zao	1	0
醪	lao	2	22
醫	yi	1	12
醬	jiang	4	8
醭	bu	2	3
醮	jiao	4	26
醯	xi	1	35
醰	tan	2	2
醱	fa	1	1
醲	nong	2	1
醳	yi	4	1
醴	li	3	26
醵	ju	4	5
醶	yan	4	0
醷	yi	4	1
醸	niang	4	1
醹	ru	2	1
醺	xun	1	17
醻	chou	2	0
醼	yan	4	2
醽	ling	2	1
醾	mi	2	0
醿	mi	2	0
釀	niang	4	5
釁	xin	4	1
釂	jiao	4	1
釃	shai	1	1
釄	mi	2	0
釅	yan	4	1
釆	bian	4	14
采	cai	3	2263
釈	shi	4	2
釉	you	4	220
释	shi	4	612
釋	shi	4	15
里	li	3	98050
重	zhong	4	6392
野	ye	3	4734
量	liang	4	11116
釐	xi	1	5
金	jin	1	15142
釒	jin	1	0
釓	ga	2	0
釔	yi	3	2
釕	liao	3	3
釖	dao	1	1
釗	zhao	1	1
釘	ding	1	11
釙	po	4	0
釚	qiu	2	0
釛	ba	1	0
釜	fu	3	92
針	zhen	1	12
釞	zhi	2	0
釟	ba	1	0
釠	luan	4	0
釡	fu	3	1
釢	nai	3	1
釣	diao	4	8
釤	shan	4	1
釥	qiao	3	1
釦	kou	4	4
釧	chuan	4	1
釨	zi	3	3
釩	fan	3	1
釪	hua	2	2
釫	hua	2	0
釬	han	4	1
釭	gang	1	5
釮	qi	2	0
釯	mang	2	0
釰	ri	4	0
釱	di	4	1
釲	si	4	0
釳	xi	4	1
釴	yi	4	0
釵	chai	1	4
釶	shi	1	2
釷	tu	3	0
釸	xi	1	0
釹	nv	3	16
釺	qian	1	0
釻	qiu	2	0
釼	jian	4	0
釽	pi	4	1
釾	ye	2	0
釿	jin	1	2
鈀	ba	3	1
鈁	fang	1	2
鈂	chen	2	0
鈃	xing	2	1
鈄	dou	3	2
鈅	yue	4	4
鈆	qian	1	1
鈇	fu	1	4
鈈	bu	4	0
鈉	na	4	2
鈊	xin	1	20
鈋	e	2	0
鈌	jue	2	0
鈍	dun	4	2
鈎	gou	1	3
鈏	yin	3	2
鈐	qian	2	2
鈑	ban	3	1
鈒	sa	4	1
鈓	ren	2	0
鈔	chao	1	4
鈕	niu	3	6
鈖	fen	1	2
鈗	yun	3	0
鈘	yi	3	0
鈙	qin	2	0
鈚	pi	1	1
鈛	guo	1	0
鈜	hong	2	1
鈝	yin	2	0
鈞	jun	1	9
鈟	diao	4	0
鈠	yi	4	0
鈡	zhong	1	0
鈢	xi	3	0
鈣	gai	4	4
鈤	ri	4	10
鈥	huo	3	26
鈦	tai	4	3
鈧	kang	4	21
鈨	yuan	2	0
鈩	lu	2	5
鈪	e	4	0
鈫	qin	2	0
鈬	duo	2	0
鈭	zi	1	1
鈮	ni	3	1
鈯	tu	2	0
鈰	shi	4	1
鈱	min	2	1
鈲	gu	1	1
鈳	ke	1	5
鈴	ling	2	15
鈵	bing	3	0
鈶	si	4	1
鈷	gu	3	4
鈸	bo	2	1
鈹	pi	1	10
鈺	yu	4	11
鈻	si	4	0
鈼	zuo	2	3
鈽	bu	1	3
鈾	you	2	2
鈿	tian	2	1
鉀	jia	3	2
鉁	zhen	1	0
鉂	shi	3	0
鉃	shi	4	0
鉄	zhi	2	12
鉅	ju	4	4
鉆	chan	1	2
鉇	shi	1	0
鉈	shi	1	2
鉉	xuan	4	2
鉊	zhao	1	1
鉋	bao	4	2
鉌	he	2	3
鉍	bi	4	2
鉎	sheng	1	2
鉏	chu	2	5
鉐	shi	2	1
鉑	bo	2	1
鉒	zhu	4	2
鉓	chi	4	2
鉔	za	1	1
鉕	po	1	0
鉖	tong	2	0
鉗	qian	2	3
鉘	fu	2	0
鉙	zhai	3	0
鉚	mao	3	1
鉛	qian	1	5
鉜	fu	2	0
鉝	li	4	0
鉞	yue	4	2
鉟	pi	1	0
鉠	yang	1	0
鉡	ban	4	1
鉢	bo	1	1
鉣	jie	2	1
鉤	gou	1	8
鉥	shu	4	2
鉦	zheng	1	2
鉧	mu	3	1
鉨	xi	3	0
鉩	xi	3	0
鉪	di	4	0
鉫	jia	1	0
鉬	mu	4	1
鉭	tan	3	1
鉮	huan	2	0
鉯	yi	3	3
鉰	si	1	0
鉱	kuang	4	1
鉲	ka	3	2
鉳	bei	3	0
鉴	jian	4	443
鉵	tong	2	0
鉶	xing	2	1
鉷	hong	2	2
鉸	jiao	3	1
鉹	chi	3	0
鉺	er	4	3
鉻	ge	4	3
鉼	bing	3	1
鉽	shi	4	1
鉾	mou	2	1
鉿	jia	1	1
銀	yin	2	23
銁	jun	1	0
銂	zhou	1	0
銃	chong	4	2
銄	xiang	3	0
銅	tong	2	9
銆	mo	4	78
銇	lei	4	19
銈	ji	1	30
銉	yu	4	0
銊	xu	4	5
銋	ren	2	1
銌	zun	4	0
銍	zhi	4	2
銎	qiong	2	6
銏	shan	4	0
銐	chi	4	0
銑	xian	3	1
銒	xing	2	0
銓	quan	2	3
銔	pi	1	0
銕	tie	3	1
銖	zhu	1	2
銗	xiang	4	1
銘	ming	2	14
銙	kua	3	1
銚	yao	2	1
銛	xian	1	2
銜	xian	2	4
銝	xiu	1	1
銞	jun	1	0
銟	cha	1	0
銠	lao	3	1
銡	ji	2	0
銢	pi	3	0
銣	ru	2	2
銤	mi	3	0
銥	yi	1	3
銦	yin	1	1
銧	guang	1	1
銨	an	3	1
銩	diu	1	1
銪	you	3	5
銫	se	4	7
銬	kao	4	1
銭	qian	2	5
銮	luan	2	58
銯	si	1	0
銰	ai	1	0
銱	diao	4	0
銲	han	4	1
銳	rui	4	3
銴	shi	4	0
銵	keng	1	1
銶	qiu	2	5
銷	xiao	1	5
銸	zhe	2	0
銹	xiu	4	2
銺	zang	4	0
銻	ti	2	0
銼	cuo	4	1
銽	gua	1	0
銾	hong	4	0
銿	zhong	1	0
鋀	tou	1	1
鋁	lv	3	3
鋂	mei	2	2
鋃	lang	2	1
鋄	wan	4	1
鋅	xin	1	5
鋆	yun	2	17
鋇	bei	4	2
鋈	wu	4	9
鋉	su	4	1
鋊	yu	4	1
鋋	chan	2	5
鋌	ding	4	1
鋍	bo	2	1
鋎	han	4	1
鋏	jia	2	1
鋐	hong	2	4
鋑	cuan	1	1
鋒	feng	1	9
鋓	chan	1	0
鋔	wan	3	0
鋕	zhi	4	2
鋖	si	1	0
鋗	xuan	1	1
鋘	hua	2	0
鋙	yu	3	1
鋚	tiao	2	0
鋛	kuang	4	0
鋜	zhuo	2	0
鋝	lve	4	0
鋞	xing	2	1
鋟	qin	3	1
鋠	shen	4	0
鋡	han	2	1
鋢	lve	4	0
鋣	ye	2	0
鋤	chu	2	2
鋥	zeng	4	0
鋦	ju	1	0
鋧	xian	4	0
鋨	e	2	2
鋩	mang	2	3
鋪	pu	4	8
鋫	li	2	0
鋬	pan	4	0
鋭	rui	4	1
鋮	cheng	2	1
鋯	gao	4	1
鋰	li	3	1
鋱	te	4	0
鋲	bing	1	0
鋳	zhu	4	1
鋴	zhen	4	0
鋵	tu	1	0
鋶	liu	3	0
鋷	zui	4	1
鋸	ju	4	3
鋹	chang	3	4
鋺	yuan	3	1
鋻	jian	4	2
鋼	gang	1	9
鋽	diao	4	0
鋾	tao	2	1
鋿	chang	2	0
錀	lun	2	1
錁	guo	3	1
錂	ling	2	1
錃	pi	1	0
錄	lu	4	28
錅	li	2	0
錆	qiang	1	0
錇	pou	2	0
錈	juan	3	0
錉	min	2	1
錊	zui	4	0
錋	peng	2	1
錌	an	4	1
錍	pi	1	1
錎	xian	4	1
錏	ya	1	1
錐	zhui	1	2
錑	lei	4	0
錒	a	1	28
錓	kong	1	0
錔	ta	4	0
錕	kun	1	1
錖	du	2	0
錗	nei	4	0
錘	chui	2	2
錙	zi	1	1
錚	zheng	1	1
錛	ben	1	1
錜	nie	4	0
錝	zong	4	1
錞	chun	2	2
錟	tan	2	1
錠	ding	4	5
錡	qi	2	3
錢	qian	2	52
錣	zhui	4	1
錤	ji	1	0
錥	yu	4	1
錦	jin	3	15
錧	guan	3	3
錨	mao	2	1
錩	chang	1	1
錪	tian	3	0
錫	xi	1	14
錬	lian	4	1
錭	tao	2	0
錮	gu	4	1
錯	cuo	4	63
錰	shu	4	0
錱	zhen	1	0
録	lu	4	3
錳	meng	3	1
錴	lu	4	1
錵	hua	1	8
錶	biao	3	8
錷	ga	2	0
錸	lai	2	1
錹	ken	3	0
錺	fang	1	0
錻	wu	5	0
錼	nai	4	1
錽	wan	4	0
錾	zan	4	17
錿	hu	3	0
鍀	de	2	0
鍁	xian	1	0
鍂	pian	1	0
鍃	huo	1	0
鍄	liang	4	1
鍅	fa	3	0
鍆	men	2	2
鍇	kai	3	3
鍈	ying	1	2
鍉	di	1	2
鍊	lian	4	27
鍋	guo	1	32
鍌	xian	3	11
鍍	du	4	4
鍎	tu	2	11
鍏	wei	2	61
鍐	zong	1	28
鍑	fu	4	20
鍒	rou	2	37
鍓	ji	2	0
鍔	e	4	33
鍕	jun	1	9
鍖	chen	3	53
鍗	ti	2	65
鍘	zha	2	29
鍙	hu	4	53
鍚	yang	2	34
鍛	duan	4	20
鍜	xia	2	17
鍝	yu	2	0
鍞	keng	1	8
鍟	sheng	1	0
鍠	huang	2	13
鍡	wei	3	14
鍢	fu	4	0
鍣	zhao	1	8
鍤	cha	1	4
鍥	qie	4	34
鍦	shi	1	0
鍧	hong	1	10
鍨	kui	2	0
鍩	tian	3	0
鍪	mou	2	7
鍫	qiao	1	0
鍬	qiao	1	1
鍭	hou	2	2
鍮	tou	1	1
鍯	cong	1	0
鍰	huan	2	1
鍱	ye	4	1
鍲	min	2	0
鍳	jian	4	0
鍴	duan	1	0
鍵	jian	4	13
鍶	song	1	2
鍷	kui	2	0
鍸	hu	2	0
鍹	xuan	1	0
鍺	zhe	3	3
鍻	jie	2	0
鍼	zhen	1	1
鍽	bian	1	0
鍾	zhong	1	16
鍿	zi	1	0
鎀	xiu	1	1
鎁	ye	2	0
鎂	mei	3	8
鎃	pai	4	0
鎄	ai	1	0
鎅	jie	4	0
鎆	qian	5	0
鎇	mei	2	0
鎈	suo	3	1
鎉	da	2	0
鎊	bang	4	1
鎋	xia	2	0
鎌	lian	2	4
鎍	suo	3	2
鎎	kai	4	0
鎏	liu	2	23
鎐	yao	2	0
鎑	ye	4	1
鎒	nou	4	1
鎓	weng	1	0
鎔	rong	2	3
鎕	tang	2	1
鎖	suo	3	16
鎗	qiang	1	2
鎘	li	4	1
鎙	shuo	4	1
鎚	chui	2	2
鎛	bo	2	6
鎜	pan	2	0
鎝	da	1	0
鎞	bi	1	1
鎟	sang	3	0
鎠	gang	1	0
鎡	zi	1	1
鎢	wu	1	1
鎣	ying	2	1
鎤	huang	4	0
鎥	tiao	2	0
鎦	liu	2	1
鎧	kai	3	2
鎨	sun	3	0
鎩	sha	1	0
鎪	sou	1	0
鎫	wan	4	0
鎬	hao	4	12
鎭	zhen	4	8
鎮	zhen	4	40
鎯	lang	2	24
鎰	yi	4	12
鎱	yuan	2	5
鎲	tang	3	6
鎳	nie	4	7
鎴	xi	2	49
鎵	jia	1	20
鎶	ge	1	0
鎷	ma	3	15
鎸	juan	1	0
鎹	song	4	9
鎺	zu	3	0
鎻	suo	3	0
鎼	xia	4	0
鎽	feng	1	0
鎾	wen	1	0
鎿	na	2	0
鏀	lu	3	23
鏁	suo	3	0
鏂	ou	1	41
鏃	zu	2	26
鏄	tuan	2	41
鏅	xiu	1	0
鏆	guan	4	11
鏇	xuan	4	12
鏈	lian	4	55
鏉	shou	4	0
鏊	ao	4	15
鏋	man	3	0
鏌	mo	4	22
鏍	luo	2	22
鏎	bi	4	1
鏏	wei	4	1
鏐	liu	2	2
鏑	di	2	1
鏒	san	3	1
鏓	zong	3	0
鏔	yi	2	1
鏕	lu	4	1
鏖	ao	2	7
鏗	keng	1	2
鏘	qiang	1	1
鏙	cui	1	0
鏚	qi	1	1
鏛	chang	2	0
鏜	tang	1	2
鏝	man	4	9
鏞	yong	1	3
鏟	chan	3	2
鏠	feng	1	0
鏡	jing	4	19
鏢	biao	1	1
鏣	shu	4	1
鏤	lou	4	2
鏥	xiu	4	1
鏦	cong	1	1
鏧	long	2	0
鏨	zan	4	1
鏩	jian	4	0
鏪	cao	2	0
鏫	li	2	0
鏬	xia	4	1
鏭	xi	1	0
鏮	kang	1	1
鏯	shuang	3	0
鏰	beng	4	0
鏱	zhang	5	0
鏲	qian	5	0
鏳	cheng	1	0
鏴	lu	4	0
鏵	hua	2	0
鏶	ji	2	1
鏷	pu	2	0
鏸	hui	4	8
鏹	qiang	3	1
鏺	po	1	0
鏻	lin	2	1
鏼	se	4	0
鏽	xiu	4	2
鏾	san	3	1
鏿	cheng	1	0
鐀	kui	4	1
鐁	si	1	0
鐂	liu	2	0
鐃	nao	2	0
鐄	huang	2	1
鐅	pie	3	0
鐆	sui	4	0
鐇	fan	2	1
鐈	qiao	2	0
鐉	quan	1	0
鐊	yang	2	0
鐋	tang	1	0
鐌	xiang	4	1
鐍	jue	2	2
鐎	jiao	1	27
鐏	zun	1	14
鐐	liao	2	16
鐑	qie	4	10
鐒	lao	2	7
鐓	dui	4	11
鐔	xin	2	19
鐕	zan	1	2
鐖	ji	1	20
鐗	jian	3	0
鐘	zhong	1	24
鐙	deng	4	8
鐚	ya	1	6
鐛	ying	3	0
鐜	dui	1	0
鐝	jue	2	0
鐞	nou	4	0
鐟	zan	1	0
鐠	pu	3	5
鐡	tie	3	7
鐢	fan	2	0
鐣	cheng	1	0
鐤	ding	3	0
鐥	shan	4	6
鐦	kai	1	0
鐧	jian	1	0
鐨	fei	4	50
鐩	sui	4	15
鐪	lu	3	16
鐫	juan	1	5
鐬	hui	4	2
鐭	yu	4	0
鐮	lian	2	7
鐯	zhuo	2	0
鐰	qiao	1	1
鐱	jian	4	0
鐲	zhuo	2	1
鐳	lei	2	1
鐴	bi	4	0
鐵	tie	3	23
鐶	huan	2	1
鐷	ye	4	0
鐸	duo	2	2
鐹	guo	3	4
鐺	dang	1	2
鐻	ju	4	1
鐼	fen	2	0
鐽	da	2	1
鐾	bei	4	3
鐿	yi	4	0
鑀	ai	4	4
鑁	zong	1	0
鑂	xun	4	0
鑃	diao	4	0
鑄	zhu	4	4
鑅	heng	2	1
鑆	zhui	4	0
鑇	ji	1	0
鑈	nie	4	0
鑉	he	2	0
鑊	huo	4	4
鑋	qing	1	2
鑌	bin	1	0
鑍	ying	1	0
鑎	kui	4	0
鑏	ning	2	1
鑐	xu	1	1
鑑	jian	4	9
鑒	jian	4	6
鑓	qian	3	0
鑔	cha	3	0
鑕	zhi	4	1
鑖	mie	4	0
鑗	li	2	1
鑘	lei	2	0
鑙	ji	1	0
鑚	zuan	4	1
鑛	kuang	4	1
鑜	shang	3	0
鑝	peng	2	0
鑞	la	4	0
鑟	du	2	0
鑠	shuo	4	1
鑡	chuo	4	0
鑢	lv	4	0
鑣	biao	1	2
鑤	bao	4	1
鑥	lu	3	0
鑦	xian	5	0
鑧	kuan	1	0
鑨	long	2	2
鑩	e	4	1
鑪	lu	2	1
鑫	xin	1	1415
鑬	jian	4	0
鑭	lan	4	0
鑮	bo	2	1
鑯	jian	1	1
鑰	yao	4	16
鑱	chan	2	14
鑲	xiang	1	7
鑳	jian	4	19
鑴	xi	1	7
鑵	guan	4	3
鑶	cang	2	1
鑷	nie	4	8
鑸	lei	3	7
鑹	cuan	1	0
鑺	qu	2	0
鑻	pan	4	0
鑼	luo	2	6
鑽	zuan	1	14
鑾	luan	2	7
鑿	zao	2	9
钀	nie	4	5
钁	jue	2	3
钂	tang	3	2
钃	zhu	2	6
钄	lan	2	0
钅	jin	1	0
钆	ga	2	8
钇	yi	3	17
针	zhen	1	2103
钉	ding	1	655
钊	zhao	1	187
钋	po	1	15
钌	liao	3	15
钍	tu	3	16
钎	qian	1	49
钏	chuan	4	43
钐	shan	1	7
钑	sa	4	0
钒	fan	2	176
钓	diao	4	857
钔	men	2	4
钕	nv	3	54
钖	yang	2	0
钗	chai	1	207
钘	xing	2	0
钙	gai	4	1165
钚	bu	4	60
钛	tai	4	421
钜	ju	4	92
钝	dun	4	234
钞	chao	1	207
钟	zhong	1	4317
钠	na	4	586
钡	bei	4	86
钢	gang	1	2439
钣	ban	3	14
钤	qian	2	28
钥	yao	4	85
钦	qin	1	675
钧	jun	1	513
钨	wu	1	169
钩	gou	1	775
钪	kang	4	12
钫	fang	1	7
钬	huo	3	11
钭	dou	3	13
钮	niu	3	297
钯	ba	3	47
钰	yu	4	356
钱	qian	2	55755
钲	zheng	1	12
钳	qian	2	201
钴	gu	3	123
钵	bo	1	237
钶	ke	1	7
钷	po	3	2
钸	bu	1	5
钹	bo	2	21
钺	yue	4	75
钻	zuan	1	2213
钼	mu	4	163
钽	tan	3	47
钾	jia	3	484
钿	dian	4	60
铀	you	2	230
铁	tie	3	5369
铂	bo	2	175
铃	ling	2	631
铄	shuo	4	29
铅	qian	1	593
铆	mao	3	68
铇	bao	4	0
铈	shi	4	25
铉	xuan	4	88
铊	ta	1	44
铋	bi	4	43
铌	ni	2	44
铍	pi	2	27
铎	duo	2	163
铏	xing	2	0
铐	kao	4	90
铑	lao	3	36
铒	er	3	30
铓	mang	2	0
铔	ya	1	0
铕	you	3	29
铖	cheng	2	42
铗	jia	2	19
铘	ye	2	14
铙	nao	2	15
铚	zhi	4	0
铛	dang	1	103
铜	tong	2	2344
铝	lv	3	1318
铞	diao	4	9
铟	yin	1	39
铠	kai	3	110
铡	zha	2	44
铢	zhu	1	32
铣	xi	3	67
铤	ting	3	13
铥	diu	1	15
铦	xian	1	0
铧	hua	2	29
铨	quan	2	99
铩	sha	1	7
铪	ha	1	20
铫	diao	4	2
铬	ge	4	278
铭	ming	2	1160
铮	zheng	1	209
铯	se	4	20
铰	jiao	3	60
铱	yi	1	26
铲	chan	3	479
铳	chong	4	35
铴	tang	1	9
铵	an	3	164
银	yin	2	4061
铷	ru	2	11
铸	zhu	4	457
铹	lao	2	3
铺	pu	4	1930
铻	wu	2	0
铼	lai	2	15
铽	te	4	5
链	lian	4	1411
铿	keng	1	65
销	xiao	1	903
锁	suo	3	3122
锂	li	3	127
锃	zeng	4	8
锄	chu	2	133
锅	guo	1	1884
锆	gao	4	58
锇	e	2	15
锈	xiu	4	218
锉	cuo	4	61
锊	lve	4	2
锋	feng	1	1532
锌	xin	1	739
锍	liu	3	6
锎	kai	1	3
锏	jian	3	20
锐	rui	4	699
锑	ti	1	72
锒	lang	2	6
锓	qin	3	3
锔	ju	1	18
锕	a	1	109
锖	qiang	1	4
锗	zhe	3	58
锘	nuo	4	6
错	cuo	4	22088
锚	mao	2	163
锛	ben	1	110
锜	qi	2	0
锝	de	2	94
锞	ke	4	5
锟	kun	1	58
锠	chang	1	0
锡	xi	1	1090
锢	gu	4	13
锣	luo	2	114
锤	chui	2	581
锥	zhui	1	228
锦	jin	3	1647
锧	zhi	4	0
锨	xian	1	17
锩	juan	3	3
锪	huo	1	4
锫	pei	2	4
锬	tan	2	3
锭	ding	4	347
键	jian	4	3306
锯	ju	4	239
锰	meng	3	227
锱	zi	1	5
锲	qie	4	23
锳	ying	1	0
锴	kai	3	58
锵	qiang	1	37
锶	si	1	48
锷	e	4	42
锸	cha	1	5
锹	qiao	1	51
锺	zhong	1	112
锻	duan	4	114
锼	sou	1	3
锽	huang	2	0
锾	huan	2	4
锿	ai	1	3
镀	du	4	200
镁	mei	3	365
镂	lou	4	50
镃	zi	1	0
镄	fei	4	13
镅	mei	2	3
镆	mo	4	9
镇	zhen	4	9073
镈	bo	2	0
镉	ge	2	127
镊	nie	4	13
镋	tang	3	0
镌	juan	1	32
镍	nie	4	307
镎	na	2	2
镏	liu	2	9
镐	gao	3	70
镑	bang	4	244
镒	yi	4	22
镓	jia	1	26
镔	bin	1	61
镕	rong	2	4
镖	biao	1	208
镗	tang	1	48
镘	man	4	5
镙	luo	2	17
镚	beng	4	0
镛	yong	1	57
镜	jing	4	1506
镝	di	1	21
镞	zu	2	17
镟	xuan	4	8
镠	liu	2	0
镡	chan	2	6
镢	jue	2	8
镣	liao	4	18
镤	pu	2	2
镥	lu	3	6
镦	dun	1	10
镧	lan	2	25
镨	pu	3	11
镩	cuan	1	5
镪	qiang	1	16
镫	deng	4	21
镬	huo	4	54
镭	lei	2	109
镮	huan	2	0
镯	zhuo	2	50
镰	lian	2	49
镱	yi	4	39
镲	cha	3	28
镳	biao	1	28
镴	la	4	0
镵	chan	2	0
镶	xiang	1	328
長	zhang	3	84
镸	chang	2	0
镹	jiu	3	0
镺	ao	3	1
镻	die	2	0
镼	qu	1	1
镽	liao	3	0
镾	mi	2	0
长	zhang	3	13911
門	men	2	66
閁	ma	4	0
閂	shuan	1	0
閃	shan	3	12
閄	huo	4	0
閅	men	2	0
閆	yan	2	1
閇	bi	4	1
閈	han	4	1
閉	bi	4	8
閊	shan	1	1
開	kai	1	126
閌	kang	4	0
閍	beng	1	0
閎	hong	2	1
閏	run	4	3
閐	san	4	0
閑	xian	2	9
閒	xian	2	19
間	jian	1	66
閔	min	3	5
閕	xia	1	0
閖	shui	5	3
閗	dou	4	0
閘	zha	2	2
閙	nao	4	7
閚	zhan	1	0
閛	peng	1	0
閜	xia	3	0
閝	ling	2	0
閞	bian	4	4
閟	bi	4	3
閠	run	4	0
閡	ai	4	1
関	guan	1	7
閣	ge	2	14
閤	ge	2	4
閥	fa	2	2
閦	chu	4	0
閧	hong	4	1
閨	gui	1	1
閩	min	3	3
閪	se	1	0
閫	kun	3	26
閬	lang	4	7
閭	lv	2	6
閮	ting	2	16
閯	sha	4	0
閰	ju	2	13
閱	yue	4	9
閲	yue	4	17
閳	chan	3	0
閴	qu	4	0
閵	lin	4	15
閶	chang	1	0
閷	shai	4	1
閸	kun	3	0
閹	yan	1	36
閺	wen	2	51
閻	yan	2	42
閼	e	4	8
閽	hun	1	8
閾	yu	4	14
閿	wen	2	16
闀	hong	4	7
闁	bao	1	0
闂	hong	4	0
闃	qu	4	18
闄	yao	3	0
闅	wen	2	8
闆	ban	3	11
闇	an	4	21
闈	wei	2	22
闉	yin	1	5
闊	kuo	4	10
闋	que	4	3
闌	lan	2	2
闍	du	1	9
闎	quan	2	0
闏	feng	1	0
闐	tian	2	1
闑	nie	4	0
闒	ta	4	0
闓	kai	3	3
闔	he	2	3
闕	que	4	4
闖	chuang	3	6
闗	guan	1	0
闘	dou	4	7
闙	qi	3	0
闚	kui	1	1
闛	tang	2	0
關	guan	1	37
闝	piao	2	0
闞	kan	4	0
闟	xi	4	0
闠	hui	4	1
闡	chan	3	2
闢	pi	4	2
闣	dang	4	0
闤	huan	2	1
闥	ta	4	1
闦	wen	2	0
闧	ta	1	0
门	men	2	14714
闩	shuan	1	20
闪	shan	3	3554
闫	yan	2	508
闬	han	4	0
闭	bi	4	854
问	wen	4	49777
闯	chuang	3	1044
闰	run	4	90
闱	wei	2	14
闲	xian	2	3241
闳	hong	2	24
间	jian	1	10668
闵	min	3	414
闶	kang	4	10
闷	men	4	3034
闸	zha	2	527
闹	nao	4	4470
闺	gui	1	118
闻	wen	2	2526
闼	ta	4	22
闽	min	3	387
闾	lv	2	56
闿	kai	3	0
阀	fa	2	534
阁	ge	2	1399
阂	he	2	28
阃	kun	3	10
阄	jiu	1	10
阅	yue	4	633
阆	lang	4	16
阇	du	1	0
阈	yu	4	41
阉	yan	1	172
阊	chang	1	15
阋	xi	4	8
阌	wen	2	9
阍	hun	1	10
阎	yan	2	583
阏	yan	1	26
阐	chan	3	51
阑	lan	2	321
阒	qu	4	20
阓	hui	4	0
阔	kuo	4	504
阕	que	4	52
阖	he	2	53
阗	tian	2	29
阘	ta	4	0
阙	que	1	239
阚	kan	4	86
阛	huan	2	0
阜	fu	4	237
阝	fu	4	0
阞	le	4	0
队	dui	4	10367
阠	xin	4	0
阡	qian	1	36
阢	wu	4	7
阣	gai	4	1
阤	zhi	4	1
阥	yin	1	0
阦	yang	2	0
阧	dou	3	0
阨	e	4	3
阩	sheng	1	0
阪	ban	3	65
阫	pei	2	0
阬	keng	1	2
阭	yun	3	0
阮	ruan	3	686
阯	zhi	3	5
阰	pi	2	1
阱	jing	3	31
防	fang	2	4470
阳	yang	2	6013
阴	yin	1	2194
阵	zhen	4	1729
阶	jie	1	567
阷	cheng	1	0
阸	e	4	0
阹	qu	1	0
阺	di	3	1
阻	zu	3	638
阼	zuo	4	6
阽	dian	4	1
阾	ling	3	0
阿	a	1	15389
陀	tuo	2	420
陁	tuo	2	0
陂	pi	2	39
陃	bing	3	1
附	fu	4	1595
际	ji	4	451
陆	lu	4	3000
陇	long	3	155
陈	chen	2	12941
陉	xing	2	9
陊	duo	4	1
陋	lou	4	86
陌	mo	4	234
降	jiang	4	3488
陎	shu	1	1
陏	duo	4	1
限	xian	4	1635
陑	er	2	2
陒	gui	3	0
陓	yu	1	1
陔	gai	1	11
陕	shan	3	284
陖	jun	4	0
陗	qiao	4	0
陘	xing	2	4
陙	chun	2	0
陚	fu	4	0
陛	bi	4	58
陜	xia	2	1
陝	shan	3	1
陞	sheng	1	6
陟	zhi	4	22
陠	pu	1	0
陡	dou	3	330
院	yuan	4	3519
陣	zhen	4	28
除	chu	2	8546
陥	xian	4	1
陦	dao	3	0
陧	nie	4	2
陨	yun	3	64
险	xian	3	1551
陪	pei	2	9129
陫	fei	4	0
陬	zou	1	15
陭	yi	4	0
陮	dui	4	0
陯	lun	2	0
陰	yin	1	22
陱	ju	1	0
陲	chui	2	17
陳	chen	2	78
陴	pi	2	5
陵	ling	2	732
陶	tao	2	1708
陷	xian	4	873
陸	lu	4	21
陹	sheng	1	0
険	xian	3	16
陻	yin	1	0
陼	zhu	3	1
陽	yang	2	29
陾	reng	2	2
陿	xia	2	0
隀	chong	2	0
隁	yan	4	0
隂	yin	1	0
隃	shu	4	1
隄	di	1	1
隅	yu	2	132
隆	long	2	1472
隇	wei	1	0
隈	wei	1	16
隉	nie	4	0
隊	dui	4	26
隋	sui	2	339
隌	an	3	0
隍	huang	2	11
階	jie	1	7
随	sui	2	5721
隐	yin	3	1272
隑	gai	4	0
隒	yan	3	0
隓	hui	1	0
隔	ge	2	1866
隕	yun	3	2
隖	wu	4	0
隗	wei	3	25
隘	ai	4	88
隙	xi	4	169
隚	tang	2	0
際	ji	4	5
障	zhang	4	270
隝	dao	3	0
隞	ao	2	0
隟	xi	4	0
隠	yin	3	2
隡	sa	4	1
隢	rao	3	0
隣	lin	2	1
隤	tui	2	2
隥	deng	4	0
隦	jiao	3	0
隧	sui	4	47
隨	sui	2	39
隩	ao	4	1
險	xian	3	9
隫	fen	2	0
隬	ni	3	4
隭	er	2	0
隮	ji	1	1
隯	dao	3	0
隰	xi	2	13
隱	yin	3	14
隲	zhi	4	1
隳	hui	1	16
隴	long	3	2
隵	xi	1	0
隶	li	4	122
隷	li	4	1
隸	li	4	6
隹	zhui	1	17
隺	he	4	0
隻	zhi	1	151
隼	sun	3	86
隽	juan	4	110
难	nan	2	15640
隿	yi	4	0
雀	que	4	469
雁	yan	4	926
雂	qin	2	0
雃	qian	1	0
雄	xiong	2	1845
雅	ya	3	2996
集	ji	2	7498
雇	gu	4	349
雈	huan	2	0
雉	zhi	4	68
雊	gou	4	1
雋	juan	4	2
雌	ci	2	341
雍	yong	1	301
雎	ju	1	25
雏	chu	2	141
雐	hu	1	0
雑	za	2	10
雒	luo	4	49
雓	yu	2	0
雔	chou	2	1
雕	diao	1	593
雖	sui	1	48
雗	han	4	0
雘	wo	4	2
雙	shuang	1	38
雚	guan	4	2
雛	chu	2	2
雜	za	2	18
雝	yong	1	1
雞	ji	1	24
雟	xi	1	1
雠	chou	2	11
雡	liu	4	0
離	li	2	45
難	nan	2	52
雤	xue	2	0
雥	za	2	1
雦	ji	2	0
雧	ji	2	0
雨	yu	3	7744
雩	yu	2	13
雪	xue	3	7151
雫	na	3	3
雬	fou	3	0
雭	se	4	0
雮	mu	4	0
雯	wen	2	911
雰	fen	1	2
雱	pang	1	6
雲	yun	2	95
雳	li	4	10
雴	chi	4	0
雵	yang	1	1
零	ling	2	3091
雷	lei	2	4231
雸	an	2	0
雹	bao	2	35
雺	wu	4	1
電	dian	4	24
雼	dang	4	0
雽	hu	4	1
雾	wu	4	1346
雿	diao	4	0
需	xu	1	6368
霁	ji	4	171
霂	mu	4	3
霃	chen	2	0
霄	xiao	1	271
霅	zha	4	4
霆	ting	2	243
震	zhen	4	1549
霈	pei	4	46
霉	mei	2	516
霊	ling	2	5
霋	qi	1	0
霌	zhou	1	0
霍	huo	4	1049
霎	sha	4	19
霏	fei	1	119
霐	hong	2	1
霑	zhan	1	14
霒	yin	1	1
霓	ni	2	145
霔	zhu	4	0
霕	tun	2	0
霖	lin	2	722
霗	ling	2	0
霘	dong	4	0
霙	ying	1	2
霚	wu	4	0
霛	ling	2	0
霜	shuang	1	1629
霝	ling	2	2
霞	xia	2	1240
霟	hong	2	1
霠	yin	1	1
霡	mai	4	0
霢	mai	4	1
霣	yun	3	0
霤	liu	4	1
霥	meng	4	0
霦	bin	1	0
霧	wu	4	10
霨	wei	4	2
霩	kuo	4	0
霪	yin	2	20
霫	xi	2	1
霬	yi	4	0
霭	ai	3	78
霮	dan	4	0
霯	teng	4	0
霰	xian	4	32
霱	yu	4	0
露	lu	4	2148
霳	long	2	0
霴	dai	4	0
霵	ji	2	0
霶	pang	1	0
霷	yang	2	0
霸	ba	4	793
霹	pi	1	24
霺	wei	2	1
霻	feng	1	0
霼	xi	4	0
霽	ji	4	1
霾	mai	2	80
霿	meng	2	1
靀	meng	2	0
靁	lei	2	0
靂	li	4	0
靃	huo	4	1
靄	ai	3	1
靅	fei	4	0
靆	dai	4	0
靇	long	2	0
靈	ling	2	35
靉	ai	4	2
靊	feng	1	0
靋	li	4	1
靌	bao	3	0
靍	he	4	1
靎	he	4	0
靏	he	4	0
靐	bing	4	0
靑	qing	1	7
青	qing	1	5178
靓	jing	4	1509
靔	tian	1	0
靕	zhen	1	0
靖	jing	4	628
靗	cheng	1	0
靘	qing	4	1
静	jing	4	4902
靚	jing	4	31
靛	dian	4	79
靜	jing	4	42
靝	tian	1	0
非	fei	1	17475
靟	fei	1	0
靠	kao	4	30617
靡	mi	2	134
面	mian	4	13022
靣	mian	4	0
靤	bao	4	0
靥	ye	4	35
靦	tian	3	0
靧	hui	4	0
靨	ye	4	2
革	ge	2	540
靪	ding	1	0
靫	cha	2	1
靬	qian	2	7
靭	ren	4	1
靮	di	2	0
靯	du	4	0
靰	wu	4	3
靱	ren	4	0
靲	qin	2	3
靳	jin	4	311
靴	xue	1	279
靵	niu	3	0
靶	ba	3	186
靷	yin	3	2
靸	sa	3	2
靹	na	4	2
靺	mo	4	8
靻	zu	3	1
靼	da	2	9
靽	ban	4	0
靾	yi	4	1
靿	yao	4	1
鞀	tao	2	1
鞁	bei	4	1
鞂	jie	1	0
鞃	hong	2	0
鞄	pao	2	1
鞅	yang	1	38
鞆	bing	3	1
鞇	yin	1	0
鞈	ge	2	1
鞉	tao	2	0
鞊	jie	2	0
鞋	xie	2	3364
鞌	an	1	0
鞍	an	1	580
鞎	hen	2	3
鞏	gong	3	3
鞐	qia	3	1
鞑	da	2	20
鞒	qiao	2	5
鞓	ting	1	0
鞔	man	2	8
鞕	ying	4	0
鞖	sui	1	0
鞗	tiao	2	1
鞘	qiao	4	166
鞙	xuan	4	2
鞚	kong	4	3
鞛	beng	3	0
鞜	ta	4	0
鞝	shang	4	1
鞞	bing	3	10
鞟	kuo	4	0
鞠	ju	1	227
鞡	la	5	3
鞢	xie	4	1
鞣	rou	2	15
鞤	bang	1	2
鞥	eng	1	231
鞦	qiu	1	1
鞧	qiu	1	0
鞨	he	2	12
鞩	qiao	4	0
鞪	mu	4	0
鞫	ju	1	7
鞬	jian	1	2
鞭	bian	1	530
鞮	di	1	6
鞯	jian	1	11
鞰	wen	1	0
鞱	tao	1	0
鞲	gou	1	5
鞳	ta	4	1
鞴	bei	4	3
鞵	xie	2	0
鞶	pan	2	5
鞷	ge	2	0
鞸	bi	4	0
鞹	kuo	4	1
鞺	tang	1	0
鞻	lou	2	1
鞼	gui	4	0
鞽	qiao	2	0
鞾	xue	1	0
鞿	ji	1	1
韀	jian	1	0
韁	jiang	1	1
韂	chan	4	0
韃	da	2	1
韄	hu	4	0
韅	xian	3	0
韆	qian	1	1
韇	du	2	0
韈	wa	4	1
韉	jian	1	0
韊	lan	2	0
韋	wei	2	10
韌	ren	4	4
韍	fu	2	0
韎	mei	4	1
韏	quan	4	0
韐	ge	2	1
韑	wei	3	0
韒	qiao	4	0
韓	han	2	25
韔	chang	4	1
韕	kuo	4	0
韖	rou	3	0
韗	yun	4	0
韘	she	4	2
韙	wei	3	0
韚	ge	2	0
韛	bai	4	0
韜	tao	1	3
韝	gou	1	1
韞	yun	4	1
韟	gao	1	2
韠	bi	4	0
韡	wei	3	5
韢	sui	4	0
韣	du	2	1
韤	wa	4	0
韥	du	2	1
韦	wei	2	1349
韧	ren	4	230
韨	fu	2	0
韩	han	2	4279
韪	wei	3	13
韫	yun	4	44
韬	tao	1	188
韭	jiu	3	56
韮	jiu	3	1
韯	xian	1	0
韰	xie	4	0
韱	xian	1	1
韲	ji	1	0
音	yin	1	3290
韴	za	2	0
韵	yun	4	1115
韶	shao	2	210
韷	le	4	0
韸	peng	2	1
韹	huang	2	1
韺	ying	1	1
韻	yun	4	15
韼	peng	2	0
韽	an	1	1
韾	yin	1	1
響	xiang	3	15
頀	hu	4	0
頁	ye	4	18
頂	ding	3	55
頃	qing	3	4
頄	kui	2	1
項	xiang	4	14
順	shun	4	25
頇	han	1	1
須	xu	1	36
頉	yi	2	0
頊	xu	1	1
頋	e	3	0
頌	song	4	8
頍	kui	3	1
頎	qi	2	0
頏	hang	2	0
預	yu	4	6
頑	wan	2	5
頒	ban	1	3
頓	dun	4	13
頔	di	2	1
頕	dan	1	0
頖	pan	4	2
頗	po	1	12
領	ling	3	19
頙	che	4	0
頚	jing	3	0
頛	lei	4	0
頜	he	2	1
頝	qiao	1	0
頞	e	4	1
頟	e	2	0
頠	wei	3	3
頡	xie	2	1
頢	kuo	4	0
頣	shen	3	0
頤	yi	2	4
頥	yi	2	0
頦	hai	2	1
頧	dui	3	0
頨	yu	3	0
頩	ping	1	1
頪	lei	4	0
頫	fu	3	25
頬	jia	2	1
頭	tou	2	95
頮	hui	4	0
頯	kui	2	0
頰	jia	2	3
頱	luo	1	0
頲	ting	3	1
頳	cheng	1	0
頴	ying	3	1
頵	yun	1	3
頶	hu	2	0
頷	han	4	1
頸	jing	3	8
頹	tui	2	3
頺	tui	2	0
頻	pin	2	9
頼	lai	4	2
頽	tui	2	1
頾	zi	1	0
頿	zi	1	0
顀	chui	2	0
顁	ding	4	2
顂	lai	4	0
顃	tan	2	1
顄	han	4	1
顅	qian	1	1
顆	ke	1	9
顇	cui	4	0
顈	xuan	3	0
顉	qin	1	1
顊	yi	2	0
顋	sai	1	0
題	ti	2	24
額	e	2	17
顎	e	4	7
顏	yan	2	20
顐	wen	4	5
顑	kan	3	5
顒	yong	2	25
顓	zhuan	1	7
顔	yan	2	13
顕	xian	3	5
顖	xin	4	0
顗	yi	3	10
願	yuan	4	41
顙	sang	3	1
顚	dian	1	0
顛	dian	1	6
顜	jiang	3	1
顝	kui	1	1
類	lei	4	46
顟	lao	2	0
顠	piao	3	1
顡	wai	4	0
顢	man	2	9
顣	cu	4	3
顤	yao	2	1
顥	hao	4	5
顦	qiao	2	0
顧	gu	4	18
顨	xun	4	0
顩	yan	3	3
顪	hui	4	1
顫	chan	4	9
顬	ru	2	0
顭	meng	2	0
顮	bin	1	0
顯	xian	3	16
顰	pin	2	1
顱	lu	2	1
顲	lan	3	0
顳	nie	4	0
顴	quan	2	2
页	ye	4	24679
顶	ding	3	12733
顷	qing	3	108
顸	han	1	15
项	xiang	4	4675
顺	shun	4	3004
须	xu	1	5622
顼	xu	1	21
顽	wan	2	106
顾	gu	4	3015
顿	dun	4	1820
颀	qi	2	39
颁	ban	1	177
颂	song	4	482
颃	hang	2	2
预	yu	4	1313
颅	lu	2	125
领	ling	3	4061
颇	po	1	1077
颈	jing	3	767
颉	jie	2	64
颊	jia	2	146
颋	ting	3	0
颌	he	2	81
颍	ying	3	79
颎	jiong	3	0
颏	ke	1	34
颐	yi	2	359
频	pin	2	806
颒	hui	4	0
颓	tui	2	125
颔	han	4	18
颕	ying	3	0
颖	ying	3	949
颗	ke	1	1246
题	ti	2	4442
颙	yong	2	0
颚	e	4	69
颛	zhuan	1	12
颜	yan	2	1613
额	e	2	12039
颞	nie	4	62
颟	man	1	13
颠	dian	1	740
颡	sang	3	7
颢	hao	4	59
颣	lei	4	0
颤	chan	4	379
颥	ru	2	1
颦	pin	2	87
颧	quan	2	30
風	feng	1	79
颩	biao	1	7
颪	gua	1	1
颫	fu	2	0
颬	xia	1	0
颭	zhan	3	1
颮	biao	1	0
颯	sa	4	3
颰	ba	2	0
颱	tai	2	1
颲	lie	4	1
颳	gua	1	0
颴	xuan	4	0
颵	shao	1	0
颶	ju	4	1
颷	biao	1	0
颸	si	1	3
颹	wei	3	0
颺	yang	2	1
颻	yao	2	2
颼	sou	1	0
颽	kai	3	1
颾	sou	1	0
颿	fan	1	0
飀	liu	2	0
飁	xi	2	1
飂	liu	4	0
飃	piao	1	2
飄	piao	1	13
飅	liu	2	0
飆	biao	1	6
飇	biao	1	0
飈	biao	1	0
飉	liao	2	0
飊	biao	1	0
飋	se	4	0
飌	feng	1	0
飍	xiu	1	0
风	feng	1	12099
飏	yang	2	0
飐	zhan	3	0
飑	biao	1	13
飒	sa	4	92
飓	ju	4	9
飔	si	1	0
飕	sou	1	8
飖	yao	2	0
飗	liu	2	0
飘	piao	1	2376
飙	biao	1	443
飚	biao	1	261
飛	fei	1	59
飜	fan	1	1
飝	fei	1	0
飞	fei	1	11468
食	shi	2	3981
飠	shi	2	0
飡	can	1	1
飢	ji	1	2
飣	ding	4	1
飤	si	4	0
飥	tuo	1	4
飦	zhan	1	0
飧	sun	1	15
飨	xiang	3	72
飩	tun	2	0
飪	ren	4	0
飫	yu	4	0
飬	juan	4	0
飭	chi	4	2
飮	yin	3	2
飯	fan	4	48
飰	fan	4	0
飱	sun	1	0
飲	yin	3	21
飳	tou	3	0
飴	yi	2	1
飵	zuo	4	0
飶	bi	4	0
飷	jie	3	0
飸	tao	1	0
飹	bao	3	0
飺	ci	2	0
飻	tie	4	0
飼	si	4	2
飽	bao	3	12
飾	shi	4	34
飿	duo	4	0
餀	hai	4	0
餁	ren	4	0
餂	tian	3	1
餃	jiao	3	1
餄	jia	2	0
餅	bing	3	13
餆	yao	2	0
餇	tong	2	0
餈	ci	2	0
餉	xiang	3	2
養	yang	3	31
餋	juan	4	0
餌	er	3	4
餍	yan	4	9
餎	le	5	0
餏	xi	1	0
餐	can	1	1272
餑	bo	1	0
餒	nei	3	1
餓	e	4	19
餔	bu	4	3
餕	jun	4	1
餖	dou	4	1
餗	su	4	2
餘	yu	2	17
餙	shi	4	0
餚	yao	2	0
餛	hun	2	0
餜	guo	3	0
餝	shi	4	0
餞	jian	4	1
餟	zhui	4	1
餠	bing	3	2
餡	xian	4	3
餢	bu	4	0
餣	ye	4	0
餤	tan	2	1
餥	fei	1	0
餦	zhang	1	0
餧	wei	4	1
館	guan	3	23
餩	e	4	0
餪	nuan	3	0
餫	yun	4	3
餬	hu	2	0
餭	huang	2	0
餮	tie	4	11
餯	hui	4	0
餰	jian	1	0
餱	hou	2	0
餲	ai	4	0
餳	tang	2	0
餴	fen	1	0
餵	wei	4	6
餶	gu	3	0
餷	cha	1	0
餸	song	4	0
餹	tang	2	0
餺	bo	2	1
餻	gao	1	0
餼	xi	4	1
餽	kui	4	1
餾	liu	4	1
餿	sou	1	1
饀	tao	2	0
饁	ye	4	0
饂	wen	1	0
饃	mo	2	1
饄	tang	2	0
饅	man	2	0
饆	bi	4	0
饇	yu	4	0
饈	xiu	1	0
饉	jin	3	0
饊	san	3	0
饋	kui	4	2
饌	zhuan	4	1
饍	shan	4	1
饎	chi	4	0
饏	dan	4	0
饐	yi	4	0
饑	ji	1	3
饒	rao	2	4
饓	cheng	1	0
饔	yong	1	13
饕	tao	1	19
饖	wei	4	0
饗	xiang	3	2
饘	zhan	1	1
饙	fen	1	0
饚	hai	4	0
饛	meng	2	1
饜	yan	4	14
饝	mo	2	0
饞	chan	2	3
饟	xiang	3	1
饠	luo	2	0
饡	zan	4	0
饢	nang	2	0
饣	shi	2	79
饤	ding	4	0
饥	ji	1	197
饦	tuo	1	0
饧	xing	2	12
饨	tun	2	9
饩	xi	4	11
饪	ren	4	6
饫	yu	4	6
饬	chi	4	24
饭	fan	4	11199
饮	yin	3	2026
饯	jian	4	23
饰	shi	4	1525
饱	bao	3	1411
饲	si	4	154
饳	duo	4	0
饴	yi	2	23
饵	er	3	167
饶	rao	2	730
饷	xiang	3	71
饸	he	2	0
饹	le	5	0
饺	jiao	3	75
饻	xi	1	0
饼	bing	3	1276
饽	bo	1	5
饾	dou	4	0
饿	e	4	8284
馀	yu	2	209
馁	nei	3	47
馂	jun	4	0
馃	guo	3	0
馄	hun	2	15
馅	xian	4	450
馆	guan	3	2318
馇	cha	1	3
馈	kui	4	85
馉	gu	3	0
馊	sou	1	86
馋	chan	2	362
馌	ye	4	0
馍	mo	2	169
馎	bo	2	0
馏	liu	2	26
馐	xiu	1	11
馑	jin	3	6
馒	man	2	26
馓	san	3	5
馔	zhuan	4	38
馕	nang	2	47
首	shou	3	4344
馗	kui	2	12
馘	guo	2	7
香	xiang	1	6204
馚	fen	2	0
馛	bo	2	0
馜	ni	3	1
馝	bi	4	0
馞	bo	2	0
馟	tu	2	0
馠	han	1	0
馡	fei	1	4
馢	jian	1	0
馣	an	1	1
馤	ai	4	0
馥	fu	4	120
馦	xian	1	0
馧	yun	1	1
馨	xin	1	1521
馩	fen	2	0
馪	pin	1	0
馫	xin	1	1
馬	ma	3	78
馭	yu	4	2
馮	feng	2	9
馯	han	4	0
馰	di	2	1
馱	tuo	2	7
馲	zhe	2	0
馳	chi	2	6
馴	xun	2	2
馵	zhu	4	1
馶	zhi	1	0
馷	pei	4	0
馸	xin	4	0
馹	ri	4	5
馺	sa	4	1
馻	yun	3	1
馼	wen	2	3
馽	zhi	2	0
馾	dan	4	0
馿	lv	2	0
駀	you	2	0
駁	bo	2	5
駂	bao	3	0
駃	jue	2	3
駄	tuo	2	2
駅	yi	4	6
駆	qu	1	1
駇	wen	2	0
駈	qu	1	0
駉	jiong	1	1
駊	po	3	0
駋	zhao	1	0
駌	yuan	1	2
駍	pei	2	0
駎	zhou	4	0
駏	ju	4	1
駐	zhu	4	11
駑	nu	2	1
駒	ju	1	2
駓	pi	1	0
駔	zang	3	1
駕	jia	4	9
駖	ling	2	0
駗	zhen	3	0
駘	tai	2	1
駙	fu	4	4
駚	yang	3	0
駛	shi	3	7
駜	bi	4	1
駝	tuo	2	4
駞	tuo	2	0
駟	si	4	1
駠	liu	2	0
駡	ma	4	0
駢	pian	2	0
駣	tao	2	1
駤	zhi	4	0
駥	rong	2	0
駦	teng	2	0
駧	dong	4	0
駨	xun	1	0
駩	quan	1	0
駪	shen	1	1
駫	jiong	1	0
駬	er	3	1
駭	hai	4	7
駮	bo	2	2
駯	zhu	1	0
駰	yin	1	1
駱	luo	4	2
駲	zhou	1	0
駳	dan	4	0
駴	hai	4	1
駵	liu	2	0
駶	ju	2	1
駷	song	3	1
駸	qin	1	2
駹	mang	2	1
駺	lang	2	1
駻	han	4	1
駼	tu	2	1
駽	xuan	1	0
駾	tui	4	0
駿	jun	4	4
騀	e	3	0
騁	cheng	3	1
騂	xing	1	1
騃	ai	2	1
騄	lu	4	3
騅	zhui	1	1
騆	zhou	1	0
騇	she	4	0
騈	pian	2	0
騉	kun	1	1
騊	tao	2	1
騋	lai	2	3
騌	zong	1	0
騍	ke	4	1
騎	qi	2	16
騏	qi	2	5
騐	yan	4	0
騑	fei	1	3
騒	sao	1	2
験	yan	4	12
騔	ge	2	0
騕	yao	3	2
騖	wu	4	1
騗	pian	4	0
騘	cong	1	0
騙	pian	4	16
騚	qian	2	0
騛	fei	1	1
騜	huang	2	0
騝	qian	2	1
騞	huo	1	1
騟	yu	2	0
騠	ti	2	1
騡	quan	2	0
騢	xia	2	0
騣	zong	1	1
騤	kui	2	1
騥	rou	2	1
騦	si	1	0
騧	gua	1	2
騨	tuo	2	1
騩	gui	1	4
騪	sou	1	0
騫	qian	1	2
騬	cheng	2	0
騭	zhi	4	0
騮	liu	2	1
騯	peng	2	0
騰	teng	2	7
騱	xi	2	0
騲	cao	3	2
騳	du	2	0
騴	yan	4	0
騵	yuan	2	1
騶	zou	1	1
騷	sao	1	14
騸	shan	4	1
騹	qi	2	4
騺	zhi	4	1
騻	shuang	1	0
騼	lu	4	0
騽	xi	2	0
騾	luo	2	0
騿	zhang	1	0
驀	mo	4	1
驁	ao	4	1
驂	can	1	1
驃	biao	1	2
驄	cong	1	2
驅	qu	1	3
驆	bi	4	0
驇	zhi	4	0
驈	yu	4	0
驉	xu	1	0
驊	hua	2	1
驋	bo	1	0
驌	su	4	1
驍	xiao	1	1
驎	lin	2	4
驏	zhan	4	0
驐	dun	1	0
驑	liu	2	0
驒	tuo	2	1
驓	ceng	2	1
驔	dian	4	0
驕	jiao	1	5
驖	tie	3	0
驗	yan	4	7
驘	luo	2	0
驙	zhan	1	0
驚	jing	1	24
驛	yi	4	3
驜	ye	4	0
驝	tuo	1	0
驞	pin	1	0
驟	zhou	4	2
驠	yan	4	0
驡	long	2	0
驢	lv	2	5
驣	teng	2	0
驤	xiang	1	1
驥	ji	4	2
驦	shuang	1	1
驧	ju	2	0
驨	xi	2	0
驩	huan	1	7
驪	li	2	1
驫	biao	1	0
马	ma	3	12498
驭	yu	4	87
驮	tuo	2	148
驯	xun	4	87
驰	chi	2	454
驱	qu	1	570
驲	ri	4	0
驳	bo	2	263
驴	lv	2	1162
驵	zang	3	8
驶	shi	3	287
驷	si	4	43
驸	fu	4	14
驹	ju	1	137
驺	zou	1	23
驻	zhu	4	2132
驼	tuo	2	200
驽	nu	2	44
驾	jia	4	564
驿	yi	4	217
骀	dai	4	29
骁	xiao	1	119
骂	ma	4	9163
骃	yin	1	0
骄	jiao	1	193
骅	hua	2	109
骆	luo	4	508
骇	hai	4	122
骈	pian	2	39
骉	biao	1	0
骊	li	2	124
骋	cheng	3	56
验	yan	4	720
骍	xing	1	0
骎	qin	1	0
骏	jun	4	469
骐	qi	2	106
骑	qi	2	2295
骒	ke	4	7
骓	zhui	1	25
骔	zong	1	0
骕	su	4	0
骖	can	1	15
骗	pian	4	5243
骘	zhi	4	13
骙	kui	2	0
骚	sao	1	1022
骛	wu	4	27
骜	ao	4	27
骝	liu	2	19
骞	qian	1	121
骟	shan	4	22
骠	biao	1	38
骡	luo	2	66
骢	cong	1	32
骣	chan	3	2
骤	zhou	4	190
骥	ji	4	147
骦	shuang	1	0
骧	xiang	1	34
骨	gu	3	2332
骩	wei	3	0
骪	wei	3	0
骫	wei	3	0
骬	yu	2	0
骭	gan	4	1
骮	yi	4	0
骯	ang	1	1
骰	tou	2	48
骱	jie	4	4
骲	bao	4	0
骳	bei	4	1
骴	ci	1	1
骵	ti	3	0
骶	di	3	93
骷	ku	1	11
骸	hai	2	62
骹	qiao	1	2
骺	hou	2	17
骻	kua	4	1
骼	ge	2	10
骽	tui	3	0
骾	geng	3	0
骿	pian	2	0
髀	bi	4	13
髁	ke	1	48
髂	qia	4	52
髃	yu	2	0
髄	sui	3	1
髅	lou	2	5
髆	bo	2	1
髇	xiao	1	1
髈	bang	3	0
髉	bo	2	0
髊	ci	1	0
髋	kuan	1	45
髌	bin	4	13
髍	mo	2	0
髎	liao	2	0
髏	lou	2	0
髐	xiao	1	1
髑	du	2	3
髒	zang	1	14
髓	sui	3	316
體	ti	3	42
髕	bin	4	0
髖	kuan	1	0
髗	lu	2	0
高	gao	1	45167
髙	gao	1	11
髚	qiao	4	0
髛	kao	1	0
髜	qiao	3	0
髝	lao	2	0
髞	sao	4	1
髟	biao	1	2
髠	kun	1	0
髡	kun	1	14
髢	di	2	0
髣	fang	3	0
髤	xiu	1	0
髥	ran	2	0
髦	mao	2	19
髧	dan	4	1
髨	kun	1	0
髩	bin	4	0
髪	fa	4	8
髫	tiao	2	4
髬	pi	1	0
髭	zi	1	13
髮	fa	4	26
髯	ran	2	67
髰	ti	4	0
髱	bao	4	0
髲	bi	4	1
髳	mao	2	0
髴	fu	2	1
髵	er	2	0
髶	rong	2	0
髷	qu	1	1
髸	gong	1	0
髹	xiu	1	7
髺	kuo	4	0
髻	ji	4	116
髼	peng	2	0
髽	zhua	1	0
髾	shao	1	1
髿	suo	1	0
鬀	ti	4	0
鬁	li	4	0
鬂	bin	4	0
鬃	zong	1	72
鬄	di	2	0
鬅	peng	2	1
鬆	song	1	9
鬇	zheng	1	0
鬈	quan	2	8
鬉	zong	1	0
鬊	shun	4	0
鬋	jian	3	0
鬌	tuo	3	0
鬍	hu	2	1
鬎	la	4	3
鬏	jiu	1	4
鬐	qi	2	3
鬑	lian	2	1
鬒	zhen	3	1
鬓	bin	4	180
鬔	peng	2	0
鬕	ma	4	1
鬖	san	1	1
鬗	man	2	0
鬘	man	2	14
鬙	seng	1	0
鬚	xu	1	3
鬛	lie	4	0
鬜	qian	1	0
鬝	qian	1	0
鬞	nang	2	0
鬟	huan	2	37
鬠	kuo	4	0
鬡	ning	2	0
鬢	bin	4	4
鬣	lie	4	20
鬤	rang	2	0
鬥	dou	4	16
鬦	dou	4	0
鬧	nao	4	16
鬨	hong	4	1
鬩	xi	4	1
鬪	dou	4	2
鬫	han	3	0
鬬	dou	4	0
鬭	dou	4	0
鬮	jiu	1	0
鬯	chang	4	8
鬰	yu	4	0
鬱	yu	4	6
鬲	ge	2	13
鬳	yan	4	0
鬴	fu	3	0
鬵	qin	2	0
鬶	gui	1	0
鬷	zong	1	1
鬸	liu	4	0
鬹	gui	1	0
鬺	shang	1	0
鬻	yu	4	25
鬼	gui	3	6652
鬽	mei	4	0
鬾	ji	4	1
鬿	qi	2	1
魀	ga	4	0
魁	kui	2	318
魂	hun	2	1506
魃	ba	2	15
魄	po	4	213
魅	mei	4	313
魆	xu	1	1
魇	yan	3	41
魈	xiao	1	13
魉	liang	3	18
魊	yu	4	2
魋	tui	2	2
魌	qi	1	1
魍	wang	3	10
魎	liang	3	1
魏	wei	4	2238
魐	gan	1	0
魑	chi	1	9
魒	piao	1	1
魓	bi	4	0
魔	mo	2	2922
魕	ji	3	0
魖	xu	1	1
魗	chou	3	0
魘	yan	3	1
魙	zhan	1	1
魚	yu	2	70
魛	dao	1	4
魜	ren	2	0
魝	jie	2	0
魞	ba	1	0
魟	hong	2	5
魠	tuo	1	0
魡	diao	4	4
魢	ji	3	0
魣	xu	4	0
魤	e	2	1
魥	e	4	0
魦	sha	1	1
魧	hang	2	1
魨	tun	2	1
魩	mo	4	0
魪	jie	4	0
魫	shen	3	0
魬	ban	3	0
魭	yuan	2	0
魮	pi	2	0
魯	lu	3	15
魰	wen	2	2
魱	hu	2	0
魲	lu	2	0
魳	za	1	0
魴	fang	2	2
魵	fen	2	1
魶	na	4	1
魷	you	2	1
魸	pian	4	0
魹	mo	2	0
魺	he	2	1
魻	xia	2	1
魼	qu	1	1
魽	han	2	1
魾	pi	1	0
魿	ling	2	0
鮀	tuo	2	5
鮁	bo	1	0
鮂	qiu	2	0
鮃	ping	2	1
鮄	fu	2	0
鮅	bi	4	0
鮆	ci	3	1
鮇	wei	4	1
鮈	ju	1	2
鮉	diao	1	0
鮊	ba	4	0
鮋	you	2	0
鮌	gun	3	0
鮍	pi	1	0
鮎	nian	2	3
鮏	xing	1	2
鮐	tai	2	0
鮑	bao	4	8
鮒	fu	4	1
鮓	zha	3	2
鮔	ju	4	0
鮕	gu	1	1
鮖	shi	2	0
鮗	dong	1	1
鮘	dai	5	0
鮙	ta	4	0
鮚	jie	2	1
鮛	shu	1	0
鮜	hou	4	0
鮝	xiang	3	0
鮞	er	2	1
鮟	an	4	2
鮠	wei	2	3
鮡	zhao	4	1
鮢	zhu	1	0
鮣	yin	4	0
鮤	lie	4	0
鮥	luo	4	1
鮦	tong	2	1
鮧	ti	3	0
鮨	yi	4	1
鮩	bing	4	0
鮪	wei	3	1
鮫	jiao	1	1
鮬	ku	1	0
鮭	gui	1	13
鮮	xian	1	8
鮯	ge	2	0
鮰	hui	2	0
鮱	lao	3	1
鮲	fu	2	0
鮳	kao	4	0
鮴	xiu	1	0
鮵	duo	2	0
鮶	jun	1	1
鮷	ti	2	0
鮸	mian	3	3
鮹	shao	1	0
鮺	zha	3	0
鮻	suo	1	4
鮼	qin	1	0
鮽	yu	2	0
鮾	nei	3	0
鮿	zhe	2	0
鯀	gun	3	1
鯁	geng	3	1
鯂	su	1	0
鯃	wu	2	1
鯄	qiu	2	0
鯅	shan	1	0
鯆	pu	1	1
鯇	huan	4	0
鯈	tiao	2	1
鯉	li	3	2
鯊	sha	1	6
鯋	sha	1	0
鯌	kao	4	0
鯍	meng	2	0
鯎	cheng	2	0
鯏	li	2	0
鯐	zou	3	0
鯑	xi	1	1
鯒	yong	3	0
鯓	shen	1	1
鯔	zi	1	0
鯕	qi	2	0
鯖	zheng	1	1
鯗	xiang	3	0
鯘	nei	3	0
鯙	chun	2	0
鯚	ji	4	0
鯛	diao	1	3
鯜	qie	4	0
鯝	gu	4	0
鯞	zhou	3	0
鯟	dong	1	0
鯠	lai	2	1
鯡	fei	4	1
鯢	ni	2	1
鯣	yi	4	0
鯤	kun	1	1
鯥	lu	4	0
鯦	jiu	4	0
鯧	chang	1	1
鯨	jing	1	3
鯩	lun	2	0
鯪	ling	2	1
鯫	zou	1	0
鯬	li	2	0
鯭	meng	3	0
鯮	zong	1	0
鯯	zhi	4	0
鯰	nian	2	1
鯱	hu	3	1
鯲	yu	2	0
鯳	di	3	0
鯴	shi	1	0
鯵	shen	1	0
鯶	huan	4	0
鯷	ti	2	1
鯸	hou	2	0
鯹	xing	1	0
鯺	zhu	1	0
鯻	la	4	0
鯼	zong	1	0
鯽	zei	2	1
鯾	bian	1	0
鯿	bian	1	0
鰀	huan	4	0
鰁	quan	2	0
鰂	zei	2	0
鰃	wei	1	0
鰄	wei	1	0
鰅	yu	2	0
鰆	chun	1	0
鰇	rou	2	1
鰈	die	2	1
鰉	huang	2	1
鰊	lian	4	1
鰋	yan	3	1
鰌	qiu	1	0
鰍	qiu	1	1
鰎	jian	3	0
鰏	bi	1	0
鰐	e	4	1
鰑	yang	2	0
鰒	fu	4	1
鰓	sai	1	1
鰔	gan	3	1
鰕	xia	1	2
鰖	tuo	3	0
鰗	hu	2	1
鰘	shi	4	0
鰙	ruo	4	0
鰚	xuan	1	0
鰛	wen	1	4
鰜	qian	4	2
鰝	hao	4	0
鰞	wu	1	0
鰟	fang	2	0
鰠	sao	1	0
鰡	liu	2	1
鰢	ma	3	0
鰣	shi	2	1
鰤	shi	1	1
鰥	guan	1	1
鰦	zi	1	0
鰧	teng	2	0
鰨	ta	3	1
鰩	yao	2	1
鰪	e	2	0
鰫	yong	2	0
鰬	qian	2	0
鰭	qi	2	2
鰮	wen	1	0
鰯	ruo	4	1
鰰	shen	2	15
鰱	lian	2	0
鰲	ao	2	2
鰳	le	4	18
鰴	hui	1	0
鰵	min	3	0
鰶	ji	4	1
鰷	tiao	2	1
鰸	qu	1	0
鰹	jian	1	1
鰺	shen	1	1
鰻	man	2	1
鰼	xi	2	1
鰽	qiu	2	1
鰾	biao	4	0
鰿	ji	4	0
鱀	ji	4	0
鱁	zhu	2	0
鱂	jiang	1	0
鱃	xiu	1	0
鱄	zhuan	1	1
鱅	yong	1	0
鱆	zhang	1	0
鱇	kang	1	0
鱈	xue	3	1
鱉	bie	1	1
鱊	yu	4	1
鱋	qu	1	0
鱌	xiang	4	1
鱍	bo	1	0
鱎	jiao	3	0
鱏	xun	2	0
鱐	su	4	0
鱑	huang	2	0
鱒	zun	1	0
鱓	shan	4	0
鱔	shan	4	1
鱕	fan	1	0
鱖	gui	4	1
鱗	lin	2	2
鱘	xun	2	1
鱙	miao	2	0
鱚	xi	3	1
鱛	zeng	1	0
鱜	xiang	1	0
鱝	fen	4	0
鱞	guan	1	0
鱟	hou	4	0
鱠	kuai	4	2
鱡	zei	2	0
鱢	sao	1	0
鱣	zhan	1	1
鱤	gan	3	0
鱥	gui	4	0
鱦	ying	4	0
鱧	li	3	1
鱨	chang	2	0
鱩	lei	2	0
鱪	shu	3	0
鱫	ai	4	0
鱬	ru	2	0
鱭	ji	4	1
鱮	xu	4	1
鱯	hu	4	0
鱰	shu	3	0
鱱	li	4	0
鱲	lie	4	0
鱳	li	4	1
鱴	mie	4	0
鱵	zhen	1	1
鱶	xiang	3	0
鱷	e	4	2
鱸	lu	2	1
鱹	guan	4	0
鱺	li	2	0
鱻	xian	1	0
鱼	yu	2	9175
鱽	dao	1	0
鱾	ji	3	0
鱿	you	2	17
鲀	tun	2	0
鲁	lu	3	2347
鲂	fang	2	12
鲃	ba	1	0
鲄	he	2	0
鲅	ba	4	5
鲆	ping	2	18
鲇	nian	2	19
鲈	lu	2	28
鲉	you	2	0
鲊	zha	3	0
鲋	fu	4	13
鲌	bo	2	0
鲍	bao	4	607
鲎	hou	4	17
鲏	pi	2	0
鲐	tai	2	5
鲑	gui	1	24
鲒	jie	2	3
鲓	kao	4	0
鲔	wei	3	4
鲕	er	2	4
鲖	tong	2	0
鲗	zei	2	0
鲘	hou	4	0
鲙	kuai	4	0
鲚	ji	4	4
鲛	jiao	1	35
鲜	xian	1	1571
鲝	zha	3	0
鲞	xiang	3	9
鲟	xun	2	29
鲠	geng	3	27
鲡	li	2	2
鲢	lian	2	21
鲣	jian	1	4
鲤	li	3	109
鲥	shi	2	5
鲦	tiao	2	4
鲧	gun	3	25
鲨	sha	1	138
鲩	huan	4	7
鲪	jun	1	0
鲫	ji	4	42
鲬	yong	3	0
鲭	qing	1	6
鲮	ling	2	5
鲯	qi	2	0
鲰	zou	1	2
鲱	fei	1	3
鲲	kun	1	79
鲳	chang	1	14
鲴	gu	4	7
鲵	ni	2	19
鲶	nian	2	17
鲷	diao	1	33
鲸	jing	1	206
鲹	shen	1	0
鲺	shi	1	7
鲻	zi	1	22
鲼	fen	4	9
鲽	die	2	10
鲾	bi	1	0
鲿	chang	2	0
鳀	ti	2	0
鳁	wen	1	0
鳂	wei	1	0
鳃	sai	1	88
鳄	e	4	83
鳅	qiu	1	19
鳆	fu	4	2
鳇	huang	2	2
鳈	quan	2	0
鳉	jiang	1	0
鳊	bian	1	4
鳋	sao	1	5
鳌	ao	2	88
鳍	qi	2	133
鳎	ta	3	14
鳏	guan	1	12
鳐	yao	2	21
鳑	pang	2	0
鳒	jian	1	0
鳓	le	4	19
鳔	biao	4	8
鳕	xue	3	13
鳖	bie	1	255
鳗	man	2	60
鳘	min	3	3
鳙	yong	1	19
鳚	wei	4	0
鳛	xi	2	0
鳜	gui	4	5
鳝	shan	4	64
鳞	lin	2	222
鳟	zun	1	6
鳠	hu	4	0
鳡	gan	3	0
鳢	li	3	9
鳣	zhan	1	0
鳤	guan	3	0
鳥	niao	3	46
鳦	yi	3	0
鳧	fu	2	1
鳨	li	4	0
鳩	jiu	1	5
鳪	bu	2	3
鳫	yan	4	0
鳬	fu	3	0
鳭	diao	1	0
鳮	ji	1	0
鳯	feng	4	0
鳰	ru	4	0
鳱	gan	1	0
鳲	shi	1	0
鳳	feng	4	23
鳴	ming	2	11
鳵	bao	3	0
鳶	yuan	1	2
鳷	zhi	1	1
鳸	hu	4	0
鳹	qin	2	0
鳺	fu	1	1
鳻	ban	1	0
鳼	wen	2	0
鳽	jian	1	3
鳾	shi	1	0
鳿	yu	4	0
鴀	fou	3	0
鴁	yao	1	0
鴂	jue	2	0
鴃	jue	2	1
鴄	pi	3	1
鴅	huan	1	1
鴆	zhen	4	1
鴇	bao	3	1
鴈	yan	4	2
鴉	ya	1	2
鴊	zheng	4	0
鴋	fang	1	0
鴌	feng	4	0
鴍	wen	2	0
鴎	ou	1	1
鴏	dai	4	0
鴐	ge	1	0
鴑	ru	2	0
鴒	ling	2	1
鴓	mie	4	0
鴔	fu	2	0
鴕	tuo	2	1
鴖	min	2	0
鴗	li	4	1
鴘	bian	3	0
鴙	zhi	4	1
鴚	ge	1	0
鴛	yuan	1	1
鴜	ci	2	0
鴝	qu	2	1
鴞	xiao	1	2
鴟	chi	1	1
鴠	dan	4	1
鴡	ju	1	0
鴢	yao	3	4
鴣	gu	1	1
鴤	zhong	1	0
鴥	yu	4	1
鴦	yang	1	1
鴧	yu	4	0
鴨	ya	1	10
鴩	tie	3	1
鴪	yu	4	0
鴫	tian	2	1
鴬	ying	1	1
鴭	dui	1	1
鴮	wu	1	0
鴯	er	2	1
鴰	gua	1	0
鴱	ai	4	1
鴲	zhi	1	0
鴳	yan	4	2
鴴	heng	2	0
鴵	xiao	1	0
鴶	jia	2	0
鴷	lie	4	1
鴸	zhu	1	1
鴹	yang	2	0
鴺	ti	2	0
鴻	hong	2	10
鴼	luo	4	0
鴽	ru	2	0
鴾	mou	2	0
鴿	ge	1	2
鵀	ren	2	0
鵁	jiao	1	1
鵂	xiu	1	0
鵃	zhou	1	0
鵄	chi	1	0
鵅	luo	4	0
鵆	heng	2	0
鵇	nian	2	0
鵈	e	3	0
鵉	luan	2	0
鵊	jia	2	0
鵋	ji	4	0
鵌	tu	2	0
鵍	huan	1	0
鵎	tuo	3	0
鵏	bu	3	1
鵐	wu	2	0
鵑	juan	1	1
鵒	yu	4	1
鵓	bo	2	0
鵔	jun	4	0
鵕	jun	4	0
鵖	bi	1	0
鵗	xi	1	0
鵘	jun	4	0
鵙	ju	2	2
鵚	tu	1	0
鵛	jing	1	0
鵜	ti	2	1
鵝	e	2	8
鵞	e	2	1
鵟	kuang	2	3
鵠	hu	2	2
鵡	wu	3	0
鵢	shen	1	0
鵣	lai	4	0
鵤	jiao	5	0
鵥	pan	4	0
鵦	lu	4	0
鵧	pi	2	0
鵨	shu	1	0
鵩	fu	2	12
鵪	an	1	0
鵫	zhuo	2	0
鵬	peng	2	8
鵭	qin	2	0
鵮	qian	1	0
鵯	bei	1	0
鵰	diao	1	1
鵱	lu	4	0
鵲	que	4	2
鵳	jian	1	1
鵴	ju	2	0
鵵	tu	4	0
鵶	ya	1	0
鵷	yuan	1	2
鵸	qi	2	0
鵹	li	2	0
鵺	ye	4	1
鵻	zhui	1	0
鵼	kong	1	0
鵽	duo	4	0
鵾	kun	1	0
鵿	sheng	1	0
鶀	qi	2	0
鶁	jing	1	0
鶂	yi	4	2
鶃	yi	4	0
鶄	jing	1	2
鶅	zi	1	0
鶆	lai	2	0
鶇	dong	1	0
鶈	qi	1	0
鶉	chun	2	1
鶊	geng	1	0
鶋	ju	1	0
鶌	jue	2	1
鶍	yi	4	0
鶎	zun	1	0
鶏	ji	1	6
鶐	shu	4	0
鶑	ying	1	0
鶒	chi	4	2
鶓	miao	2	0
鶔	rou	2	0
鶕	an	1	0
鶖	qiu	1	0
鶗	ti	2	1
鶘	hu	2	0
鶙	ti	2	1
鶚	e	4	1
鶛	jie	1	0
鶜	mao	2	0
鶝	fu	2	0
鶞	chun	1	0
鶟	tu	2	0
鶠	yan	3	0
鶡	he	2	1
鶢	yuan	2	0
鶣	pian	1	0
鶤	kun	1	1
鶥	mei	2	0
鶦	hu	2	0
鶧	ying	1	0
鶨	chuan	4	0
鶩	wu	4	0
鶪	ju	2	1
鶫	dong	1	0
鶬	cang	1	1
鶭	fang	3	0
鶮	he	4	0
鶯	ying	1	3
鶰	yuan	2	0
鶱	xian	1	1
鶲	weng	1	1
鶳	shi	1	0
鶴	he	4	12
鶵	chu	2	1
鶶	tang	2	0
鶷	xia	2	1
鶸	ruo	4	1
鶹	liu	2	1
鶺	ji	2	1
鶻	gu	2	0
鶼	jian	1	0
鶽	sun	3	0
鶾	han	4	0
鶿	ci	2	0
鷀	ci	2	0
鷁	yi	4	2
鷂	yao	4	1
鷃	yan	4	2
鷄	ji	1	2
鷅	li	4	0
鷆	tian	2	0
鷇	kou	4	0
鷈	ti	1	0
鷉	ti	1	0
鷊	yi	4	0
鷋	tu	2	0
鷌	ma	3	0
鷍	xiao	1	0
鷎	gao	1	0
鷏	tian	2	0
鷐	chen	2	0
鷑	ji	2	0
鷒	tuan	2	0
鷓	zhe	4	1
鷔	ao	2	0
鷕	yao	3	0
鷖	yi	1	0
鷗	ou	1	2
鷘	chi	4	0
鷙	zhi	4	1
鷚	liu	4	1
鷛	yong	1	1
鷜	lv	2	0
鷝	bi	4	0
鷞	shuang	1	0
鷟	zhuo	2	4
鷠	yu	2	0
鷡	wu	2	1
鷢	jue	2	4
鷣	yin	2	1
鷤	ti	2	0
鷥	si	1	0
鷦	jiao	1	0
鷧	yi	4	0
鷨	hua	2	1
鷩	bi	4	0
鷪	ying	1	0
鷫	su	4	0
鷬	huang	2	0
鷭	fan	2	0
鷮	jiao	1	1
鷯	liao	2	1
鷰	yan	4	1
鷱	gao	1	0
鷲	jiu	4	3
鷳	xian	2	0
鷴	xian	2	0
鷵	tu	2	0
鷶	mai	3	0
鷷	zun	1	0
鷸	yu	4	1
鷹	ying	1	8
鷺	lu	4	2
鷻	tuan	2	0
鷼	xian	2	0
鷽	xue	2	1
鷾	yi	4	0
鷿	pi	4	0
鸀	shu	3	1
鸁	luo	2	1
鸂	xi	1	3
鸃	yi	2	0
鸄	ji	1	1
鸅	ze	2	0
鸆	yu	2	1
鸇	zhan	1	0
鸈	ye	4	0
鸉	yang	2	1
鸊	pi	4	0
鸋	ning	2	0
鸌	hu	4	0
鸍	mi	2	0
鸎	ying	1	0
鸏	meng	2	0
鸐	di	2	0
鸑	yue	4	1
鸒	yu	4	1
鸓	lei	3	1
鸔	bu	3	4
鸕	lu	2	0
鸖	he	4	0
鸗	long	2	1
鸘	shuang	1	0
鸙	yue	4	0
鸚	ying	1	0
鸛	guan	4	1
鸜	qu	2	0
鸝	li	2	0
鸞	luan	2	8
鸟	niao	3	9418
鸠	jiu	1	146
鸡	ji	1	4509
鸢	yuan	1	104
鸣	ming	2	1333
鸤	shi	1	0
鸥	ou	1	208
鸦	ya	1	232
鸧	cang	1	0
鸨	bao	3	10
鸩	zhen	4	27
鸪	gu	1	6
鸫	dong	1	9
鸬	lu	2	23
鸭	ya	1	1296
鸮	xiao	1	0
鸯	yang	1	18
鸰	ling	2	1
鸱	chi	1	14
鸲	qu	2	5
鸳	yuan	1	63
鸴	xue	2	0
鸵	tuo	2	17
鸶	si	1	5
鸷	zhi	4	10
鸸	er	2	25
鸹	gua	1	5
鸺	xiu	1	3
鸻	heng	2	0
鸼	zhou	1	0
鸽	ge	1	240
鸾	luan	2	197
鸿	hong	2	1246
鹀	wu	2	0
鹁	bo	2	3
鹂	li	2	27
鹃	juan	1	121
鹄	gu	3	21
鹅	e	2	871
鹆	yu	4	52
鹇	xian	2	7
鹈	ti	2	14
鹉	wu	3	4
鹊	que	4	99
鹋	miao	2	26
鹌	an	1	4
鹍	kun	1	0
鹎	bei	1	4
鹏	peng	2	1549
鹐	qian	1	0
鹑	chun	2	19
鹒	geng	1	0
鹓	yuan	1	0
鹔	su	4	0
鹕	hu	2	6
鹖	he	2	0
鹗	e	4	17
鹘	gu	3	7
鹙	qiu	1	0
鹚	ci	2	18
鹛	mei	2	6
鹜	wu	4	31
鹝	yi	4	0
鹞	yao	4	28
鹟	weng	1	0
鹠	liu	2	0
鹡	ji	2	0
鹢	yi	4	0
鹣	jian	1	7
鹤	he	4	939
鹥	yi	1	0
鹦	ying	1	15
鹧	zhe	4	3
鹨	liu	4	5
鹩	liao	2	7
鹪	jiao	1	12
鹫	jiu	4	59
鹬	yu	4	17
鹭	lu	4	184
鹮	huan	2	0
鹯	zhan	1	0
鹰	ying	1	1133
鹱	hu	4	3
鹲	meng	2	0
鹳	guan	4	20
鹴	shuang	1	0
鹵	lu	3	2
鹶	jin	1	0
鹷	ling	2	0
鹸	jian	3	0
鹹	xian	2	7
鹺	cuo	2	1
鹻	jian	3	0
鹼	jian	3	3
鹽	yan	2	18
鹾	cuo	2	16
鹿	lu	4	955
麀	you	1	2
麁	cu	1	3
麂	ji	3	26
麃	pao	2	2
麄	cu	1	0
麅	pao	2	0
麆	zhu	4	0
麇	jun	1	3
麈	zhu	3	9
麉	jian	1	0
麊	mi	2	0
麋	mi	2	14
麌	yu	3	1
麍	liu	2	0
麎	chen	2	0
麏	jun	1	0
麐	lin	2	0
麑	ni	2	2
麒	qi	2	166
麓	lu	4	206
麔	jiu	4	0
麕	jun	1	1
麖	jing	1	0
麗	li	4	28
麘	xiang	1	0
麙	xian	2	0
麚	jia	1	0
麛	mi	2	1
麜	li	4	0
麝	she	4	33
麞	zhang	1	0
麟	lin	2	544
麠	jing	1	0
麡	qi	2	0
麢	ling	2	0
麣	yan	2	0
麤	cu	1	2
麥	mai	4	16
麦	mai	4	2513
麧	he	2	0
麨	chao	3	0
麩	fu	1	1
麪	mian	4	0
麫	mian	4	0
麬	fu	1	0
麭	pao	4	0
麮	qu	4	1
麯	qu	1	0
麰	mou	2	1
麱	fu	1	0
麲	xian	4	0
麳	lai	2	0
麴	qu	1	27
麵	mian	4	12
麶	chi	5	0
麷	feng	1	1
麸	fu	1	27
麹	qu	1	5
麺	mian	4	2
麻	ma	2	2635
麼	me	5	133
麽	mo	2	1766
麾	hui	1	22
麿	mo	5	4
黀	zou	1	0
黁	nun	2	0
黂	fen	2	0
黃	huang	2	67
黄	huang	2	16135
黅	jin	1	0
黆	guang	1	0
黇	tian	1	0
黈	tou	3	1
黉	hong	2	7
黊	hua	4	0
黋	kuang	4	0
黌	hong	2	0
黍	shu	3	56
黎	li	2	2323
黏	nian	2	232
黐	chi	1	8
黑	hei	1	14316
黒	hei	1	57
黓	yi	4	1
黔	qian	2	320
黕	dan	3	0
黖	xi	4	0
黗	tun	1	0
默	mo	4	840
黙	mo	4	9
黚	qian	2	0
黛	dai	4	461
黜	chu	4	27
黝	you	3	17
點	dian	3	186
黟	yi	1	9
黠	xia	2	15
黡	yan	3	0
黢	qu	1	30
黣	mei	3	0
黤	yan	3	0
黥	qing	2	16
黦	yue	4	0
黧	li	2	7
黨	dang	3	30
黩	du	2	6
黪	can	3	6
黫	yan	1	0
黬	yan	2	0
黭	yan	3	1
黮	dan	3	1
黯	an	4	180
黰	zhen	3	0
黱	dai	4	0
黲	can	3	0
黳	yi	1	0
黴	mei	2	1
黵	zhan	3	1
黶	yan	3	1
黷	du	2	0
黸	lu	2	0
黹	zhi	3	8
黺	fen	3	1
黻	fu	2	22
黼	fu	3	18
黽	mian	3	1
黾	min	3	18
黿	yuan	2	0
鼀	cu	4	0
鼁	qu	4	1
鼂	chao	2	0
鼃	wa	1	0
鼄	zhu	1	0
鼅	zhi	1	0
鼆	meng	2	4
鼇	ao	2	1
鼈	bie	1	1
鼉	tuo	2	1
鼊	bi	4	0
鼋	yuan	2	21
鼌	chao	2	0
鼍	tuo	2	11
鼎	ding	3	825
鼏	mi	4	1
鼐	nai	4	22
鼑	ding	3	0
鼒	zi	1	1
鼓	gu	3	1232
鼔	gu	3	0
鼕	dong	1	1
鼖	fen	2	0
鼗	tao	2	5
鼘	yuan	1	0
鼙	pi	2	11
鼚	chang	1	0
鼛	gao	1	1
鼜	qi	4	1
鼝	yuan	1	0
鼞	tang	1	0
鼟	teng	1	0
鼠	shu	3	1388
鼡	shu	3	9
鼢	fen	2	28
鼣	fei	4	0
鼤	wen	2	0
鼥	ba	2	0
鼦	diao	1	0
鼧	tuo	2	0
鼨	zhong	1	0
鼩	qu	2	5
鼪	sheng	1	0
鼫	shi	2	1
鼬	you	4	85
鼭	shi	2	1
鼮	ting	2	0
鼯	wu	2	12
鼰	ju	2	0
鼱	jing	1	2
鼲	hun	2	0
鼳	ju	2	0
鼴	yan	3	0
鼵	tu	1	0
鼶	si	1	1
鼷	xi	1	3
鼸	xian	4	0
鼹	yan	3	6
鼺	lei	2	0
鼻	bi	2	879
鼼	yao	4	0
鼽	qiu	2	3
鼾	han	1	23
鼿	wu	4	0
齀	wu	4	0
齁	hou	1	4
齂	xie	4	0
齃	e	4	0
齄	zha	1	5
齅	xiu	4	0
齆	weng	4	1
齇	zha	1	0
齈	nong	4	0
齉	nang	4	1
齊	qi	2	28
齋	zhai	1	13
齌	ji	4	1
齍	zi	1	0
齎	ji	1	1
齏	ji	1	1
齐	qi	2	4112
齑	ji	1	10
齒	chi	3	6
齓	chen	4	0
齔	chen	4	0
齕	he	2	1
齖	ya	2	0
齗	yin	2	0
齘	xie	4	0
齙	bao	1	0
齚	ze	2	0
齛	xie	4	1
齜	chai	2	0
齝	chi	1	0
齞	yan	3	0
齟	ju	3	0
齠	tiao	2	0
齡	ling	2	5
齢	ling	2	1
齣	chu	1	7
齤	quan	2	0
齥	xie	4	0
齦	ken	3	0
齧	nie	4	2
齨	jiu	4	0
齩	yao	3	0
齪	chuo	4	1
齫	yun	3	0
齬	yu	3	0
齭	chu	3	0
齮	yi	3	3
齯	ni	2	6
齰	ze	2	0
齱	zou	1	0
齲	qu	3	0
齳	yun	3	0
齴	yan	3	1
齵	ou	2	1
齶	e	4	0
齷	wo	4	1
齸	yi	4	0
齹	ci	1	4
齺	zou	1	1
齻	dian	1	0
齼	chu	3	0
齽	jin	4	0
齾	ya	4	1
齿	chi	3	711
龀	chen	4	5
龁	he	2	0
龂	yin	2	0
龃	ju	3	6
龄	ling	2	582
龅	bao	1	9
龆	tiao	2	8
龇	zi	1	15
龈	yin	2	32
龉	yu	3	7
龊	chuo	4	18
龋	qu	3	79
龌	wo	4	21
龍	long	2	87
龎	pang	2	0
龏	gong	1	0
龐	pang	2	4
龑	yan	3	6
龒	long	2	1
龓	long	3	0
龔	gong	1	3
龕	kan	1	1
龖	da	2	0
龗	ling	2	0
龘	da	2	11
龙	long	2	9924
龚	gong	1	843
龛	kan	1	53
龜	gui	1	11
龝	qiu	1	0
龞	bie	1	0
龟	gui	1	1054
龠	yue	4	15
龡	chui	1	0
龢	he	2	2
龣	jue	2	0
龤	xie	2	0
龥	yu	4	0
龪	zhan	1	0
龬	wang	3	0
龰	zou	3	0
龵	shou	3	0
龻	luan	2	0
鿃	shan	3	0
鿄	liang	2	0
鿇	zheng	1	0
鿌	liang	2	0
鿍	gang	4	0
鿎	ta	3	0
鿏	mai	4	0
鿔	ge	1	0
鿕	dan	1	0
鿫	ao	4	0
鿬	tian	2	0
鿭	ni	3	0
鿰	han	2	0
鿱	ba	1	0
鿲	lao	2	0
鿳	tuo	4	0
鿴	dong	1	0
鿵	zhi	4	0
鿶	lang	2	0
鿷	an	4	0
鿸	tuo	4	0
鿹	mi	4	0
鿺	mai	4	0
鿻	bu	4	0
鿼	jia	1	0
鿾	lang	4	0
鿿	xing	4	0
礼	li	3	0
𠀀	he	1	0
𠀁	qi	1	0
𠀃	qie	3	0
𠀅	hai	4	0
𠀉	qiu	1	0
𠀊	cao	1	0
𠀍	shi	4	0
𠀓	si	1	0
𠀔	jue	2	0
𠀛	yu	4	0
𠀝	kong	1	0
𠀢	zi	1	0
𠀦	xing	2	0
𠀱	mou	3	0
𠀷	ji	1	0
𠀸	ye	4	0
𠀹	jun	1	0
𠀼	qian	2	0
𠀽	lu	4	0
𠁁	dou	4	0
𠁉	chu	1	0
𠁗	shi	4	0
𠁠	qie	4	0
𠁥	ga	3	0
𠁭	qi	2	0
𠁷	chan	3	0
𠂄	huan	1	0
𠂆	yi	4	0
𠂇	zuo	3	0
𠂈	jie	2	0
𠂑	zou	1	0
𠂔	zi	3	0
𠂝	za	1	0
𠂟	jin	1	0
𠂢	pai	4	0
𠂤	dui	1	0
𠂥	cong	2	0
𠂧	shen	4	0
𠂸	huang	2	0
𠃊	yin	3	0
𠃌	gun	3	0
𠃓	yang	2	0
𠃖	jiu	1	0
𠃫	shen	1	0
𠃺	jiu	4	0
𠄅	ye	4	0
𠄉	dong	4	0
𠄌	jue	2	0
𠄍	jie	2	0
𠄏	diao	3	0
𠄑	jue	2	0
𠄒	chui	2	0
𠄖	ling	2	0
𠄚	ting	1	0
𠄣	gen	4	0
𠄮	ya	4	0
𠄱	yi	2	0
𠄿	wei	2	0
𠅂	jie	2	0
𠅌	yi	2	0
𠅗	die	4	0
𠅚	qi	2	0
𠅤	xi	2	0
𠅬	bao	1	0
𠅱	xie	4	0
𠅹	zhang	4	0
𠆌	yong	1	0
𠆐	xu	4	0
𠆙	die	4	0
𠆛	dan	1	0
𠆟	wei	3	0
𠆣	gua	3	0
𠆩	fan	4	0
𠆮	mo	4	0
𠆱	xi	1	0
𠆲	yan	3	0
𠆵	ni	2	0
𠆶	dan	4	0
𠇋	dan	3	0
𠇏	tao	1	0
𠇐	yu	2	0
𠇒	gong	1	0
𠇗	kua	1	0
𠇘	chu	4	0
𠇯	qu	4	0
𠇱	mo	4	0
𠇳	shi	1	0
𠇵	gan	3	0
𠇷	sheng	1	0
𠇹	jing	4	0
𠈁	tuo	1	0
𠈅	shou	1	0
𠈊	nie	3	0
𠈤	yun	4	0
𠈥	gua	3	0
𠈬	xiao	1	0
𠈭	lao	2	0
𠈰	dan	4	0
𠈱	suo	1	0
𠈵	mang	3	0
𠈶	yi	2	0
𠈸	te	4	0
𠈺	bi	4	0
𠉂	ta	4	0
𠉗	luo	4	0
𠉢	xi	3	0
𠉣	hun	1	0
𠉤	da	2	0
𠉧	ju	4	0
𠉩	du	2	0
𠉬	an	3	0
𠊉	mei	4	0
𠊌	ran	2	0
𠊎	ai	2	0
𠊏	yu	4	0
𠊒	jian	4	0
𠊔	qi	4	0
𠊟	min	3	0
𠊣	zhou	4	0
𠊤	zhi	4	0
𠊥	zhong	3	0
𠊦	nao	3	0
𠊧	bing	4	0
𠊩	zhuan	4	0
𠊪	shu	4	0
𠊫	xun	4	0
𠊬	jue	2	0
𠊭	qian	3	0
𠊰	gua	3	0
𠊲	tu	1	0
𠊶	ying	4	0
𠊷	zhi	4	0
𠊾	kui	2	0
𠋆	chen	4	0
𠋖	lian	4	0
𠋗	ya	1	0
𠋜	guo	4	0
𠋝	miao	3	0
𠋞	she	2	0
𠋟	yu	3	0
𠋡	si	4	0
𠋢	sou	3	0
𠋤	zhi	4	0
𠋧	qie	1	0
𠋩	fu	4	0
𠋬	ju	2	0
𠋭	bei	4	0
𠋯	bi	4	0
𠋲	suo	3	0
𠋵	qian	3	0
𠋶	ming	3	0
𠋷	chan	3	0
𠋺	sao	1	0
𠋻	ji	1	0
𠌕	gong	4	0
𠌖	qiong	2	0
𠌚	rong	4	0
𠌞	sou	3	0
𠌟	sou	3	0
𠌠	yao	2	0
𠌪	chou	1	0
𠌭	shuai	4	0
𠌮	zhe	1	0
𠌯	li	4	0
𠌰	gai	4	0
𠌱	sui	1	0
𠌲	zhan	1	0
𠌴	zhuang	4	0
𠌽	fu	4	0
𠍃	ji	1	0
𠍄	dou	1	0
𠍗	hui	4	0
𠍚	jian	3	0
𠍛	yan	3	0
𠍜	zhi	4	0
𠍨	mei	3	0
𠍩	yao	4	0
𠍪	di	1	0
𠍫	yi	2	0
𠍯	bie	2	0
𠍲	qu	2	0
𠍳	yi	4	0
𠍵	yang	4	0
𠍹	zha	2	0
𠍽	sha	4	0
𠎙	lai	2	0
𠎮	jue	2	0
𠎰	qi	1	0
𠎳	yu	2	0
𠎶	zai	3	0
𠎷	sa	4	0
𠎸	se	4	0
𠎻	dun	4	0
𠎿	jie	3	0
𠏀	ke	1	0
𠏃	yue	1	0
𠏇	jian	3	0
𠏈	yao	2	0
𠏓	xian	1	0
𠏕	xiao	4	0
𠏖	qiao	1	0
𠏚	yu	4	0
𠏛	qu	2	0
𠏡	xian	1	0
𠏢	luo	4	0
𠏤	guang	3	0
𠏧	cheng	1	0
𠏨	chuang	3	0
𠏩	yi	2	0
𠏫	zheng	3	0
𠏭	zong	4	0
𠏮	dui	4	0
𠏰	zhai	3	0
𠏿	fei	3	0
𠐀	yi	2	0
𠐁	meng	2	0
𠐈	bian	1	0
𠐉	jie	2	0
𠐊	shu	4	0
𠐋	liao	2	0
𠐌	bi	3	0
𠐍	su	2	0
𠐑	di	4	0
𠐡	bei	4	0
𠐢	wen	4	0
𠐧	meng	2	0
𠐩	chan	3	0
𠐵	dao	3	0
𠐺	pin	2	0
𠐻	jian	3	0
𠐼	lin	4	0
𠐽	gui	4	0
𠐾	qi	1	0
𠐿	hong	1	0
𠑃	ji	2	0
𠑄	xie	4	0
𠑅	zheng	1	0
𠑆	chan	3	0
𠑐	yao	2	0
𠑑	chan	3	0
𠑘	dian	1	0
𠑙	chong	4	0
𠑚	nei	2	0
𠑛	nei	2	0
𠑞	zhai	4	0
𠑟	bian	1	0
𠑡	chan	3	0
𠑪	xiao	1	0
𠑯	cu	4	0
𠑰	xin	1	0
𠑱	jing	3	0
𠑲	qian	1	0
𠑴	qing	1	0
𠑹	gu	3	0
𠒄	wu	4	0
𠒜	yuan	3	0
𠒝	bing	3	0
𠒢	wan	2	0
𠒰	niao	3	0
𠒵	lian	4	0
𠒸	rao	3	0
𠒾	fan	4	0
𠒿	di	2	0
𠓊	hui	1	0
𠓋	yi	4	0
𠓌	xian	2	0
𠓖	lan	2	0
𠓗	fu	4	0
𠓙	xiong	4	0
𠓜	liang	3	0
𠓝	tao	1	0
𠓞	ji	2	0
𠓢	jie	4	0
𠓣	zha	2	0
𠓤	shi	1	0
𠓪	qi	2	0
𠓫	bian	3	0
𠓭	lan	3	0
𠓮	lin	3	0
𠓶	zhi	4	0
𠓷	bi	4	0
𠓸	sheng	4	0
𠓽	sheng	4	0
𠓿	qin	2	0
𠔂	biao	1	0
𠔃	xi	1	0
𠔉	juan	4	0
𠔋	ji	1	0
𠔍	xi	1	0
𠔎	qin	3	0
𠔑	hai	4	0
𠔕	lun	2	0
𠔠	yue	4	0
𠔨	lian	2	0
𠔯	ban	1	0
𠔲	heng	2	0
𠔶	qi	1	0
𠔺	qian	1	0
𠔻	zheng	4	0
𠔼	mao	3	0
𠕁	cong	2	0
𠕄	na	4	0
𠕊	ting	3	0
𠕌	zong	1	0
𠕕	jiong	1	0
𠕖	zhao	3	0
𠕟	nian	3	0
𠕠	cheng	2	0
𠕣	qia	4	0
𠕦	yu	4	0
𠕧	jiao	3	0
𠕭	zhao	4	0
𠕳	di	2	0
𠕴	jiu	1	0
𠕸	sui	3	0
𠕻	yao	1	0
𠕿	wang	1	0
𠖂	liao	2	0
𠖄	tong	2	0
𠖆	meng	4	0
𠖋	you	3	0
𠖓	si	1	0
𠖛	lou	4	0
𠖟	yin	1	0
𠖥	chong	3	0
𠖫	gan	3	0
𠖬	jiu	1	0
𠖶	qin	4	0
𠖷	jiong	3	0
𠖹	xie	2	0
𠗂	he	4	0
𠗆	tao	1	0
𠗈	qiu	2	0
𠗉	xie	2	0
𠗊	jing	4	0
𠗋	nian	3	0
𠗌	jing	4	0
𠗏	ji	2	0
𠗘	tian	3	0
𠗚	cui	4	0
𠗛	die	2	0
𠗝	qing	3	0
𠗥	ping	4	0
𠗦	ping	2	0
𠗨	die	2	0
𠗩	lou	4	0
𠗳	lian	3	0
𠗴	han	2	0
𠗵	pang	1	0
𠗶	tang	2	0
𠗺	yi	2	0
𠗻	xuan	2	0
𠗼	suo	4	0
𠗽	liu	2	0
𠗾	shuang	3	0
𠗿	shen	4	0
𠘁	bu	4	0
𠘂	sou	1	0
𠘅	qin	2	0
𠘆	shen	3	0
𠘊	nong	4	0
𠘋	ting	3	0
𠘌	jiang	1	0
𠘕	xi	1	0
𠘖	zhi	4	0
𠘝	lai	4	0
𠘞	li	4	0
𠘟	li	4	0
𠘢	he	2	0
𠘣	jiao	4	0
𠘥	yan	2	0
𠘧	shu	1	0
𠘪	shi	3	0
𠘱	zhen	3	0
𠘳	you	1	0
𠘺	suo	4	0
𠘻	wu	2	0
𠙁	chang	2	0
𠙂	cong	2	0
𠙆	ju	4	0
𠙎	shu	1	0
𠙔	jiu	4	0
𠙕	wei	2	0
𠙞	huo	4	0
𠙤	jie	1	0
𠙬	zao	3	0
𠙶	ou	3	0
𠙼	gua	3	0
𠚃	hao	2	0
𠚄	li	3	0
𠚅	zhi	4	0
𠚆	xian	4	0
𠚉	bu	1	0
𠚊	chang	4	0
𠚓	yun	1	0
𠚔	he	2	0
𠚜	tao	1	0
𠚠	biao	1	0
𠚥	diao	1	0
𠚧	er	4	0
𠚨	jiu	1	0
𠚭	di	4	0
𠚮	yi	4	0
𠚯	kun	1	0
𠚱	zhe	2	0
𠚳	kuo	4	0
𠚴	zhou	1	0
𠚵	ju	4	0
𠚹	shan	4	0
𠚺	sha	4	0
𠚻	diao	1	0
𠚼	ban	1	0
𠚽	ji	1	0
𠛀	zhong	1	0
𠛃	yi	2	0
𠛅	kou	1	0
𠛆	wu	1	0
𠛊	ge	1	0
𠛋	ba	1	0
𠛎	gou	1	0
𠛑	xian	2	0
𠛒	gua	1	0
𠛓	liu	3	0
𠛔	chi	3	0
𠛕	guai	1	0
𠛖	chuan	1	0
𠛘	li	2	0
𠛙	cu	4	0
𠛚	shua	1	0
𠛡	bi	3	0
𠛥	bing	3	0
𠛦	li	4	0
𠛩	jiu	3	0
𠛪	tiao	1	0
𠛫	duo	3	0
𠛭	yan	1	0
𠛮	quan	1	0
𠛱	lie	4	0
𠛳	ke	4	0
𠛵	gen	1	0
𠛶	zhen	1	0
𠛸	fen	2	0
𠜁	yi	2	0
𠜃	jiu	4	0
𠜄	xu	4	0
𠜅	jiao	3	0
𠜈	lv	4	0
𠜉	jiu	3	0
𠜋	chou	3	0
𠜎	xian	4	0
𠜐	kuai	4	0
𠜑	dui	4	0
𠜖	luo	1	0
𠜗	xi	1	0
𠜘	qin	4	0
𠜙	bu	4	0
𠜤	qia	4	0
𠜱	pi	1	0
𠜲	ya	1	0
𠜳	beng	1	0
𠜴	guo	3	0
𠜵	gua	1	0
𠜹	ju	2	0
𠜼	qia	1	0
𠜾	jue	2	0
𠝄	li	4	0
𠝐	hua	1	0
𠝑	jiao	1	0
𠝘	qia	4	0
𠝚	zha	2	0
𠝛	qia	1	0
𠝝	zhe	2	0
𠝞	cha	1	0
𠝟	ying	3	0
𠝢	yan	1	0
𠝤	chong	1	0
𠝨	chi	3	0
𠝪	wan	1	0
𠝬	sou	1	0
𠝲	kan	3	0
𠝳	yuan	2	0
𠝽	chou	2	0
𠝿	suo	3	0
𠞀	tu	1	0
𠞃	zhe	2	0
𠞄	ti	1	0
𠞆	wu	1	0
𠞈	da	1	0
𠞉	li	4	0
𠞊	cha	1	0
𠞕	rong	2	0
𠞖	gong	4	0
𠞗	que	4	0
𠞙	li	2	0
𠞞	tao	1	0
𠞤	li	4	0
𠞧	mi	2	0
𠞩	chi	4	0
𠞬	gun	4	0
𠞭	lou	2	0
𠞮	chuang	3	0
𠞯	suo	3	0
𠞰	jiao	3	0
𠞱	jin	4	0
𠞵	fa	2	0
𠞶	zhai	1	0
𠞾	jin	4	0
𠞿	cui	4	0
𠟂	ceng	4	0
𠟃	zun	3	0
𠟅	zhao	4	0
𠟈	pie	1	0
𠟉	zhan	3	0
𠟊	xi	1	0
𠟋	yao	4	0
𠟌	fu	3	0
𠟍	chong	1	0
𠟓	cui	4	0
𠟗	gua	1	0
𠟣	ji	1	0
𠟦	se	4	0
𠟧	zhan	1	0
𠟨	ling	4	0
𠟩	se	4	0
𠟪	ye	4	0
𠟰	ju	1	0
𠟶	tu	1	0
𠟺	ru	2	0
𠟻	ze	2	0
𠟼	huan	2	0
𠠁	xian	3	0
𠠃	qian	1	0
𠠄	zhao	4	0
𠠋	can	2	0
𠠎	kuo	4	0
𠠏	li	4	0
𠠐	rou	2	0
𠠔	du	2	0
𠠗	lie	4	0
𠠜	ying	1	0
𠠝	li	4	0
𠠠	du	2	0
𠠢	ling	2	0
𠠪	wan	1	0
𠠯	die	2	0
𠠳	jiu	1	0
𠠵	li	4	0
𠠶	ku	1	0
𠠷	keng	1	0
𠠹	zhen	3	0
𠡀	he	4	0
𠡂	bi	4	0
𠡄	pi	1	0
𠡊	hang	1	0
𠡑	zhuo	2	0
𠡒	dui	3	0
𠡔	yi	4	0
𠡜	ke	4	0
𠡝	yi	4	0
𠡞	mo	4	0
𠡠	chi	4	0
𠡡	can	2	0
𠡣	geng	3	0
𠡤	ke	4	0
𠡥	shi	4	0
𠡭	ling	2	0
𠡮	beng	1	0
𠡱	duan	4	0
𠡶	juan	1	0
𠡷	nao	3	0
𠡸	zi	3	0
𠡻	zong	4	0
𠢃	tang	2	0
𠢆	xia	2	0
𠢇	han	4	0
𠢌	lve	4	0
𠢍	qian	2	0
𠢓	mo	4	0
𠢔	ou	1	0
𠢕	hao	2	0
𠢙	zha	2	0
𠢚	juan	4	0
𠢛	cong	2	0
𠢠	li	4	0
𠢡	zha	2	0
𠢢	you	3	0
𠢣	dian	4	0
𠢤	jue	2	0
𠢥	bei	4	0
𠢩	yao	3	0
𠢪	pie	1	0
𠢱	jin	4	0
𠢲	kai	3	0
𠢳	se	4	0
𠢴	yang	3	0
𠢵	jin	4	0
𠢹	ke	4	0
𠣄	chan	1	0
𠣇	nian	3	0
𠣉	wan	4	0
𠣊	lv	4	0
𠣐	yun	2	0
𠣑	yao	1	0
𠣒	bao	1	0
𠣕	jun	1	0
𠣖	xuan	2	0
𠣘	zhou	1	0
𠣠	kui	4	0
𠣪	qu	2	0
𠣫	shao	4	0
𠣬	sun	3	0
𠣰	du	1	0
𠣲	kuai	3	0
𠣳	pao	4	0
𠣺	bao	4	0
𠣾	fu	4	0
𠣿	jiu	4	0
𠤀	ran	2	0
𠤄	ju	1	0
𠤊	qiong	2	0
𠤍	zhou	1	0
𠤎	hua	4	0
𠤏	bao	3	0
𠤕	yi	2	0
𠤗	yi	2	0
𠤘	yi	2	0
𠤝	mao	4	0
𠤦	ruan	3	0
𠤫	ci	2	0
𠤮	han	2	0
𠤰	cong	2	0
𠤴	xi	4	0
𠤹	quan	2	0
𠤺	tiao	2	0
𠤼	diao	4	0
𠤾	han	2	0
𠥇	ye	3	0
𠥍	e	1	0
𠥎	wei	2	0
𠥐	cang	1	0
𠥑	diao	4	0
𠥕	e	4	0
𠥖	di	4	0
𠥘	suan	3	0
𠥙	quan	2	0
𠥜	e	4	0
𠥝	ou	1	0
𠥞	xuan	2	0
𠥢	wu	3	0
𠥦	yi	4	0
𠥨	mou	2	0
𠥰	hu	1	0
𠥴	han	2	0
𠥿	shi	2	0
𠦃	sa	4	0
𠦈	bi	4	0
𠦊	han	2	0
𠦋	jing	4	0
𠦌	xi	4	0
𠦎	qin	4	0
𠦏	cuo	2	0
𠦐	ci	4	0
𠦒	ban	1	0
𠦗	dui	1	0
𠦜	xi	4	0
𠦧	zhi	1	0
𠦨	luan	4	0
𠦪	hu	1	0
𠦫	ji	2	0
𠦬	guai	1	0
𠦲	pang	1	0
𠧀	zhu	1	0
𠧅	bi	3	0
𠧇	yu	2	0
𠧒	qi	3	0
𠧕	he	2	0
𠧖	chu	3	0
𠧙	shao	4	0
𠧚	chi	4	0
𠧛	bo	2	0
𠧟	reng	2	0
𠧠	you	2	0
𠧤	nai	3	0
𠧩	hui	4	0
𠧪	tiao	2	0
𠧫	ban	3	0
𠧰	xu	1	0
𠧴	you	2	0
𠧵	chi	4	0
𠧿	heng	2	0
𠨃	wai	4	0
𠨆	xie	4	0
𠨊	jue	2	0
𠨌	sui	1	0
𠨍	qing	1	0
𠨎	zhuan	4	0
𠨕	ji	4	0
𠨘	bi	4	0
𠨚	xi	1	0
𠨠	ji	2	0
𠨢	jun	4	0
𠨥	liao	2	0
𠨦	you	1	0
𠨭	ju	2	0
𠨲	yue	4	0
𠨵	bang	4	0
𠨸	pi	2	0
𠨻	ze	4	0
𠨾	yi	4	0
𠨿	di	3	0
𠩂	qie	4	0
𠩄	suo	3	0
𠩆	ci	4	0
𠩈	zhu	4	0
𠩉	yue	4	0
𠩏	jiao	1	0
𠩔	shi	2	0
𠩗	yi	2	0
𠩘	xia	2	0
𠩠	yuan	2	0
𠩥	guo	2	0
𠩧	ke	4	0
𠩪	cui	4	0
𠩫	yi	4	0
𠩵	li	4	0
𠩷	dian	3	0
𠩺	xi	1	0
𠩿	bi	4	0
𠪂	bian	3	0
𠪃	mei	2	0
𠪄	li	4	0
𠪇	sou	3	0
𠪐	liu	2	0
𠪑	gui	4	0
𠪒	ke	4	0
𠪗	yi	2	0
𠪙	xi	3	0
𠪚	yin	2	0
𠪟	ke	4	0
𠪣	she	4	0
𠪧	wo	3	0
𠪮	pi	4	0
𠪶	yue	4	0
𠪷	hong	2	0
𠪺	li	4	0
𠪻	fu	4	0
𠫃	jue	2	0
𠫄	xian	1	0
𠫉	dian	1	0
𠫌	li	4	0
𠫓	tu	1	0
𠫘	jian	1	0
𠫛	bai	3	0
𠫜	di	4	0
𠫝	zhang	3	0
𠫣	yu	4	0
𠫨	dui	4	0
𠫭	can	1	0
𠫮	tu	2	0
𠫶	tan	1	0
𠫷	ji	2	0
𠫸	qi	2	0
𠫹	shan	4	0
𠫺	nian	2	0
𠬆	guan	4	0
𠬈	bi	3	0
𠬋	xing	1	0
𠬓	zhen	3	0
𠬙	sa	1	0
𠬛	mo	4	0
𠬝	fu	2	0
𠬢	tao	1	0
𠬣	bang	4	0
𠬤	yi	4	0
𠬪	biao	4	0
𠬬	xi	1	0
𠬮	jie	2	0
𠬶	jin	4	0
𠬾	qian	1	0
𠭈	si	4	0
𠭉	jing	3	0
𠭋	chi	3	0
𠭗	jing	3	0
𠭥	sui	4	0
𠭯	zha	1	0
𠭰	li	2	0
𠭴	zhuo	1	0
𠭹	bian	4	0
𠭿	tun	2	0
𠮃	bi	4	0
𠮆	fei	4	0
𠮊	de	2	0
𠮌	zhu	2	0
𠮑	ju	1	0
𠮙	yi	3	0
𠮜	ya	4	0
𠮟	chi	4	0
𠮠	gua	3	0
𠮡	zhi	3	0
𠮨	reng	2	0
𠮫	you	1	0
𠮭	bo	2	0
𠮯	ji	3	0
𠮰	pin	3	0
𠮳	ying	1	0
𠮴	yang	1	0
𠮵	mang	4	0
𠮽	long	4	0
𠮾	n	4	0
𠮿	sa	5	0
𠯀	chuan	1	0
𠯂	ci	2	0
𠯃	wu	3	0
𠯄	ren	4	0
𠯈	dai	4	0
𠯉	ji	2	0
𠯋	yi	3	0
𠯍	ran	2	0
𠯐	huo	4	0
𠯑	gua	1	0
𠯓	zhe	2	0
𠯔	pi	4	0
𠯗	za	1	0
𠯘	ban	4	0
𠯙	jie	2	0
𠯜	hou	1	0
𠯟	xian	4	0
𠯠	hui	1	0
𠯩	zha	1	0
𠯪	dai	1	0
𠯫	ge	1	0
𠯭	pi	4	0
𠯯	pian	4	0
𠯰	shi	2	0
𠯱	liang	3	0
𠯲	yue	4	0
𠯳	hu	4	0
𠯴	bian	4	0
𠯷	reng	2	0
𠯹	reng	2	0
𠰄	yi	1	0
𠰅	zhi	1	0
𠰇	jin	1	0
𠰈	weng	1	0
𠰉	chao	1	0
𠰋	qiu	1	0
𠰍	zhu	3	0
𠰏	zha	2	0
𠰐	po	3	0
𠰑	an	4	0
𠰓	he	2	0
𠰕	chu	1	0
𠰖	yan	2	0
𠰚	shi	4	0
𠰛	hu	4	0
𠰜	e	4	0
𠰴	shi	2	0
𠰷	lu	2	0
𠰹	tuo	1	0
𠰺	dai	4	0
𠰻	wai	4	0
𠰼	po	1	0
𠰽	rong	3	0
𠰾	ju	1	0
𠱀	bo	1	0
𠱐	yu	3	0
𠱑	dou	1	0
𠱓	gui	3	0
𠱔	shou	4	0
𠱗	suo	1	0
𠱘	ni	4	0
𠱙	zhou	1	0
𠱚	long	4	0
𠱛	bing	3	0
𠱜	zun	4	0
𠱝	ye	4	0
𠱞	ran	3	0
𠱠	ling	2	0
𠱡	sa	4	0
𠱤	lei	3	0
𠱥	e	4	0
𠱧	zhong	4	0
𠱨	ji	3	0
𠱫	e	4	0
𠱯	zuo	4	0
𠱲	na	4	0
𠱳	yun	3	0
𠲊	xie	4	0
𠲋	zui	3	0
𠲌	shu	4	0
𠲍	diu	1	0
𠲎	fa	5	0
𠲏	ren	3	0
𠲑	bang	1	0
𠲒	han	2	0
𠲓	hong	2	0
𠲔	yi	1	0
𠲖	yi	1	0
𠲙	ke	1	0
𠲚	yi	4	0
𠲛	hui	2	0
𠲜	zheng	1	0
𠲮	jing	4	0
𠲱	ge	2	0
𠲴	nou	2	0
𠲵	qie	4	0
𠲷	die	2	0
𠲹	ji	4	0
𠲺	yi	4	0
𠲻	yi	2	0
𠲽	fu	2	0
𠲾	shuo	4	0
𠲿	shuo	4	0
𠳀	yong	3	0
𠳁	ken	3	0
𠳂	hua	2	0
𠳃	hong	4	0
𠳇	he	2	0
𠳊	he	1	0
𠳋	qian	3	0
𠳌	qia	4	0
𠳎	si	4	0
𠳐	bang	1	0
𠳞	que	4	0
𠳬	jing	1	0
𠳭	ke	4	0
𠳳	ai	1	0
𠳴	lou	2	0
𠳶	tu	1	0
𠳹	chuang	2	0
𠳼	song	4	0
𠳽	cheng	2	0
𠳿	wei	1	0
𠴂	nu	3	0
𠴄	jiu	3	0
𠴇	bin	1	0
𠴡	xiao	4	0
𠴢	sheng	1	0
𠴣	hou	3	0
𠴦	zhu	4	0
𠴨	guan	1	0
𠴩	ji	1	0
𠴫	ji	4	0
𠴭	xi	1	0
𠴯	she	4	0
𠴰	ou	3	0
𠴱	hu	2	0
𠴲	ta	4	0
𠴳	xiao	2	0
𠴵	zao	4	0
𠴸	bo	4	0
𠴹	qi	4	0
𠴺	wa	1	0
𠴻	tuo	1	0
𠴼	dao	4	0
𠴾	na	4	0
𠵠	zhai	1	0
𠵣	ya	4	0
𠵦	wu	3	0
𠵧	zhen	2	0
𠵨	de	5	0
𠵩	he	1	0
𠵫	ang	1	0
𠵬	pi	2	0
𠵭	se	4	0
𠵮	fen	3	0
𠵯	gua	1	0
𠵳	po	3	0
𠵷	xuan	4	0
𠵸	han	1	0
𠵹	gang	1	0
𠵺	ba	1	0
𠵻	zong	1	0
𠵼	meng	4	0
𠵾	huo	4	0
𠶧	dian	1	0
𠶨	xi	1	0
𠶫	da	4	0
𠶬	nang	4	0
𠶰	diao	1	0
𠶱	luo	4	0
𠶲	ke	4	0
𠶷	yi	4	0
𠶸	jue	2	0
𠶹	he	2	0
𠶻	ji	2	0
𠶾	he	4	0
𠶿	nie	4	0
𠷀	run	3	0
𠷁	qian	2	0
𠷂	dai	4	0
𠷃	shao	1	0
𠷄	ke	4	0
𠷅	zhu	2	0
𠷇	shi	1	0
𠷈	lv	4	0
𠷉	jia	1	0
𠷊	pian	2	0
𠷋	hou	4	0
𠷌	ji	1	0
𠷍	ta	4	0
𠷎	chou	2	0
𠷏	wo	1	0
𠷐	jing	4	0
𠷑	po	1	0
𠷒	zhai	1	0
𠷓	xin	1	0
𠷖	bian	4	0
𠷙	xu	4	0
𠷞	gu	1	0
𠷟	jie	4	0
𠷢	xian	2	0
𠷸	e	2	0
𠷺	bo	2	0
𠷻	piao	1	0
𠷿	za	3	0
𠸁	pai	4	0
𠸂	tu	1	0
𠸄	ying	1	0
𠸮	xiang	3	0
𠸱	nuo	4	0
𠸲	ge	1	0
𠸳	bo	2	0
𠸴	xie	4	0
𠸸	zhen	1	0
𠸹	yu	2	0
𠸺	ni	4	0
𠹀	xun	4	0
𠹁	wa	4	0
𠹃	ang	4	0
𠹄	han	4	0
𠹅	hong	1	0
𠹆	dan	1	0
𠹈	nuo	2	0
𠹊	cao	3	0
𠹋	ji	2	0
𠹌	neng	3	0
𠹍	yong	3	0
𠹎	xiao	1	0
𠹐	chua	3	0
𠹑	yao	4	0
𠹓	ge	2	0
𠹔	tang	2	0
𠹕	bao	4	0
𠹖	chan	3	0
𠹘	xu	4	0
𠹛	hai	2	0
𠹝	chou	2	0
𠹟	jian	3	0
𠹠	zuo	1	0
𠹤	wei	4	0
𠹥	da	1	0
𠹦	pi	1	0
𠺐	huan	4	0
𠺒	xi	1	0
𠺔	pen	4	0
𠺕	liu	1	0
𠺖	mu	3	0
𠺗	mie	1	0
𠺘	lang	4	0
𠺙	tui	4	0
𠺚	ban	1	0
𠺝	ge	1	0
𠺟	ku	4	0
𠺢	jia	1	0
𠺣	bo	1	0
𠻍	huan	4	0
𠻏	zu	2	0
𠻐	luo	4	0
𠻗	li	2	0
𠻙	he	2	0
𠻚	mo	2	0
𠻜	shui	4	0
𠻝	shen	1	0
𠻞	kang	3	0
𠻟	chi	4	0
𠻠	ling	2	0
𠻡	luo	3	0
𠻤	yan	3	0
𠻥	zhao	4	0
𠻦	chua	3	0
𠻧	gu	3	0
𠻨	qin	3	0
𠻪	tan	2	0
𠻫	fen	4	0
𠻬	tu	2	0
𠻱	ling	2	0
𠻴	lang	3	0
𠼖	lan	2	0
𠼗	zan	4	0
𠼘	wu	4	0
𠼝	li	2	0
𠼞	a	1	0
𠼟	lve	4	0
𠼠	zhi	3	0
𠼡	chou	2	0
𠼢	jiang	4	0
𠼤	jian	1	0
𠼩	lun	2	0
𠼪	yi	2	0
𠼬	shang	1	0
𠼻	ji	1	0
𠽜	yi	4	0
𠽝	nin	2	0
𠽡	hui	4	0
𠽣	zha	1	0
𠽦	han	3	0
𠽨	yin	3	0
𠽩	bi	4	0
𠽪	an	1	0
𠽫	xia	1	0
𠽬	ni	2	0
𠽰	di	1	0
𠽱	jian	3	0
𠽲	pan	2	0
𠽵	yu	4	0
𠽶	chuai	4	0
𠽷	za	1	0
𠽹	cha	2	0
𠽻	zhe	2	0
𠽼	se	4	0
𠽾	pen	1	0
𠽿	gu	1	0
𠾀	zhe	2	0
𠾆	li	2	0
𠾇	dou	1	0
𠾉	chou	2	0
𠾋	zui	3	0
𠾌	po	4	0
𠾏	she	1	0
𠾐	long	2	0
𠾢	shu	4	0
𠾤	jin	4	0
𠾥	ling	2	0
𠾨	kang	1	0
𠾩	la	4	0
𠾫	xu	1	0
𠾬	jin	4	0
𠾮	chuan	1	0
𠾲	yue	4	0
𠿆	mai	3	0
𠿇	xie	4	0
𠿈	jiu	1	0
𠿉	ji	4	0
𠿋	yue	4	0
𠿏	jian	1	0
𠿑	han	2	0
𠿓	sa	4	0
𠿔	hui	4	0
𠿕	qiao	4	0
𠿗	se	4	0
𠿘	zui	3	0
𠿛	lu	3	0
𠿜	hua	4	0
𠿝	chu	1	0
𠿞	shan	3	0
𠿟	wo	4	0
𠿠	ji	2	0
𠿡	zhuo	2	0
𠿢	xian	2	0
𠿣	yi	1	0
𠿤	guo	2	0
𠿥	kui	4	0
𡀑	zhou	1	0
𡀔	lu	4	0
𡀖	bo	1	0
𡀗	shi	2	0
𡀘	ying	4	0
𡀙	ku	1	0
𡀹	zhi	4	0
𡀺	xie	2	0
𡀽	ye	4	0
𡀾	e	4	0
𡀿	lv	4	0
𡁀	han	4	0
𡁁	ye	4	0
𡁆	luo	4	0
𡁇	chuo	4	0
𡁈	fan	4	0
𡁉	zhi	2	0
𡁊	ying	4	0
𡁋	wen	3	0
𡁌	wa	1	0
𡁍	ai	4	0
𡁎	yu	2	0
𡁑	hua	1	0
𡁓	lie	4	0
𡁔	jing	1	0
𡁕	za	2	0
𡁧	zang	1	0
𡁨	dui	4	0
𡁪	ji	4	0
𡁮	wo	1	0
𡁰	ji	2	0
𡁱	xi	1	0
𡁳	zhan	4	0
𡁴	tuan	2	0
𡂊	yu	2	0
𡂏	lie	4	0
𡂒	zhi	4	0
𡂓	shi	1	0
𡂕	lao	3	0
𡂖	lai	4	0
𡂗	wei	3	0
𡂘	pao	2	0
𡂙	chi	2	0
𡂚	ying	3	0
𡂛	dou	4	0
𡂝	dou	4	0
𡂟	bao	4	0
𡂠	qie	4	0
𡂡	shu	4	0
𡂣	zhi	2	0
𡂩	lie	4	0
𡂫	peng	2	0
𡂭	zhe	1	0
𡂿	ou	1	0
𡃂	xie	4	0
𡃃	ji	2	0
𡃄	lai	4	0
𡃅	ying	2	0
𡃆	ceng	1	0
𡃖	le	1	0
𡃝	lun	4	0
𡃡	long	2	0
𡃢	xi	4	0
𡃦	lin	4	0
𡃩	gui	1	0
𡃳	xing	1	0
𡃷	li	2	0
𡃸	ci	1	0
𡄇	qing	3	0
𡄑	jian	1	0
𡄒	dao	4	0
𡄓	jian	3	0
𡄔	qing	4	0
𡄕	xie	4	0
𡄖	ying	4	0
𡄟	ha	2	0
𡄡	zhe	5	0
𡄢	she	1	0
𡄣	mi	2	0
𡄤	huan	2	0
𡄱	cu	4	0
𡄲	ru	2	0
𡄳	sa	3	0
𡄴	huo	4	0
𡄵	yi	1	0
𡄷	di	1	0
𡄹	luan	4	0
𡄻	yi	4	0
𡅂	bo	4	0
𡅃	pang	2	0
𡅄	tan	2	0
𡅅	e	2	0
𡅆	zang	1	0
𡅇	cong	2	0
𡅓	zhai	1	0
𡅕	xi	3	0
𡅖	mang	3	0
𡅘	la	4	0
𡅙	yun	4	0
𡅡	e	4	0
𡅥	die	2	0
𡅭	guan	1	0
𡅱	huan	4	0
𡅵	shi	4	0
𡅶	jian	3	0
𡅹	zhan	1	0
𡅺	ji	2	0
𡅻	huan	4	0
𡆅	wan	4	0
𡆆	luo	3	0
𡆏	dou	4	0
𡆕	lian	4	0
𡆣	nie	4	0
𡆤	nan	3	0
𡆥	jiu	4	0
𡆦	yue	4	0
𡆩	yao	1	0
𡆪	chuang	1	0
𡆮	can	3	0
𡆯	li	3	0
𡆰	dun	4	0
𡆱	nan	3	0
𡆲	nan	3	0
𡆸	ri	4	0
𡆽	yue	4	0
𡇀	you	2	0
𡇂	yin	1	0
𡇄	guo	2	0
𡇈	dang	4	0
𡇑	zhen	1	0
𡇒	mi	2	0
𡇓	die	2	0
𡇖	zhen	1	0
𡇚	kua	1	0
𡇜	han	2	0
𡇝	song	4	0
𡇞	he	2	0
𡇟	ji	1	0
𡇠	zhe	2	0
𡇤	bing	3	0
𡇦	wei	2	0
𡇧	tou	1	0
𡇩	tu	2	0
𡇬	gang	1	0
𡇭	lou	2	0
𡇮	quan	2	0
𡇯	hun	4	0
𡇰	zhuan	3	0
𡇱	que	4	0
𡇳	hong	2	0
𡇵	dang	4	0
𡇶	he	2	0
𡇷	tai	4	0
𡇸	guai	1	0
𡇺	yu	4	0
𡇼	ya	4	0
𡇿	wan	1	0
𡈀	qun	1	0
𡈅	jue	2	0
𡈆	ou	1	0
𡈉	quan	1	0
𡈊	zhi	2	0
𡈍	ling	2	0
𡈎	wu	1	0
𡈏	xin	4	0
𡈐	da	2	0
𡈒	yuan	1	0
𡈓	yuan	4	0
𡈗	mo	4	0
𡈙	you	2	0
𡈛	yuan	1	0
𡈞	wu	3	0
𡈠	zhang	1	0
𡈣	xuan	1	0
𡈦	rao	3	0
𡈧	gun	3	0
𡈨	yu	4	0
𡈮	xia	2	0
𡈯	bian	3	0
𡈰	you	2	0
𡈲	yin	1	0
𡈴	xuan	2	0
𡈵	you	2	0
𡈶	lei	2	0
𡈼	ting	3	0
𡈿	zhen	1	0
𡉄	zai	4	0
𡉅	ga	1	0
𡉆	la	2	0
𡉉	que	4	0
𡉎	ju	2	0
𡉐	chun	1	0
𡉑	da	1	0
𡉒	tun	2	0
𡉓	ai	1	0
𡉗	zi	3	0
𡉚	huang	2	0
𡉛	yi	4	0
𡉩	bao	4	0
𡉪	chi	2	0
𡉭	ri	4	0
𡉴	lu	2	0
𡉷	jie	2	0
𡉸	shi	4	0
𡉺	zuan	1	0
𡊁	yi	4	0
𡊄	fen	4	0
𡊅	fen	4	0
𡊉	mo	4	0
𡊍	shu	4	0
𡊑	xi	3	0
𡊛	ao	2	0
𡊝	pi	3	0
𡊞	ping	2	0
𡊟	po	1	0
𡊠	jia	2	0
𡊡	zhou	2	0
𡊣	qiu	1	0
𡊧	you	3	0
𡊨	tan	2	0
𡊫	rong	3	0
𡊭	mi	4	0
𡊶	yi	4	0
𡊸	rong	3	0
𡊻	lie	4	0
𡊼	qiong	2	0
𡋙	hui	2	0
𡋚	ji	4	0
𡋟	gao	4	0
𡋤	jin	4	0
𡋧	you	2	0
𡋨	cha	1	0
𡋩	de	2	0
𡋪	yin	1	0
𡋬	yu	4	0
𡋭	bei	4	0
𡋯	bo	2	0
𡌔	qiao	1	0
𡌚	cha	3	0
𡌜	xin	1	0
𡌞	chi	2	0
𡌣	zao	4	0
𡌤	kui	2	0
𡌦	fei	4	0
𡌩	ta	1	0
𡌪	guai	4	0
𡌭	duo	1	0
𡌲	gui	1	0
𡌴	zhi	2	0
𡍌	chan	3	0
𡍍	nao	3	0
𡍐	hu	2	0
𡍒	tao	2	0
𡍡	yi	4	0
𡍤	nie	4	0
𡍥	zhai	4	0
𡍦	huan	2	0
𡍨	du	4	0
𡍪	qi	4	0
𡍫	ce	4	0
𡍮	chui	2	0
𡍲	da	1	0
𡍶	zhi	4	0
𡍷	geng	4	0
𡍻	weng	4	0
𡎉	du	4	0
𡎍	chi	2	0
𡎑	an	4	0
𡎒	kuo	4	0
𡎔	wo	4	0
𡎘	ying	1	0
𡎚	pian	3	0
𡎫	zha	2	0
𡎬	zhua	3	0
𡎮	su	4	0
𡎳	ni	4	0
𡎺	zhu	2	0
𡎻	chan	2	0
𡎾	beng	4	0
𡎿	ni	2	0
𡏀	zhi	2	0
𡏁	hui	4	0
𡏘	xia	4	0
𡏚	zhi	4	0
𡏛	xi	1	0
𡏞	jiang	3	0
𡏩	dui	1	0
𡏪	fu	1	0
𡏭	jiao	1	0
𡏮	chao	2	0
𡏯	bai	4	0
𡏵	lie	4	0
𡏼	ao	2	0
𡐋	zao	1	0
𡐌	chu	4	0
𡐏	tuo	3	0
𡐒	hao	2	0
𡐓	kang	1	0
𡐔	yin	2	0
𡐖	xian	4	0
𡐝	fu	4	0
𡐞	bie	1	0
𡐠	kui	1	0
𡐤	qie	4	0
𡐥	sa	4	0
𡐿	da	1	0
𡑀	ye	3	0
𡑄	zhang	3	0
𡑆	liang	2	0
𡑈	dui	3	0
𡑍	lao	2	0
𡑎	xun	1	0
𡑘	zhi	4	0
𡑚	ku	1	0
𡑞	sui	4	0
𡑟	wo	1	0
𡑣	ku	1	0
𡑯	jian	3	0
𡑶	jiang	3	0
𡑻	zhui	4	0
𡑽	shuang	3	0
𡑾	yu	2	0
𡒁	sa	4	0
𡒃	yu	4	0
𡒄	lan	3	0
𡒊	yu	4	0
𡒌	qian	3	0
𡒍	ju	4	0
𡒏	lie	4	0
𡒒	shu	2	0
𡒓	xian	4	0
𡒖	gai	4	0
𡒢	tai	2	0
𡒧	tian	3	0
𡒯	meng	4	0
𡒱	di	2	0
𡒳	mian	2	0
𡒾	hui	1	0
𡓉	duo	4	0
𡓍	lie	4	0
𡓒	lai	4	0
𡓓	yin	2	0
𡓔	lan	3	0
𡓖	jiao	1	0
𡓘	huo	4	0
𡓣	guo	1	0
𡓦	zhan	4	0
𡓭	mi	3	0
𡓰	kui	1	0
𡓷	duo	4	0
𡓿	yin	2	0
𡔇	lei	4	0
𡔕	gong	4	0
𡔛	ting	3	0
𡔜	yao	2	0
𡔞	wang	3	0
𡔣	jie	2	0
𡔨	xiu	1	0
𡔪	shu	4	0
𡔱	wei	4	0
𡔴	yu	4	0
𡕁	zhan	1	0
𡕉	ang	1	0
𡕏	sang	3	0
𡕐	chou	2	0
𡕒	kua	4	0
𡕖	ju	3	0
𡕗	hai	4	0
𡕢	mian	3	0
𡕧	hang	4	0
𡕪	chou	2	0
𡕮	ling	2	0
𡕰	zong	1	0
𡖉	kun	1	0
𡖌	zhong	1	0
𡖎	zhao	1	0
𡖐	die	3	0
𡖑	gou	3	0
𡖒	yun	2	0
𡖓	dan	1	0
𡖔	nuo	3	0
𡖛	bing	3	0
𡖝	ran	2	0
𡖞	chan	1	0
𡖢	rong	3	0
𡖣	yin	1	0
𡖤	chan	1	0
𡖧	zhi	4	0
𡖪	guai	4	0
𡖫	nuo	2	0
𡖬	shen	1	0
𡖯	su	4	0
𡖲	wo	3	0
𡖳	chi	3	0
𡖺	mie	4	0
𡖻	zhi	2	0
𡖾	qi	1	0
𡗁	gou	1	0
𡗆	lou	3	0
𡗈	zi	1	0
𡗍	dang	3	0
𡗏	xian	3	0
𡗑	rou	3	0
𡗗	peng	3	0
𡗞	xi	1	0
𡗢	kua	1	0
𡗤	gui	4	0
𡗥	chun	2	0
𡗦	jie	4	0
𡗲	jie	4	0
𡗳	xi	1	0
𡗵	ku	1	0
𡗷	gu	1	0
𡗸	zha	4	0
𡗹	fan	4	0
𡗼	xie	4	0
𡘍	huan	2	0
𡘏	niao	3	0
𡘐	xi	4	0
𡘛	cu	1	0
𡘝	gun	3	0
𡘡	xi	1	0
𡘧	qia	2	0
𡘪	mang	1	0
𡘭	zhe	2	0
𡘰	juan	4	0
𡘴	bie	1	0
𡙀	bie	1	0
𡙅	quan	2	0
𡙋	xi	4	0
𡙎	jiao	3	0
𡙐	quan	2	0
𡙑	zhi	3	0
𡙒	tian	1	0
𡙓	kai	1	0
𡙘	san	3	0
𡙛	zi	1	0
𡙣	jie	2	0
𡙪	bie	2	0
𡙬	dou	4	0
𡙭	zui	1	0
𡙶	yan	3	0
𡚁	bi	4	0
𡚅	kuai	3	0
𡚇	yan	4	0
𡚈	wei	2	0
𡚊	huan	1	0
𡚌	hao	4	0
𡚑	gong	1	0
𡚔	meng	2	0
𡚗	lei	3	0
𡚙	di	4	0
𡚛	bing	3	0
𡚜	huan	1	0
𡚟	wa	1	0
𡚠	jue	2	0
𡚨	chi	4	0
𡚭	ba	1	0
𡚮	jiu	3	0
𡚷	di	4	0
𡚹	zhang	4	0
𡚻	da	4	0
𡚼	shi	2	0
𡚽	hao	4	0
𡛌	ye	4	0
𡛗	bi	4	0
𡛘	pi	3	0
𡛙	yao	3	0
𡛜	di	1	0
𡛝	can	4	0
𡛞	pin	2	0
𡛟	yue	4	0
𡛠	qie	1	0
𡛡	pi	1	0
𡛵	tuo	3	0
𡛶	xie	4	0
𡛽	ye	4	0
𡜀	fan	4	0
𡜁	gua	1	0
𡜂	hu	4	0
𡜃	ru	3	0
𡜉	ran	3	0
𡜊	fou	3	0
𡜋	huang	1	0
𡜚	ru	2	0
𡜢	mao	3	0
𡜥	dui	1	0
𡜦	hui	4	0
𡜧	xi	4	0
𡜨	xiu	1	0
𡜫	ran	3	0
𡜬	yi	1	0
𡜯	zhe	2	0
𡜱	ji	4	0
𡜲	gao	4	0
𡜳	you	4	0
𡜵	pu	1	0
𡝈	chu	4	0
𡝉	cu	1	0
𡝊	zhe	2	0
𡝋	niao	3	0
𡝍	qie	4	0
𡝐	cha	2	0
𡝒	niao	3	0
𡝓	sui	1	0
𡝙	cha	2	0
𡝚	cheng	2	0
𡝛	yao	2	0
𡝜	du	4	0
𡝝	wang	1	0
𡝟	nian	4	0
𡝠	mi	2	0
𡝦	nou	3	0
𡝧	xi	4	0
𡝩	yao	1	0
𡝫	chan	1	0
𡞋	can	1	0
𡞘	xie	4	0
𡞙	mie	4	0
𡞚	keng	3	0
𡞜	cu	4	0
𡞞	sheng	3	0
𡞟	pan	4	0
𡞠	hu	4	0
𡞢	ke	4	0
𡞣	xian	4	0
𡞥	hou	2	0
𡞦	qiong	2	0
𡞧	zong	1	0
𡞪	fu	2	0
𡞫	nai	4	0
𡞭	ni	4	0
𡞯	ku	3	0
𡞾	nen	4	0
𡟍	ge	1	0
𡟑	hou	2	0
𡟓	ai	1	0
𡟕	shi	1	0
𡟞	xiu	1	0
𡟟	cong	1	0
𡟠	jiao	1	0
𡟢	zha	2	0
𡟣	xiao	1	0
𡟤	lian	4	0
𡟥	qu	3	0
𡟨	shan	3	0
𡟩	xie	4	0
𡟫	gong	4	0
𡟬	mie	4	0
𡟭	chai	2	0
𡟯	en	1	0
𡟳	dou	4	0
𡠆	kou	4	0
𡠊	tiao	2	0
𡠋	shi	1	0
𡠏	sang	1	0
𡠒	guan	1	0
𡠖	hao	4	0
𡠗	zhi	4	0
𡠘	yang	4	0
𡠙	tong	1	0
𡠚	bi	4	0
𡠜	mo	2	0
𡠞	fu	2	0
𡠟	zhu	2	0
𡠥	qiang	2	0
𡠹	zhi	4	0
𡠼	sou	1	0
𡠿	niao	3	0
𡡀	juan	4	0
𡡂	yang	4	0
𡡄	huang	1	0
𡡈	beng	1	0
𡡉	mo	2	0
𡡊	chao	2	0
𡡎	lv	3	0
𡡏	shao	1	0
𡡐	bu	3	0
𡡑	zeng	1	0
𡡒	si	1	0
𡡔	zui	4	0
𡡕	yue	1	0
𡡖	zan	1	0
𡡗	luan	3	0
𡡥	qu	2	0
𡡺	miao	3	0
𡢀	zhuan	4	0
𡢈	dang	4	0
𡢊	yuan	1	0
𡢒	ju	3	0
𡢕	hui	3	0
𡢖	qi	4	0
𡢘	yun	4	0
𡢚	man	4	0
𡢜	mo	3	0
𡢱	piao	1	0
𡢳	jin	4	0
𡢹	yao	1	0
𡣀	chi	4	0
𡣁	ni	4	0
𡣂	sou	1	0
𡣈	shu	4	0
𡣋	piao	1	0
𡣔	han	4	0
𡣠	yao	1	0
𡣢	nei	2	0
𡣪	shi	4	0
𡣬	yuan	1	0
𡣮	cai	4	0
𡣯	jie	2	0
𡣹	xie	4	0
𡣽	yan	2	0
𡣾	xiao	1	0
𡤋	xie	4	0
𡤌	li	4	0
𡤎	fan	4	0
𡤗	zhu	4	0
𡤙	na	4	0
𡤛	zhuan	3	0
𡤞	kui	1	0
𡤢	luo	2	0
𡤫	qia	1	0
𡤶	wan	1	0
𡤽	shu	3	0
𡤿	cheng	4	0
𡥁	yi	4	0
𡥆	hao	3	0
𡥈	jiao	4	0
𡥋	hui	4	0
𡥍	xiao	4	0
𡥎	ci	2	0
𡥞	ji	4	0
𡥦	ni	3	0
𡥧	jin	4	0
𡥨	ni	3	0
𡥩	ti	3	0
𡥶	ju	4	0
𡥸	ming	4	0
𡥽	li	2	0
𡥿	zhong	4	0
𡦁	xu	4	0
𡦃	qiong	2	0
𡦄	fu	2	0
𡦆	bin	4	0
𡦊	ji	4	0
𡦍	qi	2	0
𡦎	xi	4	0
𡦔	deng	4	0
𡦕	er	2	0
𡦛	shu	2	0
𡦜	tong	2	0
𡦝	xiao	2	0
𡦟	pi	2	0
𡦨	dan	3	0
𡦪	ji	2	0
𡦳	xiao	4	0
𡦷	cong	2	0
𡦻	bin	1	0
𡦼	rong	3	0
𡧍	mian	4	0
𡧒	mian	4	0
𡧔	shu	1	0
𡧕	xiao	2	0
𡧖	bao	3	0
𡧗	wa	4	0
𡧙	pao	4	0
𡧣	gai	3	0
𡧥	hu	1	0
𡧦	heng	2	0
𡧨	zhu	2	0
𡧩	guai	1	0
𡧭	gui	4	0
𡧹	dai	4	0
𡧼	bin	1	0
𡧽	huang	3	0
𡨀	cha	2	0
𡨄	xia	4	0
𡨅	ju	2	0
𡨇	yao	3	0
𡨖	fen	3	0
𡨗	zao	4	0
𡨛	feng	1	0
𡨢	ju	1	0
𡨣	yu	4	0
𡨩	hun	1	0
𡨲	jie	2	0
𡨳	xiong	4	0
𡨵	nai	4	0
𡨻	nou	3	0
𡨽	sheng	3	0
𡨿	yu	4	0
𡩂	huan	2	0
𡩃	geng	3	0
𡩄	wan	3	0
𡩆	tuo	2	0
𡩇	qiao	1	0
𡩘	yin	4	0
𡩚	jia	1	0
𡩡	suo	3	0
𡩣	jie	2	0
𡩤	xi	1	0
𡩥	weng	3	0
𡩩	mang	2	0
𡩶	yang	2	0
𡩸	yao	2	0
𡩽	mang	2	0
𡩾	ou	1	0
𡪁	an	2	0
𡪅	lou	4	0
𡪑	e	4	0
𡪒	zi	3	0
𡪗	e	4	0
𡪙	an	4	0
𡪞	huo	4	0
𡪠	ceng	2	0
𡪰	xiong	4	0
𡪱	ji	4	0
𡪳	zuo	2	0
𡪵	qi	2	0
𡪺	zheng	1	0
𡫀	ji	1	0
𡫁	qi	1	0
𡫂	juan	3	0
𡫃	ning	2	0
𡫟	se	4	0
𡫥	he	4	0
𡫦	rong	3	0
𡫧	qin	3	0
𡫬	ju	1	0
𡫯	li	4	0
𡫵	shi	2	0
𡫸	ni	4	0
𡫹	xian	2	0
𡫺	fu	1	0
𡫽	ru	3	0
𡬁	xiong	4	0
𡬂	gui	4	0
𡬄	ji	4	0
𡬆	meng	3	0
𡬇	fu	1	0
𡬉	sai	4	0
𡬊	yu	4	0
𡬋	jiao	4	0
𡬌	meng	4	0
𡬍	long	2	0
𡬎	qiang	1	0
𡬐	mi	2	0
𡬓	yi	2	0
𡬕	long	2	0
𡬖	han	1	0
𡬗	ni	4	0
𡬘	lao	4	0
𡬙	seng	4	0
𡬜	lin	3	0
𡬞	yu	4	0
𡬥	nuo	2	0
𡬫	wu	4	0
𡬯	bian	3	0
𡬲	bian	3	0
𡬳	xuan	1	0
𡬵	jian	1	0
𡬸	bian	3	0
𡭂	de	2	0
𡭇	zhuan	1	0
𡭋	rong	3	0
𡭐	shuan	4	0
𡭘	jia	1	0
𡭛	hui	3	0
𡭞	zhan	1	0
𡭢	bai	4	0
𡭣	lie	4	0
𡭥	xie	1	0
𡭭	jian	3	0
𡭮	shou	3	0
𡭳	kao	4	0
𡭷	guan	1	0
𡭸	luan	4	0
𡭾	nou	3	0
𡭿	chang	3	0
𡮎	liang	2	0
𡮙	nai	4	0
𡮚	ru	3	0
𡮞	zhi	4	0
𡮦	cao	2	0
𡮰	li	4	0
𡮻	lan	2	0
𡮿	chan	1	0
𡯁	wang	1	0
𡯄	li	4	0
𡯇	wu	4	0
𡯈	pao	2	0
𡯉	you	4	0
𡯋	gan	1	0
𡯏	an	1	0
𡯐	xiu	1	0
𡯑	shui	3	0
𡯒	rui	3	0
𡯘	ban	3	0
𡯙	you	2	0
𡯢	huo	2	0
𡯥	hui	1	0
𡯨	zuo	4	0
𡯩	xiao	1	0
𡯫	mian	2	0
𡯰	ga	4	0
𡯱	yuan	3	0
𡯳	bo	4	0
𡯴	chao	4	0
𡯵	tui	3	0
𡯷	bo	4	0
𡯽	ga	4	0
𡯿	tiao	1	0
𡰀	na	2	0
𡰅	hu	2	0
𡰆	nie	4	0
𡰋	hui	2	0
𡰌	lou	3	0
𡰎	ti	2	0
𡰐	qiao	4	0
𡰑	qiao	2	0
𡰒	zhong	3	0
𡰖	di	1	0
𡰚	lin	2	0
𡰝	quan	2	0
𡰞	zhuan	1	0
𡰠	lei	2	0
𡰢	xie	2	0
𡰥	ren	2	0
𡰨	dang	1	0
𡰪	du	1	0
𡰫	nian	3	0
𡰯	shi	3	0
𡰲	xian	2	0
𡰹	zhi	2	0
𡰽	ai	4	0
𡰾	ci	1	0
𡰿	pu	2	0
𡱁	shi	3	0
𡱅	qu	1	0
𡱆	shu	3	0
𡱇	dian	1	0
𡱉	xiao	3	0
𡱊	shui	3	0
𡱌	huan	2	0
𡱐	yi	2	0
𡱑	juan	1	0
𡱔	zhi	3	0
𡱜	zhao	4	0
𡱣	xu	4	0
𡱯	long	4	0
𡱱	zhu	4	0
𡱳	suo	3	0
𡱷	die	2	0
𡱺	qu	2	0
𡱼	ke	4	0
𡱽	hu	1	0
𡱾	ju	1	0
𡲀	qing	3	0
𡲍	bing	1	0
𡲕	ti	4	0
𡲗	jue	2	0
𡲚	qiu	2	0
𡲣	jiang	4	0
𡲪	yun	4	0
𡲭	mei	4	0
𡲮	pi	1	0
𡲰	qu	2	0
𡲼	mi	4	0
𡲿	ti	4	0
𡳂	kai	4	0
𡳄	bi	3	0
𡳆	qu	1	0
𡳏	tiao	1	0
𡳑	chu	4	0
𡳘	ju	2	0
𡳚	xi	1	0
𡳞	lin	4	0
𡳭	chi	3	0
𡳮	ji	1	0
𡳴	lu	2	0
𡳸	li	4	0
𡳾	jue	2	0
𡴅	zhu	1	0
𡴆	lu	4	0
𡴎	nie	4	0
𡴔	quan	2	0
𡴭	ya	4	0
𡴯	e	4	0
𡴱	hu	4	0
𡵀	mang	2	0
𡵉	wu	4	0
𡵌	cha	1	0
𡵑	qin	1	0
𡵒	jie	2	0
𡵓	hong	2	0
𡵕	dan	1	0
𡵖	en	3	0
𡵗	ze	4	0
𡵘	hu	4	0
𡵙	ang	4	0
𡵚	jie	4	0
𡵛	fu	4	0
𡵜	yong	4	0
𡵝	zong	1	0
𡵞	feng	1	0
𡵬	mu	4	0
𡵶	se	4	0
𡵷	cong	2	0
𡵻	kang	1	0
𡶂	yao	4	0
𡶃	ai	4	0
𡶄	bao	1	0
𡶆	po	3	0
𡶈	shi	3	0
𡶉	fan	4	0
𡶋	ju	2	0
𡶌	pi	2	0
𡶎	wei	4	0
𡶏	ku	1	0
𡶐	qie	2	0
𡶑	gan	1	0
𡶢	kuang	4	0
𡶣	sui	4	0
𡶤	beng	1	0
𡶥	jia	1	0
𡶦	ya	4	0
𡶪	kan	4	0
𡶫	nie	4	0
𡶭	xing	2	0
𡶯	xi	4	0
𡶱	lin	4	0
𡶲	duo	3	0
𡶴	chan	3	0
𡷈	shi	4	0
𡷋	dui	4	0
𡷍	jiang	1	0
𡷎	yu	3	0
𡷏	lu	4	0
𡷐	en	3	0
𡷓	gu	3	0
𡷕	wei	3	0
𡷖	che	1	0
𡷗	huan	4	0
𡷘	bie	2	0
𡷛	han	4	0
𡷜	tui	2	0
𡷝	na	4	0
𡷞	qi	3	0
𡷠	tou	2	0
𡷡	yuan	1	0
𡷢	wang	2	0
𡷤	wu	2	0
𡷥	gao	4	0
𡷨	keng	1	0
𡷪	yi	2	0
𡷸	xiao	1	0
𡷺	gui	3	0
𡷻	ya	4	0
𡷼	sui	4	0
𡷽	song	3	0
𡷿	zhuo	2	0
𡸂	tu	1	0
𡸃	xian	3	0
𡸈	ze	4	0
𡸉	li	4	0
𡸌	zhu	4	0
𡸎	jie	2	0
𡸑	ti	4	0
𡸔	xie	2	0
𡸕	qiong	2	0
𡸗	ya	4	0
𡸘	ju	1	0
𡸛	yin	2	0
𡸜	zhi	2	0
𡸞	kan	3	0
𡸟	zi	1	0
𡸡	ke	1	0
𡸣	nie	4	0
𡸤	qiang	2	0
𡸥	wan	3	0
𡸦	ze	2	0
𡸨	ju	1	0
𡸪	zi	4	0
𡹄	ya	4	0
𡹇	lin	2	0
𡹉	qi	2	0
𡹎	hui	2	0
𡹓	qi	4	0
𡹕	yang	2	0
𡹖	sui	4	0
𡹘	qi	3	0
𡹙	gui	1	0
𡹢	qin	4	0
𡹣	e	1	0
𡹥	zuo	4	0
𡹨	ze	4	0
𡹩	qi	4	0
𡹪	ji	2	0
𡹬	tuo	2	0
𡹭	die	2	0
𡹯	hui	4	0
𡹰	mao	2	0
𡹲	xu	3	0
𡹵	hou	2	0
𡹶	yan	3	0
𡹷	xiang	2	0
𡹸	cong	1	0
𡹹	hu	2	0
𡹼	an	4	0
𡹾	bing	3	0
𡺃	qiang	1	0
𡺇	duo	3	0
𡺐	zhu	3	0
𡺑	die	2	0
𡺒	you	1	0
𡺓	qi	3	0
𡺔	shi	2	0
𡺕	xun	1	0
𡺖	you	1	0
𡺗	kan	1	0
𡺘	qiao	3	0
𡺛	qiang	1	0
𡺜	pen	2	0
𡺟	quan	2	0
𡺡	ying	2	0
𡺧	sha	1	0
𡺫	tao	1	0
𡺭	hong	4	0
𡺮	pi	3	0
𡺯	yao	2	0
𡺴	tu	2	0
𡺵	chai	2	0
𡺷	xia	4	0
𡺸	qi	2	0
𡺺	qiong	2	0
𡺽	jin	4	0
𡻈	zhen	1	0
𡻌	zhu	1	0
𡻎	xi	1	0
𡻐	weng	1	0
𡻑	zhong	3	0
𡻕	sui	4	0
𡻘	ke	1	0
𡻙	kuo	4	0
𡻚	kang	3	0
𡻝	chao	2	0
𡻞	bi	4	0
𡻟	mo	4	0
𡻠	zhu	4	0
𡻡	han	4	0
𡻢	yu	3	0
𡻣	yi	2	0
𡻤	ma	2	0
𡻧	qi	4	0
𡻨	gun	4	0
𡻩	man	4	0
𡻪	liao	2	0
𡻫	lin	2	0
𡻬	zu	2	0
𡻭	lei	3	0
𡻮	hu	4	0
𡻯	chuang	3	0
𡻰	qi	4	0
𡻱	lei	2	0
𡼁	chi	1	0
𡼃	po	2	0
𡼄	die	2	0
𡼊	lei	3	0
𡼎	yi	3	0
𡼓	dian	4	0
𡼖	dun	1	0
𡼗	gao	1	0
𡼘	hu	1	0
𡼚	xiao	1	0
𡼛	ga	2	0
𡼜	peng	1	0
𡼬	shen	3	0
𡼱	wei	2	0
𡼻	dui	4	0
𡼼	chao	2	0
𡼽	yin	3	0
𡼾	kuai	4	0
𡼿	ku	1	0
𡽁	zui	4	0
𡽂	gu	3	0
𡽅	yun	4	0
𡽆	zhi	4	0
𡽉	ji	4	0
𡽊	cheng	1	0
𡽖	xie	4	0
𡽗	xian	3	0
𡽛	zui	3	0
𡽜	an	2	0
𡽝	hao	1	0
𡽠	po	3	0
𡽢	di	2	0
𡽣	ye	4	0
𡽧	nao	2	0
𡽱	jie	2	0
𡽲	bang	4	0
𡽳	lan	3	0
𡽴	cang	2	0
𡽶	bi	4	0
𡽻	zhan	3	0
𡽼	qi	4	0
𡾂	nao	2	0
𡾅	lv	4	0
𡾇	kuang	4	0
𡾉	mo	2	0
𡾋	lei	3	0
𡾌	pao	2	0
𡾒	li	4	0
𡾓	ceng	2	0
𡾕	dang	4	0
𡾖	lei	3	0
𡾙	e	4	0
𡾛	beng	4	0
𡾜	jue	2	0
𡾥	xuan	2	0
𡾦	nie	4	0
𡾨	hai	4	0
𡾮	xian	3	0
𡾰	jian	3	0
𡾱	mi	2	0
𡾲	nie	4	0
𡾻	cang	2	0
𡾼	song	3	0
𡾽	zeng	1	0
𡾾	yi	4	0
𡿂	chong	2	0
𡿄	cang	2	0
𡿉	lei	3	0
𡿊	nuo	2	0
𡿋	li	4	0
𡿎	li	2	0
𡿏	luo	2	0
𡿓	tang	3	0
𡿖	nie	4	0
𡿗	nie	4	0
𡿙	ji	1	0
𡿛	lei	3	0
𡿝	nang	4	0
𡿠	lin	2	0
𡿡	ling	2	0
𡿤	xian	2	0
𡿥	yu	4	0
𡿧	zai	1	0
𡿨	quan	3	0
𡿩	lie	4	0
𡿯	yu	4	0
𡿰	huang	1	0
𡿺	nao	3	0
𡿼	xun	4	0
𡿾	ju	2	0
𡿿	huo	4	0
𢀁	yi	4	0
𢀊	xi	1	0
𢀋	se	4	0
𢀌	jiao	3	0
𢀍	yong	1	0
𢀕	shi	1	0
𢀖	jing	1	0
𢀗	wan	4	0
𢀘	ye	3	0
𢀙	jiu	1	0
𢀜	gong	3	0
𢀡	hui	1	0
𢀪	er	3	0
𢀵	han	4	0
𢀼	fu	2	0
𢁀	fu	2	0
𢁁	zhuo	2	0
𢁂	ji	1	0
𢁏	bang	1	0
𢁒	qi	2	0
𢁓	shi	3	0
𢁕	diao	3	0
𢁖	pei	4	0
𢁗	xian	3	0
𢁘	san	1	0
𢁝	chang	2	0
𢁞	yue	1	0
𢁠	gong	1	0
𢁢	wu	1	0
𢁤	fen	1	0
𢁧	chan	3	0
𢁩	nei	4	0
𢁪	jue	2	0
𢁬	zhao	3	0
𢁮	qian	2	0
𢁱	ao	3	0
𢁶	wang	3	0
𢁷	zhong	1	0
𢁹	huang	1	0
𢁻	bu	4	0
𢁼	zhu	3	0
𢁽	bi	4	0
𢁾	chao	1	0
𢁿	zheng	1	0
𢂀	fu	2	0
𢂁	kou	1	0
𢂃	zuo	2	0
𢂄	xuan	4	0
𢂆	fu	4	0
𢂊	yao	3	0
𢂍	bo	1	0
𢂏	bei	4	0
𢂐	xie	2	0
𢂑	shi	4	0
𢂒	yi	2	0
𢂔	hong	2	0
𢂕	cui	4	0
𢂗	yi	4	0
𢂘	zhuan	1	0
𢂝	chi	4	0
𢂤	po	1	0
𢂨	yin	2	0
𢂱	yuan	4	0
𢂶	jiong	1	0
𢂹	mao	4	0
𢂺	qian	4	0
𢂼	yi	4	0
𢃀	wu	2	0
𢃍	bei	1	0
𢃎	huo	4	0
𢃏	cong	2	0
𢃐	kong	1	0
𢃕	ta	4	0
𢃗	han	4	0
𢃘	qian	4	0
𢃜	zhi	2	0
𢃢	se	4	0
𢃥	qian	1	0
𢃦	guo	3	0
𢃩	gun	3	0
𢃬	jian	1	0
𢃭	zhong	1	0
𢃮	mian	3	0
𢃯	gui	3	0
𢃰	shi	4	0
𢃱	mou	2	0
𢃲	e	4	0
𢃳	ba	3	0
𢃴	la	4	0
𢃸	zhou	4	0
𢃺	ji	2	0
𢄀	zao	3	0
𢄄	zha	1	0
𢄅	yi	4	0
𢄇	gou	3	0
𢄊	gui	1	0
𢄋	ying	1	0
𢄌	shai	3	0
𢄍	he	2	0
𢄎	bang	4	0
𢄏	mo	4	0
𢄐	meng	2	0
𢄓	wu	4	0
𢄔	dai	4	0
𢄗	jiong	3	0
𢄜	han	4	0
𢄟	tong	1	0
𢄠	kou	1	0
𢄡	li	2	0
𢄢	zhi	4	0
𢄣	hui	4	0
𢄤	zan	3	0
𢄦	diao	3	0
𢄧	cu	4	0
𢄱	zhi	4	0
𢄳	kua	3	0
𢄵	xiang	4	0
𢄶	hua	4	0
𢄷	liao	2	0
𢄸	cui	4	0
𢄹	qiao	1	0
𢄺	jiao	3	0
𢄼	xu	1	0
𢄽	er	4	0
𢄿	tuo	1	0
𢅀	tan	2	0
𢅁	zhi	4	0
𢅈	nao	3	0
𢅉	mao	4	0
𢅊	di	4	0
𢅋	ceng	2	0
𢅎	jiao	3	0
𢅏	lian	2	0
𢅑	sha	1	0
𢅒	dan	4	0
𢅕	sui	4	0
𢅖	lian	2	0
𢅗	guo	4	0
𢅚	biao	3	0
𢅜	ci	4	0
𢅝	dian	4	0
𢅞	lv	4	0
𢅟	ni	3	0
𢅠	yan	3	0
𢅡	lan	2	0
𢅤	gai	4	0
𢅥	chu	2	0
𢅩	bi	4	0
𢅪	zu	2	0
𢅫	hui	4	0
𢅭	lai	3	0
𢅮	xian	2	0
𢅯	fen	4	0
𢅰	he	4	0
𢅹	yao	4	0
𢅺	zhan	3	0
𢅼	nei	2	0
𢅾	luo	3	0
𢆀	yuan	2	0
𢆂	neng	2	0
𢆉	ren	3	0
𢆜	ge	2	0
𢆞	jian	3	0
𢆟	ping	2	0
𢆣	bie	4	0
𢆦	jian	4	0
𢆩	bing	4	0
𢆯	mi	4	0
𢆰	hu	4	0
𢆴	diao	3	0
𢆶	you	1	0
𢆷	yao	1	0
𢆸	beng	1	0
𢆺	chen	2	0
𢆻	ji	1	0
𢆽	yao	1	0
𢇇	guan	1	0
𢇈	yan	4	0
𢇕	chi	3	0
𢇗	sha	4	0
𢇘	yan	3	0
𢇙	yi	4	0
𢇚	yi	4	0
𢇛	che	4	0
𢇞	han	4	0
𢇟	huang	1	0
𢇤	shui	4	0
𢇥	sui	4	0
𢇦	ren	2	0
𢇧	tan	2	0
𢇨	zhi	3	0
𢇪	fan	4	0
𢇫	feng	3	0
𢇰	tan	2	0
𢇲	mi	2	0
𢇳	pi	2	0
𢇴	bu	4	0
𢇵	na	4	0
𢇶	tian	2	0
𢇷	ba	2	0
𢇸	yi	4	0
𢈂	yan	3	0
𢈄	tiao	1	0
𢈆	yao	2	0
𢈇	shen	3	0
𢈈	ke	1	0
𢈉	tong	2	0
𢈋	xuan	3	0
𢈓	you	4	0
𢈕	bai	4	0
𢈙	xia	2	0
𢈚	lv	3	0
𢈛	kun	4	0
𢈜	zang	1	0
𢈝	qiu	2	0
𢈠	cu	4	0
𢈡	zui	1	0
𢈢	lou	3	0
𢈤	xia	2	0
𢈯	shen	1	0
𢈲	pu	2	0
𢈴	jing	1	0
𢈵	qiang	1	0
𢈶	yi	4	0
𢈸	nie	4	0
𢈹	dui	1	0
𢈻	jie	2	0
𢈼	sui	4	0
𢈽	zhan	4	0
𢈾	cou	1	0
𢉁	beng	1	0
𢉂	guan	1	0
𢉃	she	3	0
𢉅	jin	4	0
𢉆	di	4	0
𢉑	dan	1	0
𢉓	nai	3	0
𢉕	nou	2	0
𢉗	ji	2	0
𢉘	yan	2	0
𢉚	nou	4	0
𢉜	du	4	0
𢉝	wei	4	0
𢉞	pian	1	0
𢉢	hu	2	0
𢉤	jia	4	0
𢉥	ye	4	0
𢉦	jun	3	0
𢉧	lan	2	0
𢉨	la	4	0
𢉩	yin	1	0
𢉭	tui	2	0
𢉵	nao	3	0
𢉺	zu	3	0
𢉿	ma	4	0
𢊀	si	1	0
𢊁	zhi	4	0
𢊄	hui	1	0
𢊅	zhui	4	0
𢊇	hui	4	0
𢊍	chu	2	0
𢊏	che	4	0
𢊒	xiu	1	0
𢊓	lan	2	0
𢊕	cong	1	0
𢊖	shen	4	0
𢊗	mo	4	0
𢊘	yi	1	0
𢊙	yao	2	0
𢊚	xi	3	0
𢊛	zui	3	0
𢊜	bing	4	0
𢊧	yu	2	0
𢊩	lu	4	0
𢊮	tui	2	0
𢊯	wei	3	0
𢊱	fen	2	0
𢊲	shen	3	0
𢊻	liao	2	0
𢋂	shu	3	0
𢋃	dan	3	0
𢋄	juan	3	0
𢋅	yu	2	0
𢋆	xin	4	0
𢋇	yao	2	0
𢋈	su	1	0
𢋒	huo	2	0
𢋔	qian	1	0
𢋚	ma	2	0
𢋝	kai	3	0
𢋡	lu	3	0
𢋣	you	1	0
𢋮	xian	4	0
𢋹	wu	2	0
𢋻	yin	3	0
𢋼	xi	1	0
𢋿	zhai	1	0
𢌀	xie	4	0
𢌄	qu	2	0
𢌈	li	2	0
𢌍	qian	1	0
𢌔	ling	2	0
𢌕	luan	2	0
𢌚	chan	1	0
𢌦	zheng	4	0
𢌨	yan	2	0
𢌲	yin	4	0
𢌳	kui	2	0
𢌷	qu	1	0
𢌹	fu	2	0
𢌻	yu	4	0
𢍁	qi	2	0
𢍆	qi	4	0
𢍇	ji	4	0
𢍈	yuan	1	0
𢍎	gao	4	0
𢍏	juan	4	0
𢍑	qi	2	0
𢍓	gai	3	0
𢍕	quan	4	0
𢍚	wei	4	0
𢍧	zhi	4	0
𢍫	jian	3	0
𢍭	si	4	0
𢍰	yi	4	0
𢍱	qian	1	0
𢍼	li	4	0
𢍿	zang	1	0
𢎀	yi	4	0
𢎂	cai	2	0
𢎃	yi	4	0
𢎄	ge	1	0
𢎆	die	2	0
𢎈	zhi	1	0
𢎉	yi	4	0
𢎋	zai	1	0
𢎌	dai	4	0
𢎎	su	4	0
𢎔	jie	2	0
𢎕	chen	4	0
𢎖	qu	2	0
𢎘	han	4	0
𢎙	xian	2	0
𢎠	quan	2	0
𢎡	jie	2	0
𢎥	juan	4	0
𢎪	dan	4	0
𢎭	jin	1	0
𢎴	bing	1	0
𢎵	hu	2	0
𢎹	jue	2	0
𢎻	yu	2	0
𢏃	li	3	0
𢏄	qiang	2	0
𢏅	shui	3	0
𢏆	ku	1	0
𢏈	zhen	3	0
𢏍	fu	2	0
𢏎	shen	1	0
𢏒	chui	2	0
𢏕	tong	2	0
𢏗	yi	4	0
𢏙	yang	2	0
𢏜	tuo	2	0
𢏝	zhou	1	0
𢏞	ji	2	0
𢏤	xun	4	0
𢏦	shen	3	0
𢏧	xuan	1	0
𢏭	liu	2	0
𢏮	yuan	1	0
𢏯	hu	2	0
𢏰	zheng	4	0
𢏳	peng	1	0
𢏷	jue	2	0
𢐂	zhi	4	0
𢐃	pian	1	0
𢐄	yuan	4	0
𢐆	jian	1	0
𢐊	pang	2	0
𢐎	zhuan	4	0
𢐐	xian	2	0
𢐒	beng	1	0
𢐔	cong	1	0
𢐖	mo	4	0
𢐚	guo	2	0
𢐞	cheng	2	0
𢐟	qiao	1	0
𢐦	bi	4	0
𢐩	qiang	3	0
𢐫	zhou	1	0
𢐲	fan	2	0
𢐳	bie	1	0
𢐾	bo	2	0
𢐿	rong	3	0
𢑅	ding	3	0
𢑆	quan	2	0
𢑇	jiu	4	0
𢑈	yao	2	0
𢑓	xia	2	0
𢑖	zao	3	0
𢑝	dan	1	0
𢑟	wu	3	0
𢑠	tuo	2	0
𢑢	hu	1	0
𢑧	xi	1	0
𢑬	lai	2	0
𢑮	fei	1	0
𢑹	hu	2	0
𢒆	xian	1	0
𢒉	shan	3	0
𢒍	fei	4	0
𢒐	cuo	4	0
𢒒	fu	2	0
𢒔	chu	4	0
𢒝	diu	1	0
𢒞	lan	4	0
𢒩	xi	3	0
𢒯	biao	1	0
𢒰	yu	4	0
𢒱	sui	4	0
𢒲	xi	3	0
𢒷	pou	2	0
𢒹	shan	3	0
𢒾	jiao	4	0
𢓀	yi	4	0
𢓃	wan	2	0
𢓄	ji	3	0
𢓆	wan	2	0
𢓇	tui	4	0
𢓋	ang	4	0
𢓍	tian	1	0
𢓎	chi	2	0
𢓒	ran	2	0
𢓔	sa	4	0
𢓕	yin	2	0
𢓖	pi	1	0
𢓗	ci	3	0
𢓘	tong	2	0
𢓙	yin	3	0
𢓜	ge	2	0
𢓝	tiao	1	0
𢓞	zheng	1	0
𢓟	zhou	4	0
𢓡	yi	2	0
𢓢	kua	4	0
𢓣	song	1	0
𢓧	di	4	0
𢓬	xie	2	0
𢓮	xiao	1	0
𢓯	guang	4	0
𢓰	tuo	3	0
𢓱	feng	1	0
𢓲	wu	2	0
𢓵	xiu	4	0
𢓿	you	2	0
𢔁	ling	2	0
𢔂	yan	4	0
𢔅	dong	1	0
𢔆	qi	4	0
𢔇	tao	2	0
𢔈	han	2	0
𢔊	chi	2	0
𢔋	song	1	0
𢔑	quan	3	0
𢔔	han	4	0
𢔟	rou	3	0
𢔠	qi	4	0
𢔡	kai	1	0
𢔢	yu	2	0
𢔣	cha	1	0
𢔤	cheng	4	0
𢔥	yu	4	0
𢔧	bing	4	0
𢔩	cong	1	0
𢔪	zhu	1	0
𢔬	yu	4	0
𢔱	jue	2	0
𢔲	liu	4	0
𢔳	sao	1	0
𢔴	yu	4	0
𢕅	shuai	4	0
𢕋	yuan	4	0
𢕎	zhang	1	0
𢕑	shuai	4	0
𢕓	chu	3	0
𢕔	zhang	1	0
𢕕	san	3	0
𢕖	xian	1	0
𢕘	cui	1	0
𢕙	meng	3	0
𢕚	di	2	0
𢕞	zhi	4	0
𢕟	ao	4	0
𢕦	xiu	1	0
𢕨	pian	2	0
𢕪	jiao	4	0
𢕫	kuan	3	0
𢕬	sa	4	0
𢕭	xian	4	0
𢕮	zha	4	0
𢕯	dian	4	0
𢕷	yi	2	0
𢕺	hui	4	0
𢕻	shan	4	0
𢖄	chong	2	0
𢖅	yi	2	0
𢖆	xie	4	0
𢖇	zhi	4	0
𢖈	tiao	4	0
𢖊	ping	1	0
𢖋	xian	2	0
𢖎	xian	1	0
𢖏	su	4	0
𢖑	cuan	2	0
𢖗	song	3	0
𢖛	hei	1	0
𢖝	xian	4	0
𢖟	you	2	0
𢖡	yu	4	0
𢖤	tai	2	0
𢖦	jue	2	0
𢖧	nang	4	0
𢖩	dian	1	0
𢖫	yi	4	0
𢖬	bi	4	0
𢖳	xu	1	0
𢖴	yi	4	0
𢖵	ru	4	0
𢖷	gong	1	0
𢖺	yi	4	0
𢖿	zhi	4	0
𢗀	xin	1	0
𢗂	ji	4	0
𢗄	xia	4	0
𢗈	zhao	1	0
𢗉	ne	4	0
𢗊	xie	4	0
𢗎	yi	4	0
𢗓	yu	3	0
𢗫	fu	3	0
𢗭	she	4	0
𢗯	yuan	2	0
𢗰	fan	3	0
𢗲	fu	1	0
𢗳	wu	4	0
𢗴	xi	1	0
𢗵	hong	3	0
𢗹	ji	4	0
𢗺	chang	4	0
𢗿	mo	4	0
𢘀	pei	4	0
𢘃	mu	2	0
𢘄	qiu	2	0
𢘅	mao	4	0
𢘇	da	2	0
𢘉	xia	2	0
𢘊	shen	1	0
𢘋	te	4	0
𢘌	hong	2	0
𢘍	bi	4	0
𢘙	long	3	0
𢘝	ni	3	0
𢘟	qiao	2	0
𢘧	ruan	3	0
𢘸	jiang	4	0
𢘹	cha	1	0
𢘺	mi	3	0
𢘽	yi	4	0
𢘿	suo	1	0
𢙁	wu	4	0
𢙂	xuan	1	0
𢙅	xi	2	0
𢙇	yi	3	0
𢙐	nao	2	0
𢙑	mai	2	0
𢙒	xiao	1	0
𢙓	wei	4	0
𢙮	kan	4	0
𢙱	long	4	0
𢙲	lv	3	0
𢙳	zhuang	3	0
𢙺	zhi	4	0
𢙼	xing	4	0
𢙾	geng	3	0
𢙿	jin	4	0
𢚀	xian	4	0
𢚁	ji	4	0
𢚂	cuo	4	0
𢚄	lao	2	0
𢚅	fen	3	0
𢚆	ju	4	0
𢚋	miao	4	0
𢚌	xia	2	0
𢚑	su	4	0
𢚨	zhi	4	0
𢚪	hu	4	0
𢚫	kou	4	0
𢚭	suo	3	0
𢚮	ni	4	0
𢚺	teng	1	0
𢚻	zhu	4	0
𢛁	da	2	0
𢛃	qiu	2	0
𢛄	ya	4	0
𢛆	xian	2	0
𢛉	nei	4	0
𢛍	zhi	3	0
𢛎	bie	2	0
𢛒	chong	3	0
𢛓	lan	2	0
𢛔	dong	1	0
𢛕	qun	1	0
𢛖	xiang	4	0
𢛘	xiao	2	0
𢛙	wan	3	0
𢛚	ru	4	0
𢛛	wang	4	0
𢛜	ni	4	0
𢛞	bai	1	0
𢛟	ya	4	0
𢛥	si	1	0
𢛦	yin	3	0
𢛨	yu	4	0
𢛮	li	2	0
𢛯	huo	4	0
𢜗	bang	4	0
𢜣	xi	1	0
𢜥	jiu	1	0
𢜨	xie	4	0
𢜩	qian	1	0
𢜪	nuo	4	0
𢜫	xing	3	0
𢜬	duo	2	0
𢜭	ji	3	0
𢜮	wu	3	0
𢜯	mu	2	0
𢜰	yan	4	0
𢜱	qi	4	0
𢜲	na	2	0
𢜳	chi	4	0
𢜴	hou	2	0
𢜶	sao	4	0
𢜸	nao	2	0
𢜻	cheng	3	0
𢜼	cheng	3	0
𢜽	kui	3	0
𢜿	jia	4	0
𢝀	tu	2	0
𢝁	hong	1	0
𢝂	du	2	0
𢝅	xia	2	0
𢝆	zhong	4	0
𢝇	huo	4	0
𢝈	chong	2	0
𢝉	da	2	0
𢝌	mao	4	0
𢝍	yao	4	0
𢝓	juan	1	0
𢝬	shi	4	0
𢝯	yin	2	0
𢝳	gu	3	0
𢝴	wu	4	0
𢝸	guo	4	0
𢝹	ti	4	0
𢝻	hu	1	0
𢞇	re	3	0
𢞉	yi	2	0
𢞋	tun	3	0
𢞏	qiong	2	0
𢞐	hai	4	0
𢞒	qi	4	0
𢞕	huo	4	0
𢞖	ti	4	0
𢞗	pi	1	0
𢞚	geng	3	0
𢞜	xie	4	0
𢞞	mi	4	0
𢞟	gao	4	0
𢞠	ta	1	0
𢞡	xiang	3	0
𢞣	shu	1	0
𢞦	fu	2	0
𢞬	zhuan	1	0
𢞭	liu	4	0
𢟅	you	2	0
𢟊	cheng	3	0
𢟋	dui	1	0
𢟢	li	2	0
𢟣	yang	4	0
𢟤	li	2	0
𢟧	lu	3	0
𢟨	mu	3	0
𢟩	sui	4	0
𢟪	ai	4	0
𢟭	kou	4	0
𢟯	zhe	2	0
𢟰	ai	4	0
𢟱	teng	2	0
𢟳	lv	4	0
𢟴	tui	2	0
𢟵	bi	1	0
𢟼	meng	2	0
𢟾	hui	4	0
𢟿	huan	2	0
𢠛	kuo	4	0
𢠝	xin	1	0
𢠡	sao	4	0
𢠫	shu	4	0
𢠬	que	4	0
𢠭	ba	1	0
𢠮	tui	4	0
𢠲	fu	4	0
𢠳	bie	1	0
𢠵	tang	3	0
𢠷	xiang	4	0
𢠹	si	1	0
𢠺	bo	2	0
𢠼	mai	2	0
𢠽	dang	4	0
𢠿	gui	4	0
𢡀	hei	1	0
𢡁	xi	1	0
𢡂	dang	4	0
𢡃	yi	4	0
𢡅	bi	1	0
𢡇	gu	1	0
𢡈	cui	4	0
𢡉	se	4	0
𢡍	ge	2	0
𢡎	yu	4	0
𢡏	na	3	0
𢡑	li	4	0
𢡒	zhi	4	0
𢡰	zhao	4	0
𢡴	ji	1	0
𢡵	ruan	3	0
𢡹	chong	4	0
𢢂	jie	2	0
𢢌	chang	4	0
𢢍	zhe	2	0
𢢒	su	4	0
𢢓	yong	1	0
𢢖	qi	4	0
𢢗	zhuo	2	0
𢢚	kai	4	0
𢢜	ye	4	0
𢢞	qi	4	0
𢢹	xiong	4	0
𢣉	yi	1	0
𢣊	chou	3	0
𢣎	tuan	3	0
𢣏	ai	4	0
𢣐	pin	1	0
𢣓	lie	4	0
𢣔	mian	2	0
𢣕	ai	4	0
𢣗	mo	3	0
𢣘	wei	4	0
𢣙	ying	4	0
𢣚	ni	3	0
𢣞	bo	2	0
𢣠	liu	4	0
𢣳	rui	4	0
𢣻	lv	2	0
𢣼	cha	2	0
𢣿	chu	4	0
𢤁	sao	4	0
𢤂	li	2	0
𢤄	song	1	0
𢤆	li	4	0
𢤋	xi	4	0
𢤍	yan	1	0
𢤎	cuo	1	0
𢤐	liu	2	0
𢤘	meng	2	0
𢤚	zhan	4	0
𢤤	zhuang	4	0
𢤧	miao	3	0
𢤩	li	4	0
𢤫	ju	3	0
𢤯	xie	4	0
𢤰	xie	4	0
𢤱	long	3	0
𢤲	long	2	0
𢥂	teng	2	0
𢥃	zhu	4	0
𢥋	chan	2	0
𢥌	xian	3	0
𢥏	ying	2	0
𢥐	pei	4	0
𢥘	xie	2	0
𢥚	jiao	4	0
𢥞	chong	1	0
𢥳	he	1	0
𢥽	tun	3	0
𢦅	hong	3	0
𢦈	man	2	0
𢦊	jin	1	0
𢦌	qu	2	0
𢦍	dou	3	0
𢦎	qiu	2	0
𢦏	zai	1	0
𢦑	sheng	1	0
𢦒	zai	1	0
𢦕	yi	3	0
𢦚	hua	4	0
𢦟	kan	1	0
𢦰	yue	4	0
𢦱	ni	4	0
𢦲	si	1	0
𢦴	wo	3	0
𢦸	can	2	0
𢦺	jian	1	0
𢦼	mie	4	0
𢦽	shao	2	0
𢦿	rong	3	0
𢧀	gan	1	0
𢧅	qiang	2	0
𢧇	shu	2	0
𢧈	zhuo	2	0
𢧏	shi	1	0
𢧐	zhan	4	0
𢧑	ti	4	0
𢧖	zha	2	0
𢧗	zhan	1	0
𢧝	fen	4	0
𢧞	mie	4	0
𢧠	ze	4	0
𢧤	zhi	4	0
𢧥	qian	1	0
𢧦	han	4	0
𢧧	ge	2	0
𢧮	can	2	0
𢧰	guo	2	0
𢧱	jiao	1	0
𢧳	yong	1	0
𢧴	ao	2	0
𢧻	zha	2	0
𢧽	xi	4	0
𢨁	xu	1	0
𢨂	wu	3	0
𢨏	jue	2	0
𢨐	ji	1	0
𢨒	chi	4	0
𢨔	wan	3	0
𢨖	mie	4	0
𢨗	zei	2	0
𢨜	jie	2	0
𢨝	shi	2	0
𢨟	xi	1	0
𢨡	e	4	0
𢨥	hu	4	0
𢨦	hu	4	0
𢨨	li	4	0
𢨫	chu	4	0
𢨮	yi	1	0
𢨯	mao	3	0
𢨰	xu	1	0
𢨱	zhong	1	0
𢨳	yi	4	0
𢨺	liao	2	0
𢨿	jian	1	0
𢩀	jian	3	0
𢩁	ju	2	0
𢩄	zhu	4	0
𢩈	wu	3	0
𢩏	ke	4	0
𢩐	ke	3	0
𢩑	li	4	0
𢩒	bi	3	0
𢩓	ge	2	0
𢩕	xu	1	0
𢩖	sha	1	0
𢩗	ling	2	0
𢩘	ke	1	0
𢩞	bo	2	0
𢩟	bian	1	0
𢩠	shuan	1	0
𢩡	qi	2	0
𢩢	shan	4	0
𢩦	ji	1	0
𢩨	qiao	3	0
𢩮	yi	4	0
𢩯	jue	2	0
𢩰	zhang	3	0
𢩲	xin	4	0
𢩷	tuo	1	0
𢩸	hai	4	0
𢩹	xia	4	0
𢩻	tuo	2	0
𢩼	yi	2	0
𢪃	cu	4	0
𢪇	jiang	1	0
𢪈	nan	2	0
𢪋	peng	3	0
𢪍	jie	2	0
𢪎	xue	1	0
𢪏	hu	2	0
𢪓	yu	2	0
𢪥	you	3	0
𢪦	nu	3	0
𢪧	ye	4	0
𢪪	yin	4	0
𢪬	kong	3	0
𢪶	xiao	1	0
𢪷	xiang	1	0
𢪼	nao	2	0
𢪾	zhang	4	0
𢫐	jie	2	0
𢫓	nu	3	0
𢫔	shan	4	0
𢫘	lu	2	0
𢫢	jia	2	0
𢫧	zhou	3	0
𢫨	rong	3	0
𢫫	lu	4	0
𢫬	sa	4	0
𢫭	nu	4	0
𢫯	bo	2	0
𢫰	zhe	2	0
𢫲	qin	3	0
𢫴	ci	1	0
𢫵	zu	2	0
𢫷	wo	3	0
𢫸	wu	3	0
𢫻	nie	2	0
𢫿	xian	1	0
𢬀	hong	2	0
𢬍	ye	4	0
𢬫	ting	4	0
𢬬	jin	3	0
𢬱	jie	2	0
𢬲	he	4	0
𢬳	tu	1	0
𢬴	zhe	2	0
𢬵	pin	1	0
𢬶	jin	4	0
𢬷	nan	4	0
𢬼	dun	4	0
𢬾	xi	1	0
𢬿	xie	4	0
𢭁	xi	4	0
𢭂	lao	2	0
𢭃	duan	3	0
𢭄	ji	4	0
𢭅	cha	1	0
𢭆	chou	1	0
𢭈	gang	1	0
𢭎	xiang	2	0
𢭏	dao	3	0
𢭥	bian	4	0
𢭦	xiao	1	0
𢭧	xin	1	0
𢮁	yu	3	0
𢮂	xian	2	0
𢮃	li	2	0
𢮄	qian	3	0
𢮇	mei	3	0
𢮉	qiao	1	0
𢮊	ya	4	0
𢮌	qia	1	0
𢮍	qiong	4	0
𢮏	bang	4	0
𢮐	zheng	1	0
𢮚	ze	4	0
𢮛	shuan	4	0
𢮞	sao	4	0
𢯅	lu	4	0
𢯉	xie	2	0
𢯋	fu	3	0
𢯌	zhai	4	0
𢯩	ze	4	0
𢯫	duan	4	0
𢯭	deng	4	0
𢯮	yu	4	0
𢯰	lv	4	0
𢯲	wan	4	0
𢯳	xue	2	0
𢯴	jiao	3	0
𢯵	yue	3	0
𢯶	zhi	4	0
𢯷	wei	3	0
𢯹	ge	2	0
𢯺	ju	3	0
𢯼	yan	3	0
𢯽	cuo	4	0
𢯾	mao	4	0
𢰆	fu	2	0
𢰇	ai	1	0
𢰊	xuan	1	0
𢰌	gang	1	0
𢰍	an	1	0
𢰒	ji	2	0
𢰘	pi	2	0
𢰙	zhi	3	0
𢰜	nuo	2	0
𢰿	pan	4	0
𢱁	yi	2	0
𢱄	jie	2	0
𢱆	zi	1	0
𢱈	jia	4	0
𢱉	wai	3	0
𢱌	jia	4	0
𢱟	chan	3	0
𢱡	suo	3	0
𢱢	suo	3	0
𢱣	ji	2	0
𢱤	song	3	0
𢱦	ti	1	0
𢱧	pi	1	0
𢱨	po	2	0
𢱮	mi	4	0
𢱴	ye	4	0
𢱶	qin	4	0
𢱷	jin	4	0
𢱺	jue	1	0
𢱽	yuan	1	0
𢱾	ruan	2	0
𢲔	ban	4	0
𢲰	bin	1	0
𢲴	wei	4	0
𢲵	zao	4	0
𢲶	qie	4	0
𢲷	sou	1	0
𢲸	lu	3	0
𢲼	die	2	0
𢲽	chuai	1	0
𢲾	bi	4	0
𢲿	zhu	2	0
𢳀	ma	1	0
𢳁	fei	4	0
𢳂	pie	1	0
𢳃	yin	4	0
𢳄	xuan	4	0
𢳆	ao	4	0
𢳇	zhuo	2	0
𢳈	zu	2	0
𢳋	bi	3	0
𢳑	lang	4	0
𢳓	ti	4	0
𢳙	tiao	3	0
𢳚	jian	1	0
𢳟	tong	3	0
𢳽	duo	1	0
𢳾	dong	4	0
𢴂	bian	3	0
𢴠	zhi	4	0
𢴢	fen	2	0
𢴦	kang	2	0
𢴧	zhi	4	0
𢴨	zhai	1	0
𢴩	bi	4	0
𢴪	kuan	3	0
𢴬	ban	4	0
𢴭	jue	1	0
𢴮	qu	1	0
𢴰	qi	1	0
𢴱	lei	2	0
𢴲	xie	2	0
𢴳	tang	1	0
𢴼	sou	1	0
𢴾	bei	4	0
𢵇	yang	4	0
𢵈	jian	3	0
𢵥	zao	4	0
𢵮	lu	1	0
𢶀	zhuai	4	0
𢶃	fan	2	0
𢶅	she	2	0
𢶇	qiong	2	0
𢶉	po	4	0
𢶋	tie	3	0
𢶌	sha	1	0
𢶍	za	2	0
𢶑	niao	3	0
𢶒	guai	4	0
𢶓	cui	3	0
𢶡	qiao	4	0
𢶣	die	2	0
𢶳	pin	1	0
𢶴	ci	2	0
𢶶	bang	4	0
𢷍	yin	4	0
𢷑	xian	3	0
𢷔	yi	3	0
𢷕	miao	3	0
𢷖	duan	3	0
𢷗	zhou	4	0
𢷙	kong	1	0
𢷢	zhang	1	0
𢷶	liu	2	0
𢷸	zhi	3	0
𢷹	chan	3	0
𢷺	du	2	0
𢷻	yuan	2	0
𢷾	suo	4	0
𢷿	jie	2	0
𢸀	li	4	0
𢸁	gong	3	0
𢸌	bang	1	0
𢸗	guo	2	0
𢸘	liao	2	0
𢸙	shen	3	0
𢸣	niao	3	0
𢸥	cuan	4	0
𢸦	wei	3	0
𢸨	tuo	1	0
𢸫	su	1	0
𢸭	long	2	0
𢸳	xiao	1	0
𢸴	yan	3	0
𢹃	qing	3	0
𢹍	xi	1	0
𢹏	yu	2	0
𢹑	zheng	4	0
𢹒	xie	4	0
𢹓	chai	1	0
𢹔	fen	4	0
𢹖	guo	2	0
𢹘	jing	3	0
𢹙	lan	4	0
𢹚	xian	1	0
𢹝	ling	2	0
𢹮	lei	3	0
𢹲	jun	4	0
𢹳	xiao	4	0
𢹼	za	2	0
𢺄	guan	1	0
𢺅	qie	4	0
𢺆	luo	4	0
𢺇	yao	4	0
𢺈	luan	2	0
𢺉	ta	4	0
𢺑	luo	4	0
𢺞	ba	3	0
𢺟	chan	4	0
𢺡	zhuo	2	0
𢺫	tiao	3	0
𢺯	wan	1	0
𢺰	ling	2	0
𢺴	yu	4	0
𢺵	qi	4	0
𢺷	qi	2	0
𢺼	ji	4	0
𢺽	bo	2	0
𢺿	shi	1	0
𢻀	fu	3	0
𢻂	gui	1	0
𢻅	dian	3	0
𢻇	hao	1	0
𢻉	gai	3	0
𢻋	qi	2	0
𢻓	cheng	2	0
𢻔	hui	4	0
𢻗	xia	2	0
𢻘	shi	2	0
𢻙	zhi	4	0
𢻚	qi	2	0
𢻜	hai	4	0
𢻟	jiao	3	0
𢻠	li	4	0
𢻢	liao	3	0
𢻤	qiao	1	0
𢻨	sa	4	0
𢻪	qi	1	0
𢻫	shi	1	0
𢻮	jie	2	0
𢻵	bei	4	0
𢻶	bian	1	0
𢻷	ba	1	0
𢻸	jun	1	0
𢻹	pi	1	0
𢻼	dan	3	0
𢻿	tang	2	0
𢼀	kui	3	0
𢼁	ku	1	0
𢼃	kou	3	0
𢼉	shi	1	0
𢼊	shi	1	0
𢼋	ji	1	0
𢼌	bao	4	0
𢼐	ke	3	0
𢼑	kuang	1	0
𢼖	min	3	0
𢼙	liao	2	0
𢼚	e	4	0
𢼛	ge	2	0
𢼟	wang	3	0
𢼠	duo	2	0
𢼣	qia	4	0
𢼤	hua	2	0
𢼦	hong	3	0
𢼩	peng	1	0
𢼫	jiao	4	0
𢼰	qu	1	0
𢼱	zi	4	0
𢼲	zhou	4	0
𢼳	kuang	1	0
𢼵	sha	1	0
𢼷	ji	4	0
𢼸	wei	1	0
𢼹	pu	1	0
𢼺	xue	2	0
𢼼	shao	1	0
𢽂	lang	2	0
𢽃	zhi	3	0
𢽄	ting	3	0
𢽇	da	4	0
𢽕	yang	2	0
𢽖	jin	4	0
𢽗	zhi	3	0
𢽚	zhuo	2	0
𢽜	za	2	0
𢽝	chan	2	0
𢽢	mao	4	0
𢽦	kong	1	0
𢽧	zhou	1	0
𢽨	hu	1	0
𢽩	peng	1	0
𢽭	jiu	4	0
𢽸	chuo	4	0
𢽹	min	3	0
𢽾	xiao	4	0
𢾀	du	3	0
𢾁	wei	2	0
𢾃	can	2	0
𢾄	yu	2	0
𢾅	du	4	0
𢾆	kai	1	0
𢾇	pi	4	0
𢾊	cheng	2	0
𢾎	chun	3	0
𢾐	shao	3	0
𢾑	yan	3	0
𢾒	kuai	4	0
𢾔	yue	1	0
𢾦	qi	2	0
𢾧	zheng	1	0
𢾩	ke	4	0
𢾪	qi	2	0
𢾫	zhi	3	0
𢾬	lu	4	0
𢾱	pi	1	0
𢾲	nuo	4	0
𢾳	pao	3	0
𢾺	fei	3	0
𢾿	wen	2	0
𢿂	meng	2	0
𢿈	shan	3	0
𢿌	xiong	4	0
𢿎	duo	4	0
𢿏	biao	4	0
𢿚	you	1	0
𢿜	man	4	0
𢿞	liao	3	0
𢿡	xie	2	0
𢿢	luan	4	0
𢿣	qiao	1	0
𢿤	deng	4	0
𢿦	cheng	2	0
𢿧	cheng	2	0
𢿭	chuo	4	0
𢿸	ce	4	0
𣀀	lei	2	0
𣀁	zhan	3	0
𣀂	li	3	0
𣀃	lian	2	0
𣀄	qun	2	0
𣀍	chen	2	0
𣀏	cheng	2	0
𣀐	gu	1	0
𣀒	zong	4	0
𣀓	chou	2	0
𣀔	chuan	4	0
𣀜	lei	4	0
𣀝	shuo	4	0
𣀞	lv	4	0
𣀣	fu	2	0
𣀥	li	4	0
𣀧	san	4	0
𣀫	san	1	0
𣀯	sa	4	0
𣀳	nie	4	0
𣀶	zuan	1	0
𣀷	li	3	0
𣀻	shu	3	0
𣀾	fu	2	0
𣁉	bi	4	0
𣁍	dao	4	0
𣁒	shi	1	0
𣁖	gan	4	0
𣁗	tan	4	0
𣁜	man	4	0
𣁟	li	2	0
𣁢	bi	4	0
𣁦	pan	2	0
𣁨	you	1	0
𣁭	jiu	1	0
𣁯	guo	1	0
𣁰	liao	2	0
𣁳	wo	4	0
𣁴	qia	4	0
𣁵	dou	3	0
𣁷	lie	4	0
𣁹	jiao	3	0
𣁻	lie	4	0
𣂁	tiao	1	0
𣂄	guo	1	0
𣂆	pang	1	0
𣂇	qiao	1	0
𣂉	di	2	0
𣂊	yun	4	0
𣂒	le	4	0
𣂖	si	1	0
𣂗	xin	1	0
𣂜	xin	1	0
𣂝	xiang	4	0
𣂞	luo	3	0
𣂤	beng	1	0
𣂥	tiao	1	0
𣂬	xiao	4	0
𣂮	dou	1	0
𣂳	dang	4	0
𣂴	ting	2	0
𣂵	zhuan	4	0
𣂻	ou	1	0
𣂽	wo	4	0
𣃁	zhu	2	0
𣃄	xin	1	0
𣃅	ruan	3	0
𣃈	zhuo	2	0
𣃉	dang	4	0
𣃍	cui	4	0
𣃑	zhuo	2	0
𣃗	cong	2	0
𣃘	chan	3	0
𣃝	yang	3	0
𣃧	yan	3	0
𣃳	yan	3	0
𣃵	zhen	4	0
𣃽	nuo	3	0
𣃾	yan	4	0
𣄅	fang	3	0
𣄉	yan	3	0
𣄊	yu	2	0
𣄍	ti	2	0
𣄎	fu	4	0
𣄏	ben	3	0
𣄑	yan	3	0
𣄓	hui	1	0
𣄙	huang	3	0
𣄜	gui	4	0
𣄝	yan	4	0
𣄟	hu	2	0
𣄠	biao	1	0
𣄧	sui	4	0
𣄮	zi	4	0
𣄯	ji	4	0
𣄰	e	3	0
𣄱	ji	4	0
𣄲	kui	3	0
𣄴	liang	4	0
𣄸	huo	4	0
𣄺	wei	2	0
𣄻	zhuo	1	0
𣄿	ting	3	0
𣅃	zai	3	0
𣅄	you	4	0
𣅉	ren	4	0
𣅍	mian	4	0
𣅚	na	4	0
𣅝	tu	1	0
𣅟	dan	1	0
𣅡	jue	2	0
𣅤	xu	1	0
𣅥	di	1	0
𣅰	xiang	4	0
𣅷	xiong	4	0
𣅺	you	3	0
𣅻	gua	3	0
𣅾	xi	1	0
𣆈	he	4	0
𣆍	ding	3	0
𣆐	lu	2	0
𣆒	xu	2	0
𣆔	zhou	4	0
𣆕	xian	4	0
𣆖	huang	1	0
𣆗	cha	1	0
𣆘	shi	3	0
𣆙	gan	4	0
𣆚	nuo	3	0
𣆛	an	4	0
𣆟	xie	1	0
𣆧	hao	4	0
𣆲	qin	1	0
𣆳	geng	3	0
𣆴	shan	1	0
𣆵	fu	2	0
𣆽	ze	4	0
𣇇	dan	4	0
𣇖	dian	3	0
𣇗	shen	1	0
𣇙	zu	3	0
𣇢	bie	1	0
𣇦	chui	2	0
𣇧	zhe	4	0
𣇨	dai	4	0
𣇫	wo	3	0
𣇬	qiong	2	0
𣇰	lin	2	0
𣇲	hun	1	0
𣇳	ji	1	0
𣈅	cao	2	0
𣈊	mu	4	0
𣈍	die	2	0
𣈎	wei	4	0
𣈠	bian	4	0
𣈡	ti	3	0
𣈣	ying	4	0
𣈥	tu	2	0
𣈶	geng	4	0
𣉄	chi	2	0
𣉅	cou	4	0
𣉆	ti	3	0
𣉒	huo	4	0
𣉓	qi	1	0
𣉔	sao	1	0
𣉕	sang	4	0
𣉖	xuan	3	0
𣉗	ang	4	0
𣉘	nai	4	0
𣉚	yang	2	0
𣉛	shu	1	0
𣉜	sha	1	0
𣉡	ting	3	0
𣉩	ya	4	0
𣉪	huang	3	0
𣉮	bin	1	0
𣉼	ai	4	0
𣉾	ou	4	0
𣉿	cao	2	0
𣊁	ao	2	0
𣊃	mao	4	0
𣊔	meng	2	0
𣊖	tian	1	0
𣊝	sang	4	0
𣊞	xu	4	0
𣊟	kan	4	0
𣊧	lang	3	0
𣊶	bie	1	0
𣊷	cong	2	0
𣊺	xian	2	0
𣋄	tun	1	0
𣋉	yu	4	0
𣋊	dan	4	0
𣋋	ying	4	0
𣋍	zhao	1	0
𣋏	pu	4	0
𣋘	hui	4	0
𣋞	ai	4	0
𣋟	mo	3	0
𣋢	jing	1	0
𣋣	lan	2	0
𣋲	lie	4	0
𣋳	piao	3	0
𣋵	bo	2	0
𣋶	qiong	2	0
𣋹	bi	4	0
𣋿	yong	1	0
𣌅	li	4	0
𣌍	nie	4	0
𣌏	de	2	0
𣌓	huan	1	0
𣌗	yue	4	0
𣌚	chun	1	0
𣌜	li	4	0
𣌞	zhang	1	0
𣌟	ling	2	0
𣌠	chun	2	0
𣌧	ce	4	0
𣌨	xun	2	0
𣌬	ju	3	0
𣌭	hui	5	0
𣌾	tong	1	0
𣍆	ning	2	0
𣍇	ju	4	0
𣍏	cha	4	0
𣍖	zao	1	0
𣍛	yu	4	0
𣍟	ken	3	0
𣍦	kuang	4	0
𣍧	fei	3	0
𣍯	yun	4	0
𣍰	qian	3	0
𣍴	quan	2	0
𣍸	po	4	0
𣍺	pei	3	0
𣎄	geng	4	0
𣎅	yi	4	0
𣎆	luo	4	0
𣎑	kuan	1	0
𣎓	xuan	3	0
𣎔	nian	4	0
𣎚	hu	2	0
𣎛	ju	2	0
𣎩	ye	4	0
𣎮	xi	1	0
𣎱	yue	4	0
𣎲	tang	3	0
𣎳	pin	4	0
𣎴	dun	3	0
𣎵	bei	4	0
𣎸	liao	3	0
𣏀	yong	3	0
𣏎	ya	1	0
𣏑	jiao	3	0
𣏔	kun	4	0
𣏖	zhen	4	0
𣏗	shu	4	0
𣏚	shi	2	0
𣏞	you	2	0
𣏟	pai	4	0
𣏠	xiao	2	0
𣏡	ji	2	0
𣏢	tuan	2	0
𣏶	qi	1	0
𣏷	he	2	0
𣏺	kong	3	0
𣐂	ye	4	0
𣐃	chi	4	0
𣐊	kao	3	0
𣐋	yue	4	0
𣐎	wa	3	0
𣐏	nian	3	0
𣐑	ci	2	0
𣐓	yi	2	0
𣐕	jing	4	0
𣐤	jiu	5	0
𣐫	yang	1	0
𣐬	li	2	0
𣐮	dai	1	0
𣐯	chong	2	0
𣐵	yi	2	0
𣐺	han	4	0
𣐿	yi	1	0
𣑁	chong	4	0
𣑂	hu	4	0
𣑃	zhua	3	0
𣑝	tuan	2	0
𣑦	qiong	2	0
𣑧	duo	4	0
𣑸	tong	2	0
𣑹	xian	1	0
𣑿	fu	2	0
𣒂	dian	4	0
𣒃	xi	2	0
𣒄	xie	1	0
𣒅	zhen	4	0
𣒆	qiao	4	0
𣒇	tu	1	0
𣒌	guo	1	0
𣒗	que	4	0
𣒷	han	4	0
𣒸	kuang	4	0
𣒹	suo	1	0
𣒻	shou	4	0
𣒼	tiao	2	0
𣓀	zhen	1	0
𣓃	nei	4	0
𣓅	qian	3	0
𣓆	yin	2	0
𣓈	liang	3	0
𣓉	sha	4	0
𣓊	zi	4	0
𣓋	pi	2	0
𣓌	gao	1	0
𣓏	jin	4	0
𣓐	you	2	0
𣓒	shan	4	0
𣓔	mi	4	0
𣓕	ou	4	0
𣓗	hu	1	0
𣓛	you	4	0
𣓝	meng	3	0
𣓿	lao	4	0
𣔐	zhi	3	0
𣔓	bi	3	0
𣔗	shen	1	0
𣔘	qi	4	0
𣔙	xian	1	0
𣔚	pan	2	0
𣔛	kang	3	0
𣔫	shuan	1	0
𣔬	pi	2	0
𣔮	zai	1	0
𣔯	zhu	3	0
𣔱	sou	1	0
𣔲	jiong	3	0
𣔵	chan	2	0
𣔶	fan	2	0
𣔷	xiao	2	0
𣔸	yin	3	0
𣔹	hou	2	0
𣔺	mao	4	0
𣔻	tu	2	0
𣔼	gan	1	0
𣔽	ji	4	0
𣕁	yi	2	0
𣕃	yu	4	0
𣕄	jiong	1	0
𣕅	pao	4	0
𣕇	xiao	1	0
𣕉	gou	3	0
𣕌	gou	1	0
𣕍	sun	3	0
𣕎	xian	3	0
𣕏	zhuan	3	0
𣕲	heng	2	0
𣕾	chou	2	0
𣖄	qiao	1	0
𣖅	ti	2	0
𣖆	yun	2	0
𣖉	shan	1	0
𣖊	lie	4	0
𣖌	zhi	3	0
𣖐	pai	1	0
𣖣	ju	2	0
𣖤	lai	2	0
𣖨	zi	3	0
𣖪	qu	2	0
𣖫	gu	3	0
𣖬	jue	2	0
𣖭	zhi	2	0
𣖮	ang	4	0
𣖯	qin	4	0
𣖰	pi	2	0
𣖱	zui	1	0
𣖳	qian	2	0
𣖵	cuo	2	0
𣖷	ji	2	0
𣖸	ti	2	0
𣖹	ru	2	0
𣖻	hai	3	0
𣖼	xun	2	0
𣖾	bei	4	0
𣖿	zhi	2	0
𣗁	dun	4	0
𣗊	man	2	0
𣗋	dang	3	0
𣗐	reng	2	0
𣗲	gan	1	0
𣗵	gang	4	0
𣗶	ta	4	0
𣗸	tuo	4	0
𣗹	yang	4	0
𣗺	ku	1	0
𣗻	zhi	4	0
𣘐	ji	2	0
𣘖	jian	1	0
𣘗	ni	4	0
𣘘	shen	1	0
𣘙	bang	4	0
𣘚	shuai	4	0
𣘛	dou	1	0
𣘝	qian	1	0
𣘞	han	2	0
𣘟	qia	1	0
𣘠	gan	3	0
𣘣	chun	2	0
𣘤	cha	2	0
𣘥	bi	4	0
𣘦	yi	1	0
𣘧	fu	1	0
𣘨	e	3	0
𣘪	lao	2	0
𣘫	hao	2	0
𣘬	li	2	0
𣘱	te	4	0
𣘲	shen	1	0
𣘴	yin	2	0
𣘷	jian	1	0
𣘻	cha	2	0
𣙗	nie	4	0
𣙘	cou	4	0
𣙛	yi	2	0
𣙟	tang	2	0
𣙢	juan	4	0
𣙰	chi	4	0
𣙱	gou	3	0
𣙴	jie	2	0
𣙵	zhe	2	0
𣙶	hu	2	0
𣙷	mang	2	0
𣙻	zou	1	0
𣙼	si	4	0
𣙿	fei	4	0
𣚀	zi	1	0
𣚁	zi	1	0
𣚃	jie	2	0
𣚄	si	1	0
𣚆	chun	1	0
𣚇	pao	4	0
𣚋	ye	2	0
𣚌	di	1	0
𣚎	lei	2	0
𣚏	xu	1	0
𣚐	ru	2	0
𣚒	pa	2	0
𣚓	juan	4	0
𣚔	xi	4	0
𣚕	ye	4	0
𣚖	an	1	0
𣚘	yi	4	0
𣚙	jian	1	0
𣚚	zhu	2	0
𣚜	song	1	0
𣚝	wo	3	0
𣚟	se	4	0
𣚠	zhi	3	0
𣚡	bi	1	0
𣚢	zhuan	4	0
𣚦	jiang	4	0
𣚧	hao	4	0
𣚩	chi	4	0
𣚪	dun	4	0
𣛓	bo	2	0
𣛔	ji	2	0
𣛕	chua	3	0
𣛗	luo	4	0
𣛚	rui	3	0
𣛫	hu	2	0
𣛱	dan	4	0
𣛴	han	3	0
𣛵	que	4	0
𣛶	sha	1	0
𣛷	zhan	3	0
𣛸	ze	2	0
𣛹	chuan	2	0
𣛺	qi	1	0
𣛻	die	2	0
𣛽	zha	4	0
𣛾	tou	4	0
𣜁	ci	1	0
𣜂	sa	4	0
𣜄	luo	2	0
𣜇	ji	2	0
𣜢	luo	3	0
𣜣	qin	2	0
𣜧	qiong	2	0
𣜨	juan	4	0
𣜬	ai	4	0
𣜭	jian	3	0
𣜹	ti	4	0
𣜺	wen	2	0
𣜽	qiao	1	0
𣝁	pai	2	0
𣝂	hun	2	0
𣝅	ai	4	0
𣝇	shuo	4	0
𣝈	lian	2	0
𣝉	dui	4	0
𣝋	ta	4	0
𣝌	jin	3	0
𣝍	bi	4	0
𣝎	yan	3	0
𣝏	gao	4	0
𣝐	piao	2	0
𣝑	yu	4	0
𣝒	she	4	0
𣝕	jian	1	0
𣝗	hu	2	0
𣝚	lie	4	0
𣝜	bian	4	0
𣝝	su	4	0
𣝞	jiao	1	0
𣝸	zhui	4	0
𣝽	han	1	0
𣞇	dun	4	0
𣞐	xie	3	0
𣞑	meng	2	0
𣞒	fu	1	0
𣞓	lu	4	0
𣞔	tan	4	0
𣞗	liu	2	0
𣞘	xian	1	0
𣞙	sang	3	0
𣞜	cou	4	0
𣞝	zhuang	1	0
𣞟	chen	1	0
𣞰	lian	4	0
𣞴	li	2	0
𣟀	peng	4	0
𣟁	tuo	3	0
𣟄	tuo	4	0
𣟆	liao	2	0
𣟇	xiao	4	0
𣟈	chui	4	0
𣟉	huai	4	0
𣟊	niao	3	0
𣟋	qian	1	0
𣟌	li	4	0
𣟏	pao	1	0
𣟐	tiao	2	0
𣟑	liu	2	0
𣟒	wu	2	0
𣟤	ying	3	0
𣟦	zha	2	0
𣟰	yu	2	0
𣟲	xian	3	0
𣟳	xuan	2	0
𣟴	shuan	1	0
𣟵	xi	1	0
𣟸	mei	2	0
𣟹	sen	1	0
𣟺	lian	4	0
𣟼	jiu	1	0
𣟽	lao	4	0
𣠎	xiao	1	0
𣠏	zou	1	0
𣠚	liu	2	0
𣠜	zhao	4	0
𣠞	zhe	2	0
𣠠	lei	3	0
𣠭	duan	3	0
𣠷	jian	3	0
𣠸	shuan	1	0
𣠹	zuo	2	0
𣠺	qie	4	0
𣠼	lao	3	0
𣡉	yu	4	0
𣡊	yi	4	0
𣡋	ni	3	0
𣡎	cen	2	0
𣡕	yan	4	0
𣡗	ruan	3	0
𣡞	yan	2	0
𣡟	die	2	0
𣡠	mian	2	0
𣡧	lei	2	0
𣡩	wan	1	0
𣡰	na	3	0
𣡶	yan	2	0
𣡺	lei	3	0
𣡽	sha	1	0
𣡾	hu	1	0
𣢁	xi	1	0
𣢂	xi	1	0
𣢄	you	3	0
𣢅	han	1	0
𣢇	hai	1	0
𣢉	wa	1	0
𣢊	xu	4	0
𣢋	pi	1	0
𣢌	tan	1	0
𣢍	xi	1	0
𣢎	xi	1	0
𣢏	bin	1	0
𣢐	qin	1	0
𣢑	xi	1	0
𣢒	yu	2	0
𣢓	xi	4	0
𣢕	ci	4	0
𣢖	qian	4	0
𣢗	xia	1	0
𣢚	wa	2	0
𣢛	e	4	0
𣢜	you	3	0
𣢝	xing	4	0
𣢞	ni	2	0
𣢟	han	2	0
𣢠	bi	4	0
𣢡	sheng	1	0
𣢤	zhan	1	0
𣢥	dian	4	0
𣢦	yu	3	0
𣢨	ou	3	0
𣢪	gui	3	0
𣢫	wang	3	0
𣢬	qian	1	0
𣢭	yi	2	0
𣢰	zu	2	0
𣢲	qian	1	0
𣢳	ding	4	0
𣢴	keng	1	0
𣢶	chu	4	0
𣢷	yi	1	0
𣢺	han	1	0
𣢻	kuan	3	0
𣣈	dian	4	0
𣣉	xi	4	0
𣣊	zi	1	0
𣣋	ling	2	0
𣣌	zi	4	0
𣣎	yu	4	0
𣣏	hun	1	0
𣣑	si	3	0
𣣒	kan	3	0
𣣚	an	4	0
𣣜	you	3	0
𣣝	ji	2	0
𣣞	hun	4	0
𣣟	qia	1	0
𣣠	hou	2	0
𣣡	hou	2	0
𣣣	dian	4	0
𣣩	xie	1	0
𣣭	she	4	0
𣣮	sha	4	0
𣣲	xie	2	0
𣣳	yao	2	0
𣣴	da	4	0
𣣶	xie	4	0
𣣷	chi	1	0
𣣸	you	3	0
𣣹	he	1	0
𣣺	sha	4	0
𣣿	tai	2	0
𣤁	zhu	2	0
𣤃	ai	3	0
𣤇	que	4	0
𣤈	ze	2	0
𣤊	la	1	0
𣤋	lou	4	0
𣤌	chuai	4	0
𣤎	you	3	0
𣤖	ti	4	0
𣤘	shi	1	0
𣤡	xiao	4	0
𣤢	xi	4	0
𣤨	huo	4	0
𣤩	chi	4	0
𣤪	yi	4	0
𣤯	shu	2	0
𣤰	yue	4	0
𣤱	chan	2	0
𣤲	e	4	0
𣤳	xi	1	0
𣤴	xi	1	0
𣤵	ying	3	0
𣤶	zu	2	0
𣤷	za	1	0
𣤺	za	1	0
𣥂	ta	4	0
𣥃	wan	4	0
𣥇	xin	4	0
𣥊	wang	4	0
𣥋	fu	3	0
𣥐	lu	3	0
𣥞	jian	3	0
𣥡	yan	2	0
𣥣	bi	4	0
𣥤	ken	3	0
𣥥	guan	4	0
𣥨	zi	1	0
𣥮	kui	3	0
𣥯	zhou	3	0
𣥰	zhi	4	0
𣥳	tu	2	0
𣥷	ta	4	0
𣥹	chu	4	0
𣥺	cheng	1	0
𣥻	cheng	3	0
𣥼	zhu	4	0
𣥾	da	4	0
𣦇	bi	4	0
𣦉	jia	3	0
𣦌	yi	4	0
𣦏	yue	4	0
𣦐	gang	1	0
𣦖	gan	1	0
𣦜	qiao	1	0
𣦠	chu	2	0
𣦡	chu	2	0
𣦢	bi	4	0
𣦦	gui	4	0
𣦩	gu	3	0
𣦪	bing	3	0
𣦫	yin	4	0
𣦬	zhui	4	0
𣦭	gu	3	0
𣦯	li	4	0
𣦵	e	4	0
𣦶	dai	3	0
𣦼	can	2	0
𣧂	ti	4	0
𣧃	du	4	0
𣧄	yi	4	0
𣧈	die	2	0
𣧊	niu	3	0
𣧌	xue	4	0
𣧍	ne	4	0
𣧎	gui	4	0
𣧏	kao	3	0
𣧒	chuan	3	0
𣧖	zha	2	0
𣧗	you	2	0
𣧙	bai	4	0
𣧚	shi	2	0
𣧛	dian	4	0
𣧜	pa	1	0
𣧝	qiu	2	0
𣧡	xue	4	0
𣧣	mo	4	0
𣧤	ke	1	0
𣧥	you	3	0
𣧦	jiao	3	0
𣧧	bo	2	0
𣧬	xiu	3	0
𣧲	mi	3	0
𣧳	luo	4	0
𣧵	xue	4	0
𣧷	duo	4	0
𣧹	er	4	0
𣧺	shan	1	0
𣧼	kui	4	0
𣧽	nao	4	0
𣧾	mian	3	0
𣧿	li	4	0
𣨀	luan	4	0
𣨂	die	2	0
𣨄	qia	4	0
𣨅	lei	4	0
𣨇	mao	4	0
𣨉	heng	1	0
𣨊	che	4	0
𣨋	zhi	4	0
𣨍	gu	3	0
𣨎	cuo	1	0
𣨓	wu	4	0
𣨔	tao	4	0
𣨗	xi	1	0
𣨘	yao	1	0
𣨙	wei	3	0
𣨛	zu	2	0
𣨜	ma	4	0
𣨝	yu	3	0
𣨞	peng	3	0
𣨟	yi	4	0
𣨠	qin	4	0
𣨡	yue	4	0
𣨢	jue	4	0
𣨣	jiang	4	0
𣨤	xu	4	0
𣨥	beng	1	0
𣨪	luo	3	0
𣨫	zhui	1	0
𣨲	du	4	0
𣨳	xiang	4	0
𣨶	hui	4	0
𣨺	gu	3	0
𣨻	kao	3	0
𣨼	ti	4	0
𣨾	xing	1	0
𣨿	hun	2	0
𣩀	bian	1	0
𣩄	ke	4	0
𣩅	kao	3	0
𣩈	cuo	2	0
𣩏	lu	4	0
𣩑	zui	4	0
𣩒	zao	1	0
𣩓	jiao	3	0
𣩔	guan	4	0
𣩙	yan	1	0
𣩚	er	2	0
𣩜	qing	2	0
𣩟	deng	4	0
𣩠	si	4	0
𣩡	sui	4	0
𣩢	liao	4	0
𣩧	shan	4	0
𣩩	bi	4	0
𣩪	wei	4	0
𣩫	ye	4	0
𣩭	zhai	4	0
𣩯	ye	2	0
𣩰	diao	4	0
𣩱	ai	4	0
𣩴	jiang	4	0
𣩷	su	1	0
𣩹	huai	4	0
𣩺	yu	4	0
𣩽	rang	3	0
𣪀	dian	1	0
𣪁	zuan	1	0
𣪂	ban	1	0
𣪄	qin	2	0
𣪇	jia	1	0
𣪉	pi	2	0
𣪌	tou	2	0
𣪐	chou	2	0
𣪕	gui	3	0
𣪠	ji	1	0
𣪨	xue	4	0
𣪪	dian	4	0
𣪭	bian	4	0
𣪮	zai	3	0
𣪯	tong	2	0
𣪶	shan	3	0
𣪸	gu	4	0
𣪹	que	4	0
𣫀	gu	3	0
𣫈	hu	2	0
𣫉	kuai	3	0
𣫌	gou	4	0
𣫎	su	4	0
𣫐	chou	2	0
𣫒	keng	1	0
𣫔	du	1	0
𣫙	yi	4	0
𣫜	dao	4	0
𣫝	qiang	1	0
𣫣	long	2	0
𣫥	li	2	0
𣫧	li	4	0
𣫨	qing	1	0
𣫪	wei	1	0
𣫬	mou	2	0
𣫱	qi	4	0
𣫳	jiang	3	0
𣫴	xie	2	0
𣫹	dai	4	0
𣫻	lou	2	0
𣬂	guan	4	0
𣬆	pei	2	0
𣬉	pi	2	0
𣬋	juan	4	0
𣬍	bei	1	0
𣬎	jue	2	0
𣬏	juan	4	0
𣬐	shi	4	0
𣬕	xie	3	0
𣬘	rui	2	0
𣬙	jing	4	0
𣬚	po	4	0
𣬛	san	1	0
𣬠	ji	1	0
𣬩	fen	1	0
𣬪	bei	4	0
𣬫	jie	4	0
𣬬	sa	1	0
𣬮	pi	1	0
𣬴	di	4	0
𣬵	mao	2	0
𣬶	ba	5	0
𣬷	ba	5	0
𣬸	tiao	2	0
𣬹	ling	2	0
𣬺	sheng	1	0
𣬻	zhen	3	0
𣬼	pi	1	0
𣬽	wu	4	0
𣬿	ze	4	0
𣭀	bao	4	0
𣭇	lv	3	0
𣭖	hao	1	0
𣭗	dou	3	0
𣭘	fu	2	0
𣭙	ni	2	0
𣭝	ge	2	0
𣭠	ru	2	0
𣭡	xian	3	0
𣭤	bi	4	0
𣭮	mao	2	0
𣭲	rong	3	0
𣭳	qiu	2	0
𣭷	bo	2	0
𣭹	hao	1	0
𣭺	nao	3	0
𣭻	yan	2	0
𣮃	pao	2	0
𣮄	sui	1	0
𣮆	tuo	4	0
𣮈	qu	1	0
𣮉	li	2	0
𣮊	de	2	0
𣮌	jie	2	0
𣮍	jie	2	0
𣮎	gun	3	0
𣮏	jian	1	0
𣮐	bi	4	0
𣮠	san	4	0
𣮡	bang	1	0
𣮢	chun	2	0
𣮦	nai	4	0
𣮧	bang	3	0
𣮪	rong	2	0
𣮫	jia	1	0
𣮬	sou	1	0
𣮰	de	2	0
𣮾	xian	1	0
𣮿	zhan	1	0
𣯀	mao	4	0
𣯃	zi	1	0
𣯅	ji	4	0
𣯆	qi	2	0
𣯋	ru	4	0
𣯌	suo	1	0
𣯍	rong	3	0
𣯎	wu	4	0
𣯏	rong	2	0
𣯐	rong	2	0
𣯚	ta	4	0
𣯜	sou	1	0
𣯣	men	2	0
𣯤	li	2	0
𣯧	cui	3	0
𣯨	zong	1	0
𣯩	men	2	0
𣯪	xi	3	0
𣯬	mang	3	0
𣯭	nie	4	0
𣯯	sui	1	0
𣯱	pei	2	0
𣯴	bi	4	0
𣯵	di	4	0
𣯶	san	1	0
𣯸	qu	2	0
𣯹	qiao	2	0
𣯻	fen	1	0
𣯼	su	4	0
𣰃	xu	1	0
𣰇	rong	3	0
𣰈	ji	1	0
𣰋	qu	2	0
𣰌	lie	4	0
𣰕	sao	4	0
𣰘	kun	4	0
𣰚	cui	4	0
𣰛	ye	4	0
𣰜	bing	4	0
𣰞	jie	2	0
𣰠	qu	2	0
𣰡	qu	2	0
𣰥	meng	2	0
𣰦	ran	2	0
𣰨	bin	1	0
𣰩	chao	2	0
𣰬	du	2	0
𣰶	rang	2	0
𣰷	xian	1	0
𣰺	tao	2	0
𣰻	qu	2	0
𣰼	nie	4	0
𣰿	shu	1	0
𣱀	lu	3	0
𣱂	kun	4	0
𣱈	min	2	0
𣱉	min	3	0
𣱍	dan	4	0
𣱐	yin	4	0
𣱓	xiao	4	0
𣱗	ji	4	0
𣱜	yin	1	0
𣱝	dong	1	0
𣱦	fen	1	0
𣱧	zhong	4	0
𣱫	gu	3	0
𣱱	cha	2	0
𣱳	liu	2	0
𣱶	bu	3	0
𣱺	pa	1	0
𣱻	si	4	0
𣱼	dao	1	0
𣱽	zhen	3	0
𣲀	shan	1	0
𣲂	chuai	3	0
𣲄	jiu	3	0
𣲊	ke	4	0
𣲋	chi	2	0
𣲑	hu	4	0
𣲒	li	4	0
𣲓	sha	1	0
𣲖	pai	4	0
𣲗	wei	2	0
𣲘	wu	3	0
𣲜	ying	2	0
𣲡	sha	1	0
𣲢	di	1	0
𣲥	dan	1	0
𣲱	tu	1	0
𣲲	he	2	0
𣲳	po	3	0
𣲵	zhi	3	0
𣲶	niu	3	0
𣲷	ni	4	0
𣲽	rong	3	0
𣲾	guai	4	0
𣳀	zhi	2	0
𣳃	ji	2	0
𣳆	ping	2	0
𣳜	fan	4	0
𣳟	jie	2	0
𣳠	hai	3	0
𣳤	zhan	4	0
𣳦	xi	4	0
𣳩	zi	1	0
𣳬	xi	2	0
𣳭	piao	4	0
𣳰	ben	1	0
𣳲	jian	3	0
𣴓	jian	4	0
𣴖	za	2	0
𣴞	ben	4	0
𣴟	mao	4	0
𣴢	zao	4	0
𣴣	zhuang	4	0
𣴥	kuang	2	0
𣴨	bi	2	0
𣴪	pai	4	0
𣴼	mao	4	0
𣴽	tan	4	0
𣵞	tun	3	0
𣵟	luo	3	0
𣵢	tan	1	0
𣵱	an	2	0
𣵷	han	2	0
𣵸	zhu	2	0
𣵺	duo	4	0
𣵻	duo	4	0
𣵼	gan	4	0
𣶆	qiong	4	0
𣶈	wang	3	0
𣶊	mo	4	0
𣶋	zhe	4	0
𣶌	wen	3	0
𣶍	zhuang	4	0
𣶏	jie	1	0
𣶐	pao	4	0
𣶘	su	4	0
𣶝	ju	4	0
𣶠	qi	1	0
𣶡	can	4	0
𣶣	tuan	2	0
𣶤	sha	1	0
𣶦	tuo	2	0
𣶩	hua	4	0
𣶫	yi	4	0
𣷠	min	2	0
𣷡	zhong	1	0
𣷥	shuo	4	0
𣷩	yi	4	0
𣷪	wang	3	0
𣷫	ao	2	0
𣷶	su	3	0
𣷾	gui	3	0
𣷿	tuo	3	0
𣸀	hui	3	0
𣸃	xu	4	0
𣸄	zan	3	0
𣸆	zi	3	0
𣸇	bian	4	0
𣸉	da	2	0
𣸊	yin	1	0
𣸋	quan	3	0
𣸎	huai	4	0
𣸏	na	2	0
𣸐	za	2	0
𣸒	ti	2	0
𣸘	yi	2	0
𣸙	tan	1	0
𣸚	she	2	0
𣸛	shuo	4	0
𣸝	xing	2	0
𣸠	you	3	0
𣸣	fen	2	0
𣹇	ke	4	0
𣹋	fu	2	0
𣹒	min	3	0
𣹚	pi	4	0
𣹜	ji	2	0
𣹝	qiao	4	0
𣹞	zhong	3	0
𣹟	gan	4	0
𣹠	yuan	1	0
𣹡	chi	2	0
𣹥	qian	4	0
𣹧	zuo	2	0
𣹩	xie	2	0
𣹪	mao	2	0
𣹬	hu	2	0
𣹮	pi	4	0
𣹯	xun	4	0
𣹱	xia	2	0
𣹲	ti	2	0
𣹵	na	4	0
𣹶	chua	3	0
𣺀	wu	3	0
𣺬	huang	1	0
𣺭	xue	4	0
𣺮	tao	4	0
𣺰	qiao	4	0
𣺳	jiao	1	0
𣺼	dang	3	0
𣺽	bai	4	0
𣻍	dang	4	0
𣻎	kou	4	0
𣻐	ju	1	0
𣻑	sha	1	0
𣻒	jing	1	0
𣻕	mo	2	0
𣻖	nou	2	0
𣻘	shuo	4	0
𣻚	shu	4	0
𣻛	zhuang	1	0
𣻜	fu	2	0
𣻟	zang	1	0
𣻠	xie	2	0
𣻡	lang	4	0
𣻢	tong	1	0
𣻩	zhe	2	0
𣻬	can	4	0
𣻮	yue	4	0
𣻱	zhou	4	0
𣼚	tan	1	0
𣼞	yan	2	0
𣼟	lu	4	0
𣼠	yan	3	0
𣼦	ze	2	0
𣼧	shuai	4	0
𣽅	guo	1	0
𣽆	zhu	2	0
𣽈	ru	2	0
𣽉	ru	2	0
𣽌	kan	3	0
𣽍	ji	4	0
𣽎	gao	1	0
𣽒	xie	4	0
𣽕	ou	4	0
𣽖	jian	1	0
𣽚	zhi	2	0
𣽛	zha	2	0
𣽝	hong	3	0
𣽟	kuan	3	0
𣽡	bo	2	0
𣽤	se	4	0
𣽥	an	4	0
𣽦	jian	4	0
𣽨	teng	2	0
𣽫	song	1	0
𣽭	meng	4	0
𣽮	yin	2	0
𣽯	tan	1	0
𣽰	guo	1	0
𣽳	ruan	2	0
𣽴	wei	4	0
𣽷	si	4	0
𣾍	lian	2	0
𣾤	qi	4	0
𣾦	zhang	3	0
𣿅	dong	3	0
𣿆	fu	2	0
𣿇	shen	3	0
𣿈	su	4	0
𣿉	yi	4	0
𣿊	lian	4	0
𣿌	he	2	0
𣿎	zhen	1	0
𣿐	ze	2	0
𣿒	cui	3	0
𣿓	cui	3	0
𣿝	feng	4	0
𣿞	li	3	0
𣿟	kou	4	0
𣿣	xiao	4	0
𣿤	you	3	0
𤀃	hao	2	0
𤀉	han	4	0
𤀊	ken	3	0
𤀝	yu	4	0
𤀣	huan	3	0
𤀤	suo	1	0
𤀦	la	4	0
𤀨	dou	4	0
𤀩	jian	4	0
𤀪	po	1	0
𤀫	bian	3	0
𤀰	xue	4	0
𤀲	bian	4	0
𤀷	wei	4	0
𤁡	dan	4	0
𤁢	jie	2	0
𤁣	bai	4	0
𤁥	nian	3	0
𤁦	xian	4	0
𤁧	se	4	0
𤁪	hua	2	0
𤁫	chua	1	0
𤁮	ou	4	0
𤁯	lie	4	0
𤁰	di	2	0
𤁱	cai	4	0
𤁳	zha	2	0
𤁵	lv	2	0
𤁹	huo	4	0
𤁼	li	4	0
𤁽	ying	3	0
𤁿	wei	3	0
𤂀	bi	4	0
𤂁	guo	2	0
𤂃	pi	4	0
𤂆	biao	1	0
𤂠	yan	3	0
𤂤	zhuan	4	0
𤂲	hong	2	0
𤂶	lin	4	0
𤂷	e	4	0
𤂹	yin	3	0
𤂺	lan	4	0
𤂼	yao	4	0
𤂿	xuan	4	0
𤃀	li	4	0
𤃨	lan	4	0
𤃩	ling	2	0
𤃪	xi	1	0
𤃫	hong	1	0
𤃭	jiao	3	0
𤃮	zhuo	2	0
𤃲	zhi	2	0
𤃵	bo	2	0
𤃶	teng	1	0
𤃷	an	3	0
𤃺	xun	2	0
𤃻	lei	3	0
𤃼	zang	1	0
𤃽	hui	3	0
𤄎	xi	4	0
𤄏	hong	2	0
𤄑	fan	4	0
𤄒	jian	3	0
𤄓	cong	2	0
𤄔	za	2	0
𤄖	ca	1	0
𤄘	you	1	0
𤄛	dui	4	0
𤄜	pan	1	0
𤄥	ta	4	0
𤄧	pan	4	0
𤄫	fan	1	0
𤄬	xi	1	0
𤄶	yao	4	0
𤄷	luo	2	0
𤄺	bian	1	0
𤄼	jin	4	0
𤄽	li	4	0
𤅊	yan	4	0
𤅋	dou	4	0
𤅎	man	4	0
𤅐	gong	1	0
𤅑	rang	3	0
𤅒	can	4	0
𤅣	men	2	0
𤅱	gu	3	0
𤅲	shuan	4	0
𤅸	yan	2	0
𤅹	bi	4	0
𤆀	biao	1	0
𤆁	cheng	2	0
𤆂	kui	4	0
𤆄	huo	3	0
𤆍	chi	4	0
𤆏	wo	4	0
𤆑	cou	4	0
𤆒	zhi	4	0
𤆙	shui	3	0
𤆜	gua	4	0
𤆝	pu	1	0
𤆞	xu	4	0
𤆟	si	1	0
𤆡	wu	3	0
𤆢	lun	2	0
𤆮	fu	1	0
𤆰	shi	4	0
𤆳	hui	4	0
𤆴	huang	1	0
𤆵	pa	1	0
𤆼	zhu	3	0
𤆾	yi	2	0
𤇃	li	4	0
𤇄	shan	3	0
𤇜	min	2	0
𤇞	ge	1	0
𤇠	hu	1	0
𤇭	long	2	0
𤇯	en	1	0
𤇰	fa	2	0
𤇳	xu	4	0
𤇴	yi	2	0
𤇾	ying	4	0
𤈔	chi	2	0
𤈙	yi	2	0
𤈥	di	2	0
𤈦	hui	3	0
𤈧	he	2	0
𤈩	zha	3	0
𤈶	yun	2	0
𤈷	xian	1	0
𤉌	xian	2	0
𤉍	lao	4	0
𤉎	shao	4	0
𤉏	shi	4	0
𤉐	zhuo	2	0
𤉤	bie	1	0
𤉥	jiu	3	0
𤉦	wo	1	0
𤉧	jiao	3	0
𤉨	fu	2	0
𤉪	xiang	1	0
𤉫	kai	4	0
𤊲	nao	3	0
𤊴	huo	4	0
𤊵	ji	2	0
𤊶	la	4	0
𤊻	fou	1	0
𤊼	shan	3	0
𤊽	liao	4	0
𤊾	mie	4	0
𤊿	che	4	0
𤋂	mo	2	0
𤋏	lou	2	0
𤋨	duo	4	0
𤋫	nao	3	0
𤋭	ji	1	0
𤋰	zhu	4	0
𤌂	su	4	0
𤌃	duo	4	0
𤌇	jiong	3	0
𤌊	zai	3	0
𤌋	hui	3	0
𤌌	ying	3	0
𤌍	hu	2	0
𤌎	lin	4	0
𤌏	weng	3	0
𤌐	han	4	0
𤌔	nan	2	0
𤌷	xi	4	0
𤌹	gan	4	0
𤌾	he	4	0
𤌿	ji	1	0
𤍀	xiang	3	0
𤍁	sha	1	0
𤍐	tui	4	0
𤍒	zhao	1	0
𤍓	shu	4	0
𤍕	you	3	0
𤍖	jian	1	0
𤍜	zao	4	0
𤍠	re	4	0
𤍤	zhang	1	0
𤍽	ruo	4	0
𤎄	yan	1	0
𤎋	cui	4	0
𤎗	ji	2	0
𤎘	shang	1	0
𤎣	e	4	0
𤎤	lao	2	0
𤎥	tan	3	0
𤎧	zhu	4	0
𤎭	lin	3	0
𤎯	zeng	1	0
𤎱	juan	3	0
𤎲	hu	1	0
𤎻	xiao	1	0
𤏗	shen	3	0
𤏘	huo	4	0
𤏜	kui	4	0
𤏱	chu	4	0
𤏲	zhou	4	0
𤏶	ao	1	0
𤏸	zhuo	2	0
𤏽	xing	1	0
𤏿	mie	4	0
𤐀	hu	1	0
𤐔	tan	2	0
𤐙	bi	4	0
𤐣	ding	3	0
𤐩	kai	4	0
𤐫	biao	1	0
𤐰	huo	4	0
𤐱	lie	4	0
𤐲	cuan	4	0
𤑃	xian	4	0
𤑄	re	4	0
𤑓	yue	4	0
𤑕	xun	1	0
𤑗	liao	3	0
𤑣	sha	1	0
𤑦	shi	4	0
𤑪	xie	4	0
𤑳	xiao	1	0
𤑷	ye	2	0
𤑸	lan	3	0
𤑹	yi	4	0
𤑿	lian	3	0
𤒔	bo	2	0
𤒕	cao	1	0
𤒝	yao	4	0
𤒦	lian	4	0
𤒻	ta	4	0
𤓑	ji	4	0
𤓔	xi	1	0
𤓕	zhi	4	0
𤓚	xi	1	0
𤓝	yue	4	0
𤓤	xian	3	0
𤓦	zhuo	4	0
𤓯	zhang	3	0
𤓵	zu	3	0
𤓷	na	2	0
𤓾	dao	4	0
𤓿	lie	4	0
𤔀	na	2	0
𤔉	pao	2	0
𤔋	ju	4	0
𤔔	luan	4	0
𤔖	luo	3	0
𤔙	shua	3	0
𤔚	shang	4	0
𤔝	luo	3	0
𤔟	fen	1	0
𤔣	bao	4	0
𤔨	li	4	0
𤔫	xiong	4	0
𤔶	dang	1	0
𤕀	cheng	4	0
𤕄	zhang	3	0
𤕇	sou	3	0
𤕊	shen	2	0
𤕒	ge	3	0
𤕘	yu	1	0
𤕚	hui	1	0
𤕛	che	4	0
𤕝	jiao	4	0
𤕞	zhu	4	0
𤕟	shu	1	0
𤕢	xiao	2	0
𤕦	ning	2	0
𤕭	jiang	1	0
𤕯	jiang	1	0
𤕷	diao	4	0
𤕽	qiang	2	0
𤕾	qiu	2	0
𤖀	feng	1	0
𤖆	zhan	4	0
𤖇	ke	1	0
𤖒	die	2	0
𤖓	ze	2	0
𤖖	guang	1	0
𤖗	se	4	0
𤖘	fen	4	0
𤖛	jiang	3	0
𤖝	yan	2	0
𤖞	zhi	4	0
𤖢	li	4	0
𤖦	ling	2	0
𤖪	yi	2	0
𤖬	qu	3	0
𤖭	pan	2	0
𤖮	gou	1	0
𤖰	jia	3	0
𤖱	he	2	0
𤖳	peng	4	0
𤖵	ju	4	0
𤖷	che	4	0
𤖺	lie	4	0
𤖻	shi	4	0
𤖼	po	4	0
𤖽	xiang	4	0
𤖿	pi	4	0
𤗀	luo	3	0
𤗁	cu	4	0
𤗃	yu	3	0
𤗇	kong	4	0
𤗈	xie	4	0
𤗍	wan	3	0
𤗎	yan	3	0
𤗏	pei	2	0
𤗓	cheng	2	0
𤗘	ti	2	0
𤗙	che	4	0
𤗚	bi	4	0
𤗛	lian	4	0
𤗜	jia	3	0
𤗞	ting	2	0
𤗢	ti	1	0
𤗨	die	2	0
𤗪	shu	4	0
𤗫	li	2	0
𤗬	lv	2	0
𤗭	xia	1	0
𤗯	cui	1	0
𤗳	bo	1	0
𤗴	tui	2	0
𤗵	pu	2	0
𤗷	lin	4	0
𤗸	fen	4	0
𤗺	bo	2	0
𤗻	chan	4	0
𤗾	dang	1	0
𤗿	tai	3	0
𤘀	dao	4	0
𤘃	li	4	0
𤘅	ya	2	0
𤘆	ya	2	0
𤘇	zhan	1	0
𤘊	yi	2	0
𤘌	qi	1	0
𤘔	hu	4	0
𤘖	ting	1	0
𤘘	kou	3	0
𤘛	chun	2	0
𤘜	you	2	0
𤘝	fen	4	0
𤘟	nuo	2	0
𤘠	tian	4	0
𤘡	jin	4	0
𤘢	pi	2	0
𤘣	chen	2	0
𤘤	pi	4	0
𤘦	jie	4	0
𤘧	gui	3	0
𤘲	zhuang	4	0
𤘵	hu	2	0
𤘶	chou	3	0
𤘷	shu	4	0
𤘸	tao	1	0
𤘹	pi	2	0
𤘺	rong	3	0
𤘻	rong	3	0
𤘽	hou	3	0
𤘾	peng	1	0
𤙅	bai	4	0
𤙇	xia	2	0
𤙋	qin	3	0
𤙌	ni	3	0
𤙎	tao	1	0
𤙏	qu	4	0
𤙒	xie	2	0
𤙔	zhao	4	0
𤙕	hua	1	0
𤙖	xin	1	0
𤙘	shou	1	0
𤙛	tu	2	0
𤙝	liang	2	0
𤙞	bi	4	0
𤙟	chu	1	0
𤙡	xing	1	0
𤙣	xin	1	0
𤙤	fu	1	0
𤙩	jie	4	0
𤙭	fu	3	0
𤙯	lao	2	0
𤙰	te	4	0
𤙱	she	4	0
𤙴	chao	1	0
𤙵	chui	1	0
𤙼	ran	2	0
𤙽	hou	3	0
𤙾	beng	1	0
𤚀	cai	3	0
𤚅	mu	2	0
𤚉	xu	1	0
𤚊	die	2	0
𤚍	chan	3	0
𤚎	yu	2	0
𤚏	zhong	4	0
𤚓	li	2	0
𤚔	shou	1	0
𤚚	du	2	0
𤚜	mao	1	0
𤚝	huang	2	0
𤚟	tao	2	0
𤚡	du	4	0
𤚢	ti	2	0
𤚣	sheng	1	0
𤚤	mei	2	0
𤚨	zhen	1	0
𤚩	qin	2	0
𤚪	pi	4	0
𤚫	tang	2	0
𤚬	cang	1	0
𤚭	yao	2	0
𤚯	xiu	4	0
𤚰	bang	1	0
𤚱	gu	3	0
𤚵	bu	4	0
𤚼	gou	4	0
𤚽	bo	2	0
𤛁	wen	4	0
𤛄	ji	4	0
𤛊	la	1	0
𤛍	cui	1	0
𤛎	min	3	0
𤛏	cu	3	0
𤛐	ou	1	0
𤛑	yong	1	0
𤛖	mao	2	0
𤛗	ke	4	0
𤛘	mang	1	0
𤛙	ding	3	0
𤛚	huan	1	0
𤛛	duo	3	0
𤛜	jiang	1	0
𤛝	su	4	0
𤛢	ceng	2	0
𤛣	ta	4	0
𤛥	huang	2	0
𤛦	jue	2	0
𤛧	xun	2	0
𤛪	xiong	4	0
𤛬	mi	4	0
𤛭	qun	2	0
𤛮	lao	2	0
𤛱	zhi	4	0
𤛲	wei	3	0
𤛷	se	4	0
𤛻	zang	1	0
𤜁	an	3	0
𤜂	wei	4	0
𤜄	huai	4	0
𤜇	zhan	4	0
𤜉	ying	1	0
𤜊	ge	1	0
𤜋	hui	4	0
𤜍	quan	2	0
𤜓	lie	4	0
𤜔	ju	2	0
𤜕	ba	4	0
𤜖	lei	2	0
𤜘	man	2	0
𤜙	ling	2	0
𤜜	li	4	0
𤜝	ji	3	0
𤜡	hui	2	0
𤜢	xin	4	0
𤜣	shi	4	0
𤜤	zhe	2	0
𤜧	bo	1	0
𤜫	cha	1	0
𤜯	cha	1	0
𤜰	jing	1	0
𤜱	ba	1	0
𤜲	bei	4	0
𤜵	yan	4	0
𤜷	hu	4	0
𤜹	yu	2	0
𤜻	bi	4	0
𤜼	chuan	2	0
𤜾	ji	3	0
𤝂	mu	4	0
𤝄	mao	2	0
𤝅	zhong	1	0
𤝇	ye	4	0
𤝈	dou	1	0
𤝉	ye	3	0
𤝍	ri	4	0
𤝎	yin	1	0
𤝐	hao	4	0
𤝒	na	4	0
𤝓	tie	4	0
𤝔	fu	4	0
𤝕	mu	3	0
𤝖	zai	3	0
𤝘	hu	2	0
𤝚	chen	1	0
𤝛	tuo	2	0
𤝞	chu	4	0
𤝟	fu	2	0
𤝢	ze	2	0
𤝧	bao	4	0
𤝬	di	3	0
𤝭	cai	3	0
𤝮	lu	4	0
𤝯	po	3	0
𤝰	da	2	0
𤝱	ye	4	0
𤝳	yi	3	0
𤝷	xiang	2	0
𤝸	bi	1	0
𤝹	zhu	1	0
𤝻	yi	2	0
𤝽	lv	4	0
𤝿	kuang	1	0
𤞂	zhi	4	0
𤞃	hui	4	0
𤞇	wa	2	0
𤞈	di	1	0
𤞉	shu	4	0
𤞊	lie	4	0
𤞋	zao	3	0
𤞌	zhi	4	0
𤞍	nao	2	0
𤞗	chai	2	0
𤞚	xiao	1	0
𤞛	zang	4	0
𤞞	yu	4	0
𤞟	dou	4	0
𤞠	cha	4	0
𤞡	xie	2	0
𤞢	yang	2	0
𤞤	xian	3	0
𤞥	bao	3	0
𤞮	zhai	1	0
𤞰	qiu	2	0
𤞲	hu	2	0
𤞳	zai	4	0
𤞴	jue	2	0
𤞶	han	1	0
𤞿	an	4	0
𤟀	zao	4	0
𤟃	sha	4	0
𤟅	xian	4	0
𤟆	chi	3	0
𤟇	yan	3	0
𤟉	an	4	0
𤟍	zhe	2	0
𤟎	jue	2	0
𤟑	li	4	0
𤟓	le	4	0
𤟖	cai	3	0
𤟘	lu	4	0
𤟚	jia	1	0
𤟝	xia	4	0
𤟞	xiao	4	0
𤟟	yan	1	0
𤟠	xu	1	0
𤟢	dun	4	0
𤟣	ying	2	0
𤟤	hui	1	0
𤟥	ti	2	0
𤟦	nou	2	0
𤟧	xi	3	0
𤟪	tu	2	0
𤟷	wai	1	0
𤟸	chen	1	0
𤟼	hong	1	0
𤟾	ti	2	0
𤟿	xuan	1	0
𤠀	za	2	0
𤠇	ge	2	0
𤠋	lou	2	0
𤠌	chai	2	0
𤠍	pan	2	0
𤠎	ji	2	0
𤠐	ta	4	0
𤠓	xi	1	0
𤠖	xiao	1	0
𤠘	sao	1	0
𤠙	jia	1	0
𤠚	su	4	0
𤠛	huang	1	0
𤠝	cuo	1	0
𤠟	ta	4	0
𤠠	shuai	1	0
𤠪	fu	2	0
𤠫	li	4	0
𤠭	she	4	0
𤠯	tang	2	0
𤠶	dian	1	0
𤠺	bi	4	0
𤠼	gou	4	0
𤠽	cu	4	0
𤠿	qian	1	0
𤡂	lei	2	0
𤡃	su	4	0
𤡆	zong	4	0
𤡇	hao	1	0
𤡏	chi	4	0
𤡐	cao	2	0
𤡓	wo	4	0
𤡔	xiao	1	0
𤡕	lie	4	0
𤡖	yan	1	0
𤡝	bi	4	0
𤡟	huan	4	0
𤡡	xi	1	0
𤡢	chi	1	0
𤡣	xu	1	0
𤡤	nao	2	0
𤡥	yan	2	0
𤡧	xie	4	0
𤡨	zha	2	0
𤡪	sui	4	0
𤡬	xi	4	0
𤡭	beng	1	0
𤡮	ran	2	0
𤡯	shuo	4	0
𤡰	ban	1	0
𤡱	gui	4	0
𤡲	kai	1	0
𤡳	chen	1	0
𤡶	xu	4	0
𤡾	e	4	0
𤡿	li	4	0
𤢀	xi	1	0
𤢁	huan	4	0
𤢂	su	4	0
𤢄	chang	3	0
𤢊	lu	4	0
𤢋	yan	2	0
𤢎	dang	1	0
𤢏	dan	3	0
𤢐	yang	1	0
𤢒	zhai	3	0
𤢓	ju	4	0
𤢕	duo	2	0
𤢖	sao	1	0
𤢗	lai	2	0
𤢘	su	4	0
𤢟	ze	2	0
𤢣	bi	4	0
𤢦	yin	4	0
𤢨	hao	1	0
𤢪	lie	4	0
𤢭	hao	2	0
𤢮	yang	2	0
𤢴	shuo	4	0
𤢵	ai	4	0
𤢶	qiong	2	0
𤢹	lei	3	0
𤢺	xie	2	0
𤢼	shi	4	0
𤣃	lu	3	0
𤣅	que	4	0
𤣆	lian	2	0
𤣌	xiao	4	0
𤣎	ying	1	0
𤣑	xie	2	0
𤣘	ling	2	0
𤣙	you	1	0
𤣞	dang	3	0
𤣟	lan	3	0
𤣠	xiao	1	0
𤣨	yi	4	0
𤣬	wu	1	0
𤣮	yi	4	0
𤣯	tuo	1	0
𤣰	bu	3	0
𤣲	xin	4	0
𤣵	si	1	0
𤣶	jin	1	0
𤣸	ba	1	0
𤣹	fa	3	0
𤣻	mo	4	0
𤣼	ruo	4	0
𤤊	da	4	0
𤤋	ji	4	0
𤤐	su	4	0
𤤑	qiong	2	0
𤤒	ba	1	0
𤤦	tian	2	0
𤤧	you	2	0
𤤩	tuo	2	0
𤤫	wai	4	0
𤤬	you	4	0
𤤮	dong	1	0
𤤱	xi	3	0
𤤲	kong	3	0
𤤶	qiong	2	0
𤤷	dui	1	0
𤤸	duo	4	0
𤤺	yi	4	0
𤥒	xi	1	0
𤥓	qin	1	0
𤥔	su	4	0
𤥗	liu	2	0
𤥙	wan	2	0
𤥭	che	1	0
𤥮	zhu	1	0
𤥰	mao	4	0
𤥷	quan	2	0
𤥽	yu	1	0
𤥿	yi	4	0
𤦀	mi	2	0
𤦃	lai	2	0
𤦄	zhi	4	0
𤦤	ni	2	0
𤦦	ban	1	0
𤦪	dong	1	0
𤦮	zhi	4	0
𤧕	yi	4	0
𤧘	ling	2	0
𤧙	yu	2	0
𤧚	cong	1	0
𤧛	di	4	0
𤧜	zhi	4	0
𤧠	ruan	3	0
𤧣	jian	4	0
𤧩	wan	4	0
𤧫	jin	4	0
𤧭	pang	2	0
𤨍	lu	4	0
𤨎	qu	2	0
𤨐	xi	3	0
𤨑	da	2	0
𤨖	hu	4	0
𤨗	luo	3	0
𤨙	le	4	0
𤨶	gong	3	0
𤨻	ling	4	0
𤩂	lao	2	0
𤩄	zhuan	4	0
𤩨	zao	3	0
𤩩	hao	4	0
𤩪	xiang	4	0
𤩭	hao	4	0
𤩮	li	4	0
𤩱	dian	4	0
𤩲	ge	2	0
𤩽	huan	2	0
𤪄	e	4	0
𤪆	xia	2	0
𤪋	jian	1	0
𤪌	qi	2	0
𤪍	xia	2	0
𤪎	you	3	0
𤪡	zheng	1	0
𤪪	zhuan	4	0
𤪮	chan	4	0
𤫉	xie	4	0
𤫕	nao	2	0
𤫝	ji	4	0
𤫞	tian	2	0
𤫣	yan	3	0
𤫧	hao	3	0
𤫨	xin	2	0
𤫩	ling	2	0
𤫫	ban	1	0
𤫬	beng	3	0
𤫱	gou	1	0
𤫲	ling	2	0
𤫵	kuo	4	0
𤫶	qia	4	0
𤫷	jiao	4	0
𤫹	en	1	0
𤫺	yao	2	0
𤫻	du	1	0
𤬁	huo	3	0
𤬂	du	3	0
𤬃	pei	1	0
𤬌	yuan	2	0
𤬏	lou	2	0
𤬐	xing	2	0
𤬓	lian	2	0
𤬔	yao	2	0
𤬕	xi	1	0
𤬖	yao	2	0
𤬘	xi	1	0
𤬛	lu	2	0
𤬝	yan	4	0
𤬠	quan	2	0
𤬥	rang	2	0
𤬦	wa	4	0
𤬧	zu	2	0
𤬨	fan	4	0
𤬩	yi	4	0
𤬪	du	4	0
𤬫	sui	4	0
𤬭	pi	1	0
𤬯	han	2	0
𤬱	xu	4	0
𤬳	gong	3	0
𤬵	di	4	0
𤬷	na	4	0
𤬾	duo	4	0
𤬿	wa	1	0
𤭂	nie	4	0
𤭈	diao	4	0
𤭉	huang	1	0
𤭌	ti	2	0
𤭍	fan	4	0
𤭑	wu	2	0
𤭒	ang	2	0
𤭔	ping	2	0
𤭙	han	2	0
𤭛	gang	1	0
𤭜	li	2	0
𤭞	dun	1	0
𤭟	fu	4	0
𤭠	na	4	0
𤭢	cei	4	0
𤭧	jie	1	0
𤭩	qing	4	0
𤭫	ying	1	0
𤭬	xiang	2	0
𤭱	hu	2	0
𤭴	su	4	0
𤭻	ge	1	0
𤭼	e	4	0
𤭽	xu	4	0
𤮆	xi	1	0
𤮊	kang	1	0
𤮋	guo	2	0
𤮌	jie	1	0
𤮍	chuan	2	0
𤮎	lei	2	0
𤮏	heng	2	0
𤮐	zun	1	0
𤮕	pie	4	0
𤮘	deng	1	0
𤮙	xi	1	0
𤮚	lei	2	0
𤮜	shan	4	0
𤮧	lu	2	0
𤮩	dui	4	0
𤮪	jun	4	0
𤮭	chan	4	0
𤮯	xie	2	0
𤮰	wa	1	0
𤮱	zhe	2	0
𤮳	zhuan	1	0
𤮷	liu	4	0
𤮸	lei	2	0
𤮼	dai	4	0
𤮽	gan	1	0
𤯄	shi	4	0
𤯇	yan	3	0
𤯌	gan	1	0
𤯐	yan	2	0
𤯖	sui	1	0
𤯚	zhong	1	0
𤯜	shi	4	0
𤯡	sheng	4	0
𤯥	chan	3	0
𤯷	huang	2	0
𤯸	yin	4	0
𤯻	meng	3	0
𤰂	rang	2	0
𤰅	xiang	2	0
𤰈	bei	4	0
𤰌	chuan	2	0
𤰑	pu	2	0
𤰙	ke	1	0
𤰚	la	1	0
𤰝	quan	3	0
𤰟	hang	4	0
𤰠	chi	4	0
𤰡	mang	2	0
𤰦	zha	4	0
𤰪	fen	4	0
𤰬	chao	4	0
𤰳	jing	3	0
𤱃	lie	4	0
𤱅	na	4	0
𤱆	na	4	0
𤱇	tong	2	0
𤱋	ran	2	0
𤱌	zu	3	0
𤱍	pi	1	0
𤱎	you	3	0
𤱐	shu	1	0
𤱛	lie	4	0
𤱜	shou	1	0
𤱝	tuan	3	0
𤱟	gao	3	0
𤱠	shao	2	0
𤱡	tuo	2	0
𤱣	nan	2	0
𤱧	tuo	3	0
𤱨	gong	1	0
𤱩	diao	4	0
𤱴	meng	3	0
𤱵	bang	1	0
𤱷	xie	2	0
𤱸	si	4	0
𤱹	ting	3	0
𤱺	gui	4	0
𤱽	fu	2	0
𤱾	gui	4	0
𤲉	gui	4	0
𤲑	zhu	3	0
𤲓	lai	2	0
𤲕	lun	3	0
𤲖	tian	3	0
𤲗	ran	3	0
𤲚	dong	1	0
𤲨	juan	4	0
𤲩	yan	2	0
𤲬	ruan	2	0
𤲭	dan	3	0
𤲰	mao	4	0
𤲶	luan	2	0
𤲸	xu	4	0
𤲺	xi	1	0
𤳂	ma	2	0
𤳃	qi	1	0
𤳅	cha	4	0
𤳈	shang	1	0
𤳉	han	4	0
𤳊	ping	2	0
𤳎	ji	1	0
𤳓	li	4	0
𤳕	yu	4	0
𤳖	ban	1	0
𤳘	teng	1	0
𤳝	chou	2	0
𤳠	chou	2	0
𤳤	qi	1	0
𤳥	xi	1	0
𤳦	bei	4	0
𤳪	ye	4	0
𤳭	guang	3	0
𤳯	zhu	4	0
𤳳	lei	2	0
𤳴	lei	2	0
𤳵	cha	1	0
𤴀	guang	3	0
𤴍	die	2	0
𤴓	ya	3	0
𤴘	nie	4	0
𤴙	shu	1	0
𤴛	zhi	4	0
𤴟	zhi	4	0
𤴢	zhi	4	0
𤴣	pi	3	0
𤴥	jiu	1	0
𤴦	jiu	1	0
𤴧	yi	4	0
𤴨	you	4	0
𤴪	jiu	1	0
𤴯	huan	4	0
𤴱	du	4	0
𤴻	tao	2	0
𤴼	qie	4	0
𤴽	qin	2	0
𤴾	xin	4	0
𤴿	chan	1	0
𤵀	ji	4	0
𤵂	qin	4	0
𤵊	du	4	0
𤵋	zhi	1	0
𤵎	ou	3	0
𤵐	wu	4	0
𤵒	wen	2	0
𤵘	bi	4	0
𤵛	bei	1	0
𤵝	mu	3	0
𤵞	jin	4	0
𤵟	tao	2	0
𤵠	liao	2	0
𤵥	cao	2	0
𤵦	zha	2	0
𤵬	chi	3	0
𤵭	ya	1	0
𤵮	kui	2	0
𤵯	yin	4	0
𤵸	long	2	0
𤵹	qia	4	0
𤵻	hang	1	0
𤵼	shang	4	0
𤵽	hai	4	0
𤵾	cha	1	0
𤶀	jiao	3	0
𤶁	lao	3	0
𤶈	xi	1	0
𤶊	gui	4	0
𤶋	bo	2	0
𤶓	zhi	3	0
𤶕	tun	4	0
𤶖	fu	2	0
𤶘	hu	1	0
𤶚	nie	4	0
𤶛	yi	4	0
𤶜	zhuang	4	0
𤶠	cha	2	0
𤶤	suan	1	0
𤶧	yun	4	0
𤶮	du	4	0
𤶰	xi	1	0
𤶱	chuan	4	0
𤶲	xing	2	0
𤶳	jiao	3	0
𤶴	shen	1	0
𤷀	wang	1	0
𤷁	bei	1	0
𤷂	fei	2	0
𤷃	jian	4	0
𤷄	quan	2	0
𤷅	yi	4	0
𤷆	dong	1	0
𤷇	xu	4	0
𤷈	na	4	0
𤷉	ji	2	0
𤷌	zhen	3	0
𤷍	qi	2	0
𤷎	dui	1	0
𤷏	yin	2	0
𤷑	jiu	4	0
𤷒	pi	2	0
𤷓	xin	4	0
𤷔	lun	2	0
𤷕	cai	3	0
𤷖	ling	4	0
𤷗	bie	1	0
𤷘	dao	4	0
𤷙	de	2	0
𤷟	la	5	0
𤷡	xi	1	0
𤷢	ju	4	0
𤷤	xiao	2	0
𤷦	jing	1	0
𤷹	wai	4	0
𤷻	nao	3	0
𤷼	xiang	1	0
𤷽	que	4	0
𤷾	qie	4	0
𤷿	tu	1	0
𤸀	xu	3	0
𤸁	hui	4	0
𤸅	min	2	0
𤸆	wei	3	0
𤸈	you	2	0
𤸉	tui	2	0
𤸊	dai	4	0
𤸎	ke	3	0
𤸏	na	4	0
𤸑	fu	4	0
𤸒	yu	4	0
𤸓	zhi	3	0
𤸕	han	1	0
𤸖	ai	1	0
𤸗	fu	4	0
𤸡	yang	1	0
𤸤	shi	2	0
𤸦	chan	2	0
𤸪	chi	4	0
𤸫	yun	4	0
𤸬	shuai	1	0
𤸮	su	4	0
𤸯	sang	3	0
𤸱	e	4	0
𤸲	zheng	3	0
𤸳	ai	2	0
𤸴	suo	3	0
𤸵	bu	4	0
𤸷	qun	2	0
𤸸	yi	4	0
𤸹	yan	3	0
𤸻	na	4	0
𤸼	wu	3	0
𤹇	li	4	0
𤹈	li	4	0
𤹊	xi	1	0
𤹋	jue	2	0
𤹌	shi	1	0
𤹎	ya	3	0
𤹛	chen	2	0
𤹜	ying	2	0
𤹝	bi	4	0
𤹞	che	4	0
𤹡	zha	1	0
𤹢	tuo	3	0
𤹣	hu	4	0
𤹤	teng	2	0
𤹥	ying	4	0
𤹦	bi	3	0
𤹧	ning	2	0
𤹨	lian	4	0
𤹩	xin	4	0
𤹪	yu	3	0
𤹲	bei	4	0
𤹴	mo	2	0
𤹵	dui	1	0
𤹷	dao	3	0
𤹸	qi	2	0
𤹺	e	4	0
𤺀	shuai	1	0
𤺃	xiao	1	0
𤺄	zhong	3	0
𤺅	zhui	4	0
𤺇	bian	4	0
𤺉	wei	3	0
𤺊	xi	1	0
𤺌	deng	1	0
𤺎	xie	1	0
𤺏	pan	1	0
𤺐	nie	4	0
𤺓	bie	2	0
𤺔	she	4	0
𤺕	fei	4	0
𤺖	min	3	0
𤺗	qi	4	0
𤺪	shan	4	0
𤺫	suo	3	0
𤺷	ji	2	0
𤺺	dan	3	0
𤺻	juan	4	0
𤺼	lu	4	0
𤺾	ao	4	0
𤻂	yi	4	0
𤻃	shu	3	0
𤻄	sui	4	0
𤻅	wei	4	0
𤻆	wan	2	0
𤻇	chu	3	0
𤻊	tui	2	0
𤻌	wo	4	0
𤻖	bi	4	0
𤻘	yin	3	0
𤻙	huo	2	0
𤻜	kai	4	0
𤻝	ning	2	0
𤻢	ai	4	0
𤻤	li	4	0
𤻦	zhai	1	0
𤻱	lu	4	0
𤻶	bian	4	0
𤻷	pan	2	0
𤻿	gui	4	0
𤼀	su	1	0
𤼁	meng	2	0
𤼂	xian	3	0
𤼃	long	4	0
𤼅	qi	4	0
𤼋	chan	4	0
𤼌	yi	4	0
𤼍	hang	2	0
𤼏	lian	3	0
𤼐	guan	4	0
𤼒	wei	3	0
𤼗	jue	2	0
𤼘	lei	2	0
𤼙	luan	2	0
𤼚	li	4	0
𤼜	pi	2	0
𤼢	huan	3	0
𤼮	gui	1	0
𤼳	ju	2	0
𤼶	deng	1	0
𤼺	fei	4	0
𤽁	zhi	1	0
𤽃	mei	4	0
𤽅	huan	4	0
𤽉	pa	1	0
𤽊	bi	3	0
𤽌	po	1	0
𤽓	er	2	0
𤽕	huan	4	0
𤽣	chang	4	0
𤽥	luo	4	0
𤽦	fou	3	0
𤽯	chou	2	0
𤽱	zu	2	0
𤽲	nan	2	0
𤽳	xiao	3	0
𤽹	bai	4	0
𤽺	lu	4	0
𤽼	luo	4	0
𤽿	nian	4	0
𤾀	ze	2	0
𤾄	zhu	4	0
𤾅	hu	2	0
𤾈	hui	1	0
𤾉	tang	3	0
𤾊	chou	2	0
𤾑	huang	2	0
𤾒	dou	1	0
𤾛	miao	4	0
𤾝	bo	2	0
𤾠	di	4	0
𤾢	deng	3	0
𤾣	pu	1	0
𤾥	song	1	0
𤾦	chou	2	0
𤾫	yao	4	0
𤾬	meng	3	0
𤾭	long	2	0
𤾲	lian	2	0
𤾵	bie	2	0
𤾺	lv	3	0
𤾿	se	4	0
𤿀	zuo	2	0
𤿄	cun	2	0
𤿅	ling	2	0
𤿆	zheng	3	0
𤿇	pi	3	0
𤿈	bao	2	0
𤿋	que	4	0
𤿎	pi	1	0
𤿏	nan	4	0
𤿐	pi	1	0
𤿑	bo	3	0
𤿒	bei	4	0
𤿓	fa	1	0
𤿕	min	3	0
𤿖	mo	4	0
𤿗	wa	4	0
𤿘	zhao	1	0
𤿙	zhi	4	0
𤿚	cu	1	0
𤿟	xun	2	0
𤿠	ji	2	0
𤿡	gui	4	0
𤿣	cheng	2	0
𤿧	han	4	0
𤿨	xiao	4	0
𤿩	que	4	0
𤿫	chuo	4	0
𤿭	fu	3	0
𤿲	fu	1	0
𤿳	qin	3	0
𤿴	lu	4	0
𤿵	que	4	0
𤿶	dian	3	0
𤿷	qian	1	0
𤿼	chang	3	0
𤿽	ta	4	0
𤿾	bei	1	0
𥀁	du	4	0
𥀂	beng	3	0
𥀃	hou	4	0
𥀈	zha	3	0
𥀉	zha	3	0
𥀎	que	4	0
𥀏	ma	2	0
𥀐	han	2	0
𥀓	liu	2	0
𥀔	lu	4	0
𥀖	zi	1	0
𥀘	pi	3	0
𥀙	zhou	4	0
𥀛	zao	1	0
𥀝	niu	3	0
𥀠	hui	4	0
𥀣	xue	2	0
𥀥	la	4	0
𥀫	nou	2	0
𥀬	yan	3	0
𥀭	ran	3	0
𥀮	nao	3	0
𥀰	la	4	0
𥀱	guang	3	0
𥀲	du	2	0
𥀵	lu	2	0
𥀹	jian	3	0
𥀺	xie	4	0
𥀻	qi	4	0
𥀾	xiang	4	0
𥁁	guo	3	0
𥁂	jie	2	0
𥁃	mang	4	0
𥁆	xia	1	0
𥁇	kui	1	0
𥁎	yong	4	0
𥁐	hai	3	0
𥁑	mi	4	0
𥁒	yao	4	0
𥁕	wen	1	0
𥁟	li	4	0
𥁠	juan	4	0
𥁡	wu	1	0
𥁢	qiao	2	0
𥁮	diao	4	0
𥁯	chu	4	0
𥁲	suo	1	0
𥁵	chong	1	0
𥁸	quan	1	0
𥁹	she	4	0
𥂁	yan	2	0
𥂂	meng	3	0
𥂃	ju	4	0
𥂋	tu	2	0
𥂒	nong	2	0
𥂓	mo	2	0
𥂙	fen	4	0
𥂢	ao	2	0
𥂣	guo	1	0
𥂤	hu	2	0
𥂥	can	2	0
𥂦	dun	1	0
𥂧	hai	3	0
𥂨	jiao	3	0
𥂰	gu	1	0
𥂵	jin	1	0
𥂸	yang	2	0
𥃀	cha	4	0
𥃌	hui	1	0
𥃔	qu	2	0
𥃕	ke	1	0
𥃟	qing	1	0
𥃠	yi	4	0
𥃣	kai	3	0
𥃤	jiao	3	0
𥃧	chou	1	0
𥃨	bu	3	0
𥃩	gen	4	0
𥃪	jiao	1	0
𥃫	zhi	1	0
𥃮	wen	4	0
𥃰	bin	1	0
𥃴	xiong	4	0
𥃵	fan	4	0
𥃸	yi	2	0
𥃹	chuan	4	0
𥃺	yao	4	0
𥃽	yang	1	0
𥃾	du	4	0
𥃿	yan	3	0
𥄁	meng	2	0
𥄇	chi	1	0
𥄈	mu	4	0
𥄉	jiao	1	0
𥄋	nv	4	0
𥄍	guo	2	0
𥄎	xue	4	0
𥄑	fu	2	0
𥄒	xue	1	0
𥄓	fu	1	0
𥄔	pei	4	0
𥄕	mo	4	0
𥄖	xi	1	0
𥄗	wo	4	0
𥄘	shan	3	0
𥄛	xi	1	0
𥄜	qi	4	0
𥄝	mian	4	0
𥄦	dan	3	0
𥄨	chou	3	0
𥄱	fei	4	0
𥄲	mie	2	0
𥄴	xue	4	0
𥄵	xu	4	0
𥄶	si	1	0
𥄷	ju	3	0
𥄸	mao	3	0
𥄹	bao	4	0
𥄻	yi	2	0
𥄼	gua	1	0
𥄽	ni	4	0
𥄿	yi	2	0
𥅁	zuo	4	0
𥅄	nu	3	0
𥅑	dian	4	0
𥅒	fan	4	0
𥅓	yi	4	0
𥅔	shi	4	0
𥅗	cu	1	0
𥅘	zhen	3	0
𥅞	shi	4	0
𥅟	jiao	3	0
𥅠	hou	4	0
𥅡	er	2	0
𥅦	lei	4	0
𥅧	xue	4	0
𥅨	geng	4	0
𥅪	shou	1	0
𥅬	juan	1	0
𥅴	jie	2	0
𥅵	wei	2	0
𥅷	shou	3	0
𥅸	jing	4	0
𥅺	xu	2	0
𥅻	chong	4	0
𥆅	jiang	1	0
𥆆	mou	4	0
𥆉	yu	4	0
𥆌	jue	2	0
𥆑	ting	4	0
𥆔	xiao	1	0
𥆖	dou	1	0
𥆘	guo	2	0
𥆙	mang	2	0
𥆚	wang	1	0
𥆛	xu	4	0
𥆜	wang	4	0
𥆝	suo	1	0
𥆞	juan	4	0
𥆟	yue	4	0
𥆡	han	2	0
𥆣	shen	1	0
𥆥	xie	2	0
𥆦	liu	2	0
𥆧	run	2	0
𥆯	bi	4	0
𥆲	nao	4	0
𥆶	wan	4	0
𥆷	jiu	4	0
𥆸	que	1	0
𥇄	ni	4	0
𥇆	mi	2	0
𥇇	suo	1	0
𥇉	qiang	3	0
𥇌	han	4	0
𥇍	zhuo	2	0
𥇎	mi	2	0
𥇏	xu	4	0
𥇑	lang	3	0
𥇒	jie	2	0
𥇓	ding	4	0
𥇔	chang	4	0
𥇕	zhi	4	0
𥇖	fei	1	0
𥇗	jia	2	0
𥇘	jun	4	0
𥇙	huo	4	0
𥇚	qi	1	0
𥇛	ju	1	0
𥇜	zhun	1	0
𥇞	dian	4	0
𥇟	jiao	3	0
𥇠	ya	1	0
𥇢	zhan	3	0
𥇭	zhi	1	0
𥇯	mai	4	0
𥇰	hu	1	0
𥇱	xie	4	0
𥇲	shi	2	0
𥇳	gui	1	0
𥇿	xu	4	0
𥈂	ji	2	0
𥈄	chuang	4	0
𥈆	mao	4	0
𥈇	ruan	2	0
𥈈	xu	1	0
𥈉	huan	4	0
𥈊	sha	4	0
𥈋	ju	3	0
𥈏	kuang	4	0
𥈑	hou	2	0
𥈒	guan	1	0
𥈓	gua	1	0
𥈕	mi	2	0
𥈖	die	2	0
𥈗	bi	4	0
𥈘	liang	3	0
𥈙	la	4	0
𥈚	shan	3	0
𥈛	lu	4	0
𥈜	xi	4	0
𥈟	sou	3	0
𥈬	ou	1	0
𥈮	leng	2	0
𥈷	ku	1	0
𥈸	gui	1	0
𥈻	xi	1	0
𥈼	pan	2	0
𥈽	se	4	0
𥈾	jue	4	0
𥈿	hong	4	0
𥉀	guan	4	0
𥉁	ju	4	0
𥉃	nai	4	0
𥉄	hua	2	0
𥉅	ge	2	0
𥉆	li	4	0
𥉇	gou	4	0
𥉈	ti	4	0
𥉊	ma	4	0
𥉋	teng	2	0
𥉌	da	2	0
𥉐	qi	1	0
𥉑	yu	4	0
𥉒	jiao	3	0
𥉓	mie	4	0
𥉔	geng	3	0
𥉕	meng	4	0
𥉖	wei	4	0
𥉘	ti	2	0
𥉙	qi	2	0
𥉜	chen	2	0
𥉝	dou	1	0
𥉟	pan	2	0
𥉰	han	4	0
𥉴	mi	4	0
𥉵	ma	2	0
𥉶	lu	4	0
𥉷	qi	1	0
𥉸	keng	1	0
𥉺	die	2	0
𥉻	qi	4	0
𥉼	jiao	1	0
𥉽	kang	1	0
𥉾	qiao	1	0
𥉿	mi	4	0
𥊀	shan	1	0
𥊇	jian	1	0
𥊈	li	2	0
𥊉	ke	4	0
𥊊	xu	4	0
𥊑	man	2	0
𥊒	feng	4	0
𥊓	chan	4	0
𥊔	hui	3	0
𥊧	kou	4	0
𥊪	wei	3	0
𥊫	guan	4	0
𥊬	ji	2	0
𥊭	zun	4	0
𥊮	huo	4	0
𥊯	xie	2	0
𥊴	sui	4	0
𥊶	ruan	3	0
𥊸	te	4	0
𥊼	zheng	4	0
𥊽	kun	1	0
𥊾	xiang	3	0
𥊿	mian	2	0
𥋁	xi	4	0
𥋌	sa	1	0
𥋙	e	4	0
𥋚	mie	4	0
𥋛	zhu	3	0
𥋜	zou	1	0
𥋝	meng	3	0
𥋟	xi	1	0
𥋡	tang	2	0
𥋣	jia	4	0
𥋤	chang	2	0
𥋥	ji	2	0
𥋮	zhuo	2	0
𥋿	he	4	0
𥌀	cha	2	0
𥌁	qi	4	0
𥌂	mian	2	0
𥌃	zhen	3	0
𥌄	ku	1	0
𥌅	ye	4	0
𥌆	zhou	1	0
𥌈	jian	1	0
𥌊	pan	4	0
𥌍	hui	1	0
𥌏	ming	2	0
𥌐	liu	4	0
𥌘	shui	4	0
𥌚	mai	4	0
𥌛	li	2	0
𥌞	shuo	4	0
𥌟	yi	2	0
𥌤	li	4	0
𥌨	xie	1	0
𥌩	te	4	0
𥌪	xiu	1	0
𥌭	xuan	4	0
𥌮	li	4	0
𥌯	meng	2	0
𥌰	wei	2	0
𥌱	meng	2	0
𥌺	yao	4	0
𥌻	lan	2	0
𥌼	ling	2	0
𥌽	ying	1	0
𥌾	ying	1	0
𥌿	li	4	0
𥍀	jian	3	0
𥍁	gui	1	0
𥍅	guan	1	0
𥍆	xie	4	0
𥍉	she	4	0
𥍋	zui	1	0
𥍓	kan	4	0
𥍔	lei	2	0
𥍚	bian	4	0
𥍝	shu	3	0
𥍞	nv	4	0
𥍟	xu	4	0
𥍣	hao	4	0
𥍨	gui	3	0
𥍪	zhai	4	0
𥍫	lang	2	0
𥍬	cuan	1	0
𥍭	zhi	4	0
𥍮	feng	2	0
𥍯	qin	1	0
𥍱	ze	2	0
𥍲	na	4	0
𥍳	niu	3	0
𥍴	yi	4	0
𥍷	cong	1	0
𥍸	shi	1	0
𥍹	jian	3	0
𥍺	zong	1	0
𥍻	yan	3	0
𥍼	ying	1	0
𥎀	ruan	3	0
𥎂	rong	2	0
𥎃	xi	4	0
𥎅	guan	1	0
𥎆	kai	4	0
𥎈	wu	4	0
𥎊	qin	2	0
𥎋	cong	1	0
𥎍	ze	2	0
𥎎	xie	4	0
𥎐	yu	4	0
𥎑	zan	4	0
𥎒	chuang	1	0
𥎓	li	3	0
𥎔	li	3	0
𥎕	xu	4	0
𥎖	mi	2	0
𥎗	xu	4	0
𥎘	ruan	3	0
𥎛	gui	4	0
𥎜	rong	3	0
𥎝	zuan	3	0
𥎟	mao	2	0
𥎡	qin	2	0
𥎢	cuan	4	0
𥎣	cuan	4	0
𥎤	cuan	4	0
𥎮	wu	1	0
𥎰	fa	3	0
𥎱	ba	2	0
𥎸	qia	4	0
𥎹	zhi	4	0
𥎺	tiao	4	0
𥏄	zhi	4	0
𥏅	zhi	2	0
𥏇	huan	4	0
𥏈	chou	2	0
𥏊	zhi	4	0
𥏎	ying	3	0
𥏒	wu	4	0
𥏓	bei	1	0
𥏕	hong	2	0
𥏖	shen	3	0
𥏘	jue	2	0
𥏙	kui	4	0
𥏜	yi	3	0
𥏝	ya	4	0
𥏠	bi	1	0
𥏤	kua	4	0
𥏥	qian	1	0
𥏨	zhao	1	0
𥏪	kai	3	0
𥏫	shang	1	0
𥏮	an	4	0
𥏯	zhe	2	0
𥏰	zhi	4	0
𥏷	zhi	4	0
𥏹	jiao	3	0
𥐀	si	1	0
𥐁	pu	2	0
𥐂	ou	3	0
𥐊	zhuo	2	0
𥐑	ying	1	0
𥐓	huan	1	0
𥐕	ya	4	0
𥐘	shi	2	0
𥐙	pa	1	0
𥐚	pu	3	0
𥐞	mang	2	0
𥐟	chai	1	0
𥐩	yun	2	0
𥐬	gu	3	0
𥐹	dan	3	0
𥐻	nao	2	0
𥐽	zhe	2	0
𥐿	hu	2	0
𥑅	keng	1	0
𥑇	die	2	0
𥑈	ting	1	0
𥑋	guai	4	0
𥑎	qiong	1	0
𥑏	shi	3	0
𥑐	jia	3	0
𥑑	ao	4	0
𥑒	na	3	0
𥑓	pin	3	0
𥑔	jia	2	0
𥑡	zhe	4	0
𥑢	bu	4	0
𥑣	wo	3	0
𥑥	cha	3	0
𥑪	nao	2	0
𥑫	kan	3	0
𥑯	du	2	0
𥑰	guai	4	0
𥑱	qiong	2	0
𥑳	rong	2	0
𥑴	yi	3	0
𥑵	dui	1	0
𥑶	lei	3	0
𥑸	zhou	1	0
𥑹	kua	1	0
𥑺	e	1	0
𥑻	xian	1	0
𥑼	dian	4	0
𥑽	nuo	4	0
𥑾	e	4	0
𥑿	yong	1	0
𥒀	wu	4	0
𥒁	keng	1	0
𥒓	zhi	4	0
𥒗	zhi	3	0
𥒘	xun	2	0
𥒛	zheng	4	0
𥒞	yang	2	0
𥒠	huo	4	0
𥒡	ji	2	0
𥒢	nao	3	0
𥒧	ya	4	0
𥒨	lu	4	0
𥒫	fu	1	0
𥒬	san	3	0
𥒭	chu	4	0
𥒮	wei	3	0
𥒰	fu	3	0
𥒱	keng	1	0
𥒲	si	4	0
𥒳	kang	4	0
𥒵	yi	4	0
𥒶	hua	4	0
𥒾	yu	3	0
𥓃	li	4	0
𥓆	lin	3	0
𥓇	du	3	0
𥓈	e	4	0
𥓌	qiang	3	0
𥓍	du	2	0
𥓐	jie	2	0
𥓑	chuo	4	0
𥓒	xian	4	0
𥓖	gao	3	0
𥓬	dao	4	0
𥓰	hong	1	0
𥓻	zong	1	0
𥓾	qi	4	0
𥓿	tuo	2	0
𥔀	hong	1	0
𥔁	pi	3	0
𥔂	geng	4	0
𥔄	nie	4	0
𥔇	kong	1	0
𥔊	zhi	3	0
𥔑	xiao	3	0
𥔡	she	4	0
𥔢	yu	2	0
𥔣	jiang	1	0
𥔩	qi	3	0
𥔪	chen	3	0
𥔫	sang	3	0
𥔭	suo	3	0
𥔮	qian	2	0
𥔯	hui	4	0
𥔱	shan	4	0
𥔲	e	4	0
𥔻	qiu	1	0
𥔽	ke	4	0
𥕀	weng	1	0
𥕁	zi	1	0
𥕂	ji	2	0
𥕇	da	3	0
𥕉	cuo	4	0
𥕍	lou	3	0
𥕎	kang	1	0
𥕏	kuo	4	0
𥕐	di	2	0
𥕑	qie	1	0
𥕓	mo	4	0
𥕖	guo	3	0
𥕗	hong	1	0
𥕘	chao	2	0
𥕙	hei	1	0
𥕢	cao	2	0
𥕣	zhe	2	0
𥕤	ke	1	0
𥕦	gun	3	0
𥕰	xu	1	0
𥕱	peng	2	0
𥕲	jue	2	0
𥕵	gan	3	0
𥕶	si	1	0
𥕸	sui	4	0
𥕹	que	4	0
𥕻	wu	2	0
𥕼	yan	2	0
𥕽	peng	4	0
𥕾	xiao	3	0
𥕿	pan	1	0
𥖍	la	4	0
𥖗	beng	4	0
𥖘	zhen	3	0
𥖙	ji	2	0
𥖜	jin	3	0
𥖝	lian	2	0
𥖞	ken	3	0
𥖠	zhou	2	0
𥖨	zao	4	0
𥖪	le	4	0
𥖫	qi	1	0
𥖬	bing	4	0
𥖵	yin	3	0
𥖶	pin	1	0
𥖻	sou	3	0
𥖼	lv	4	0
𥖾	di	2	0
𥖿	du	2	0
𥗀	liao	3	0
𥗁	zhuo	2	0
𥗊	chang	3	0
𥗒	chen	4	0
𥗓	ta	4	0
𥗙	que	4	0
𥗚	dao	4	0
𥗝	rang	3	0
𥗟	po	4	0
𥗦	zhong	1	0
𥗧	xie	1	0
𥗪	jiang	1	0
𥗫	qu	2	0
𥗬	lei	3	0
𥗭	ca	4	0
𥗮	que	1	0
𥗵	xiang	4	0
𥗶	lei	4	0
𥗺	lan	4	0
𥗽	lan	2	0
𥗿	la	3	0
𥘁	la	3	0
𥘄	yu	4	0
𥘊	jiao	4	0
𥘋	qin	2	0
𥘌	ji	1	0
𥘏	gan	3	0
𥘒	yi	4	0
𥘠	yi	4	0
𥘡	zhi	1	0
𥘤	biao	3	0
𥘥	sheng	1	0
𥘦	jiu	4	0
𥘫	he	1	0
𥘬	fu	2	0
𥘮	ju	1	0
𥙀	zuo	3	0
𥙁	yi	2	0
𥙆	xian	4	0
𥙇	yi	2	0
𥙉	si	4	0
𥙋	chui	4	0
𥙎	mo	4	0
𥙡	zhan	1	0
𥙣	xun	2	0
𥙦	ru	2	0
𥙨	huo	4	0
𥙬	shao	1	0
𥙰	shou	4	0
𥙾	you	4	0
𥙿	yu	4	0
𥚂	jun	4	0
𥚉	zi	1	0
𥚊	lu	4	0
𥚚	chi	3	0
𥚛	kun	1	0
𥚠	zhun	4	0
𥚦	hou	2	0
𥚩	xu	3	0
𥚾	zong	1	0
𥚿	ying	4	0
𥛂	zhu	1	0
𥛅	liu	4	0
𥛑	nu	4	0
𥛘	bi	4	0
𥛚	chi	4	0
𥛜	zu	3	0
𥛝	feng	2	0
𥛞	lu	4	0
𥛟	pu	3	0
𥛥	zhuan	4	0
𥛧	zhe	2	0
𥛨	shi	1	0
𥛩	yu	3	0
𥛪	lu	4	0
𥛫	liang	2	0
𥛯	jue	2	0
𥛰	liao	4	0
𥛱	beng	1	0
𥜃	yi	4	0
𥜄	guan	1	0
𥜌	ao	3	0
𥜏	gui	4	0
𥜐	min	3	0
𥜒	yan	3	0
𥜓	lan	2	0
𥜖	bo	2	0
𥜙	zan	4	0
𥜚	you	3	0
𥜥	yi	4	0
𥜦	ni	3	0
𥜬	ni	3	0
𥜭	guo	3	0
𥜮	jun	4	0
𥜰	shi	1	0
𥜲	xian	3	0
𥜴	qian	1	0
𥜵	que	4	0
𥜶	kui	2	0
𥝀	she	2	0
𥝂	huo	4	0
𥝄	wan	4	0
𥝊	fei	4	0
𥝋	fei	4	0
𥝍	yu	4	0
𥝑	zhi	1	0
𥝒	gua	4	0
𥝔	jie	2	0
𥝕	mang	2	0
𥝖	he	2	0
𥝘	you	3	0
𥝟	du	4	0
𥝠	si	1	0
𥝢	li	4	0
𥝥	jie	2	0
𥝦	niu	3	0
𥝧	ba	4	0
𥝨	yu	2	0
𥝮	zhi	1	0
𥝸	he	2	0
𥝹	ke	1	0
𥝾	du	4	0
𥝿	jia	1	0
𥞁	chen	1	0
𥞃	chui	4	0
𥞄	he	2	0
𥞅	zhai	3	0
𥞊	mei	4	0
𥞍	he	2	0
𥞎	zi	3	0
𥞏	zhu	2	0
𥞒	tuo	2	0
𥞘	zun	4	0
𥞚	ru	2	0
𥞛	duo	4	0
𥞜	jiang	4	0
𥞦	jia	2	0
𥞧	heng	2	0
𥞩	beng	1	0
𥞪	mo	4	0
𥞯	zu	2	0
𥞲	bie	1	0
𥞴	ku	4	0
𥞵	jia	2	0
𥞺	zhuo	1	0
𥞼	xiu	1	0
𥟂	lai	2	0
𥟃	he	2	0
𥟅	qiao	1	0
𥟍	fei	3	0
𥟎	sheng	1	0
𥟒	zhui	4	0
𥟓	kuan	3	0
𥟔	ze	4	0
𥟕	xian	1	0
𥟗	bi	4	0
𥟘	yi	4	0
𥟚	chang	4	0
𥟪	mao	4	0
𥟶	wan	3	0
𥟽	wu	1	0
𥟾	ku	1	0
𥟿	wo	3	0
𥠀	xing	1	0
𥠁	ke	1	0
𥠃	jiu	1	0
𥠄	duan	1	0
𥠅	huan	4	0
𥠈	zhi	4	0
𥠉	ce	4	0
𥠊	rou	2	0
𥠋	ji	2	0
𥠍	ye	4	0
𥠛	jing	1	0
𥠜	yang	4	0
𥠡	zong	3	0
𥠩	can	3	0
𥠱	si	1	0
𥠲	li	4	0
𥠳	gu	3	0
𥠴	chang	4	0
𥠶	fei	3	0
𥠷	liu	2	0
𥠹	jie	2	0
𥠺	yun	1	0
𥠽	zhi	4	0
𥡀	chou	2	0
𥡁	bie	1	0
𥡒	ji	1	0
𥡜	luo	2	0
𥡝	jian	1	0
𥡟	chuang	1	0
𥡠	shuang	3	0
𥡢	lv	4	0
𥡣	jun	4	0
𥡤	jiao	4	0
𥡦	ti	4	0
𥡧	zha	1	0
𥡪	yi	4	0
𥡬	cong	1	0
𥡭	nei	3	0
𥡮	jia	1	0
𥡴	ji	4	0
𥡽	ai	4	0
𥢇	jian	3	0
𥢊	ben	4	0
𥢌	fan	2	0
𥢍	sui	4	0
𥢎	zun	4	0
𥢏	dian	4	0
𥢐	gao	1	0
𥢑	gao	3	0
𥢒	lao	2	0
𥢔	zhuo	2	0
𥢢	tui	2	0
𥢦	bi	4	0
𥢧	ju	2	0
𥢮	hua	2	0
𥢲	cheng	2	0
𥢶	kuai	4	0
𥢷	dang	1	0
𥢸	ge	2	0
𥢹	xie	2	0
𥢻	jie	2	0
𥢽	can	1	0
𥣆	zu	2	0
𥣈	pu	2	0
𥣋	shu	3	0
𥣌	bu	3	0
𥣗	ning	2	0
𥣘	yan	3	0
𥣙	zhou	4	0
𥣛	meng	2	0
𥣝	bian	3	0
𥣟	xiang	4	0
𥣤	lu	4	0
𥣥	li	2	0
𥣩	ji	4	0
𥣫	mie	4	0
𥣬	lei	4	0
𥣮	zhi	4	0
𥣯	you	1	0
𥣰	bian	3	0
𥣸	mu	4	0
𥣺	ran	4	0
𥤂	niao	3	0
𥤊	quan	2	0
𥤋	zhe	2	0
𥤐	lei	4	0
𥤗	dang	3	0
𥤘	jue	2	0
𥤜	ling	2	0
𥤞	ling	2	0
𥤟	yan	2	0
𥤣	yao	3	0
𥤤	zhen	4	0
𥤥	qi	1	0
𥤦	ai	4	0
𥤨	nu	2	0
𥤩	mang	3	0
𥤱	kan	3	0
𥤳	jiu	1	0
𥤴	yan	3	0
𥤵	mian	4	0
𥤷	yin	2	0
𥤸	wan	2	0
𥤹	yao	4	0
𥤺	wa	1	0
𥤻	pi	2	0
𥤼	sui	4	0
𥥅	kong	3	0
𥥈	hong	2	0
𥥊	ming	3	0
𥥋	ling	2	0
𥥌	yi	4	0
𥥍	shen	1	0
𥥏	zuo	4	0
𥥛	tu	1	0
𥥝	yong	4	0
𥥟	wa	4	0
𥥠	gui	3	0
𥥡	hong	4	0
𥥥	shi	4	0
𥥧	xiong	4	0
𥥩	a	1	0
𥥱	cheng	2	0
𥥳	keng	1	0
𥥴	yi	4	0
𥥵	yang	4	0
𥥶	ting	2	0
𥥷	dou	4	0
𥥸	cha	2	0
𥥹	liu	4	0
𥥽	qiu	2	0
𥥾	xuan	3	0
𥥿	shen	1	0
𥦀	kuan	1	0
𥦁	tong	4	0
𥦃	qian	3	0
𥦅	chou	4	0
𥦊	wen	3	0
𥦌	long	4	0
𥦍	an	3	0
𥦔	kan	3	0
𥦖	yao	3	0
𥦘	fu	2	0
𥦜	beng	4	0
𥦝	lan	3	0
𥦞	qia	4	0
𥦟	dian	4	0
𥦢	jiao	4	0
𥦣	gui	1	0
𥦥	xiong	4	0
𥦨	ke	4	0
𥦶	xian	4	0
𥦷	wong	4	0
𥧂	gong	3	0
𥧆	ou	3	0
𥧇	ke	1	0
𥧋	ku	1	0
𥧑	tian	2	0
𥧒	gou	4	0
𥧓	ma	3	0
𥧕	liu	4	0
𥧙	wei	4	0
𥧚	wen	3	0
𥧡	gong	4	0
𥧣	tu	2	0
𥧤	ning	2	0
𥧧	mi	4	0
𥧫	lang	2	0
𥧬	qian	3	0
𥧭	man	2	0
𥧮	zhe	2	0
𥧰	hua	4	0
𥧱	yong	1	0
𥧲	jin	4	0
𥧴	mei	4	0
𥧷	fu	2	0
𥧻	qu	2	0
𥨌	liu	4	0
𥨍	fu	4	0
𥨎	dan	4	0
𥨐	gong	3	0
𥨒	cui	4	0
𥨕	xing	3	0
𥨜	tu	1	0
𥨝	shou	4	0
𥨪	qiong	2	0
𥨳	rong	2	0
𥨻	li	4	0
𥨿	ji	1	0
𥩀	tuo	4	0
𥩌	tong	2	0
𥩒	tan	2	0
𥩔	ling	2	0
𥩖	yi	4	0
𥩗	ruan	3	0
𥩙	pa	3	0
𥩝	ca	4	0
𥩡	yue	4	0
𥩢	que	4	0
𥩣	zhu	4	0
𥩤	hai	4	0
𥩱	fa	2	0
𥩲	hai	4	0
𥩺	lie	4	0
𥪀	bu	1	0
𥪁	ping	1	0
𥪂	lie	4	0
𥪊	kui	3	0
𥪋	fu	2	0
𥪌	tian	3	0
𥪍	wo	4	0
𥪏	ju	1	0
𥪘	zhen	1	0
𥪚	fu	2	0
𥪢	long	2	0
𥪦	xi	4	0
𥪧	tian	2	0
𥪫	ji	4	0
𥪯	yao	4	0
𥪱	cu	4	0
𥪴	pang	4	0
𥪵	qie	4	0
𥪻	long	2	0
𥪼	ji	3	0
𥫂	tong	2	0
𥫃	yi	2	0
𥫅	chang	1	0
𥫋	gong	1	0
𥫎	dong	4	0
𥫖	xiang	1	0
𥫙	ting	3	0
𥫛	zhuan	1	0
𥫜	yi	3	0
𥫝	yi	4	0
𥫞	zi	3	0
𥫟	qi	3	0
𥫢	cha	3	0
𥫬	dun	4	0
𥫯	chong	1	0
𥫰	lu	4	0
𥫱	dun	4	0
𥫳	fang	1	0
𥫴	shi	4	0
𥫵	ti	4	0
𥫶	ji	1	0
𥫷	qiu	1	0
𥫸	shui	3	0
𥫹	chen	2	0
𥫼	huang	4	0
𥫽	shi	5	0
𥬀	yun	2	0
𥬆	long	2	0
𥬈	man	3	0
𥬉	gou	1	0
𥬍	xian	1	0
𥬎	mo	4	0
𥬐	shen	3	0
𥬒	po	1	0
𥬓	yao	4	0
𥬔	qu	1	0
𥬕	ran	3	0
𥬙	ju	4	0
𥬜	yin	3	0
𥬝	bai	2	0
𥬞	nie	4	0
𥬠	chou	1	0
𥬪	rong	2	0
𥬫	chuan	3	0
𥬬	nie	4	0
𥬭	li	4	0
𥬮	jiang	1	0
𥬯	kao	3	0
𥬰	ce	4	0
𥬱	chong	4	0
𥬲	zhua	1	0
𥬳	zi	3	0
𥬴	yang	2	0
𥬼	wen	3	0
𥭋	ji	4	0
𥭌	ji	4	0
𥭐	lv	4	0
𥭑	qiu	2	0
𥭒	dun	4	0
𥭓	bao	2	0
𥭔	chan	1	0
𥭖	bo	2	0
𥭘	chi	1	0
𥭙	zhe	4	0
𥭚	mang	4	0
𥭜	ji	4	0
𥭝	miao	4	0
𥭞	yuan	4	0
𥭠	wu	2	0
𥭡	zhi	4	0
𥭢	ping	1	0
𥭥	chong	1	0
𥭫	mi	2	0
𥭬	fei	2	0
𥭭	cuo	1	0
𥭮	meng	2	0
𥮍	yin	2	0
𥮎	mang	3	0
𥮏	dian	3	0
𥮐	diao	1	0
𥮒	qian	2	0
𥮕	hang	4	0
𥮖	zhi	2	0
𥮗	ju	2	0
𥮘	nian	4	0
𥮜	mi	2	0
𥮝	gu	3	0
𥮣	zhua	1	0
𥮤	nie	4	0
𥮥	zhuo	2	0
𥮧	ye	4	0
𥮨	cong	4	0
𥮪	xu	1	0
𥮬	xi	4	0
𥮯	bo	1	0
𥮾	can	3	0
𥯃	yan	3	0
𥯑	jin	3	0
𥯔	ju	3	0
𥯕	dang	4	0
𥯖	du	4	0
𥯘	ye	2	0
𥯙	jing	4	0
𥯚	ke	4	0
𥯛	luo	4	0
𥯜	wei	3	0
𥯝	tu	1	0
𥯞	you	2	0
𥯟	pai	4	0
𥯡	pi	2	0
𥯢	ding	4	0
𥯤	wei	3	0
𥯥	che	4	0
𥯦	jian	4	0
𥯨	si	1	0
𥯩	zhuo	2	0
𥯪	sou	4	0
𥯬	ruan	3	0
𥯮	yu	2	0
𥯳	e	4	0
𥯶	ku	3	0
𥯸	zhu	4	0
𥯾	xia	2	0
𥰛	fu	2	0
𥰜	tao	2	0
𥰝	xi	1	0
𥰞	chou	1	0
𥰟	yuan	2	0
𥰠	lv	2	0
𥰡	ce	4	0
𥰢	shan	4	0
𥰣	liu	2	0
𥰥	xi	4	0
𥰦	ji	1	0
𥰧	yi	3	0
𥰨	tan	2	0
𥰪	hu	2	0
𥰭	cuo	1	0
𥰮	ge	3	0
𥰰	shi	4	0
𥰱	sao	1	0
𥰲	hong	4	0
𥰳	xian	4	0
𥰶	xia	2	0
𥰻	mu	4	0
𥰼	suo	3	0
𥰾	zhai	4	0
𥱀	fu	1	0
𥱁	se	4	0
𥱂	nu	2	0
𥱃	yi	4	0
𥱧	qin	2	0
𥱨	qing	4	0
𥱵	hui	4	0
𥱶	shuang	3	0
𥱷	dan	3	0
𥱸	ou	1	0
𥱹	mo	4	0
𥱺	qian	1	0
𥱻	chi	4	0
𥱼	pai	2	0
𥱽	juan	4	0
𥲀	chao	2	0
𥲁	lie	4	0
𥲂	bing	1	0
𥲃	kou	4	0
𥲄	dan	4	0
𥲅	chou	2	0
𥲆	tong	1	0
𥲇	dan	4	0
𥲈	man	3	0
𥲉	hu	4	0
𥲊	liao	2	0
𥲋	xian	2	0
𥲍	cao	2	0
𥲎	lu	4	0
𥲏	chuan	4	0
𥲐	wu	2	0
𥲑	man	2	0
𥲕	zi	3	0
𥲗	du	4	0
𥲚	shuang	4	0
𥲛	fu	4	0
𥲜	ju	4	0
𥲝	zhou	4	0
𥲟	diao	4	0
𥲠	wang	4	0
𥲡	chuang	1	0
𥲢	qian	1	0
𥲣	tui	4	0
𥲥	lian	2	0
𥲦	biao	1	0
𥲧	li	2	0
𥲪	li	2	0
𥳆	bi	4	0
𥳇	fu	4	0
𥳈	cui	4	0
𥳉	du	1	0
𥳋	zan	4	0
𥳌	long	2	0
𥳍	xun	2	0
𥳎	qiong	2	0
𥳏	ji	1	0
𥳐	qian	3	0
𥳒	jian	3	0
𥳓	shao	1	0
𥳔	duo	4	0
𥳕	shu	1	0
𥳖	bu	4	0
𥳗	xu	1	0
𥳘	dong	3	0
𥳚	ran	2	0
𥳜	yang	2	0
𥳝	rui	3	0
𥳞	lin	4	0
𥳟	jian	3	0
𥳠	di	4	0
𥳡	fen	2	0
𥳢	dian	4	0
𥳣	zui	4	0
𥳥	ning	3	0
𥳪	suan	4	0
𥳫	tian	3	0
𥳬	an	4	0
𥳯	ce	4	0
𥳰	ding	4	0
𥳱	shen	1	0
𥳲	du	4	0
𥳳	ti	2	0
𥳴	jiao	3	0
𥳵	zui	4	0
𥳶	zhang	3	0
𥳷	jian	3	0
𥳸	dan	4	0
𥳹	dan	3	0
𥳺	song	3	0
𥴐	zhan	3	0
𥴑	ting	2	0
𥴒	zhi	4	0
𥴕	you	2	0
𥴖	pai	2	0
𥴡	li	3	0
𥴤	qian	2	0
𥴦	sui	4	0
𥴧	ju	3	0
𥴨	ai	4	0
𥴩	ge	2	0
𥴪	ju	4	0
𥴫	tun	2	0
𥴬	bi	4	0
𥴭	qia	4	0
𥴮	bo	2	0
𥴯	hui	4	0
𥴱	jian	4	0
𥴴	gou	1	0
𥴵	suan	4	0
𥴺	ci	2	0
𥴻	qiang	4	0
𥴿	yan	2	0
𥵏	dian	4	0
𥵒	mie	4	0
𥵜	po	4	0
𥵝	ling	3	0
𥵞	jie	2	0
𥵟	zhu	4	0
𥵠	gu	3	0
𥵣	duan	1	0
𥵤	zhao	4	0
𥵦	shao	3	0
𥵧	qin	3	0
𥵨	mi	2	0
𥵪	ping	2	0
𥵫	cong	2	0
𥵬	chou	1	0
𥵯	sa	4	0
𥵶	tian	3	0
𥶅	liu	2	0
𥶆	lv	2	0
𥶇	lu	3	0
𥶈	zou	1	0
𥶌	lv	4	0
𥶍	huan	3	0
𥶏	tiao	2	0
𥶐	tui	2	0
𥶑	qiang	3	0
𥶒	lin	4	0
𥶓	bei	1	0
𥶔	pao	2	0
𥶕	zhan	1	0
𥶗	li	4	0
𥶛	ti	2	0
𥶜	hu	2	0
𥶢	lie	4	0
𥶵	hui	3	0
𥶶	qu	1	0
𥶷	xuan	3	0
𥶹	jing	4	0
𥶺	die	2	0
𥶻	sui	2	0
𥶽	wei	4	0
𥶿	yan	2	0
𥷀	yan	1	0
𥷁	ban	4	0
𥷃	jiang	3	0
𥷄	ni	3	0
𥷅	li	4	0
𥷆	hu	2	0
𥷇	qi	4	0
𥷈	zhong	1	0
𥷑	bi	4	0
𥷔	yu	2	0
𥷕	die	2	0
𥷖	lin	4	0
𥷗	li	4	0
𥷘	zhuo	2	0
𥷙	ji	4	0
𥷚	ju	1	0
𥷜	feng	1	0
𥷞	yu	4	0
𥷨	lie	4	0
𥷩	za	2	0
𥷪	qian	2	0
𥷫	jie	1	0
𥷬	guan	1	0
𥷮	zhuo	2	0
𥷱	fu	4	0
𥷹	se	4	0
𥷼	cu	4	0
𥸃	hui	3	0
𥸈	dang	4	0
𥸉	long	2	0
𥸊	yi	4	0
𥸗	sa	3	0
𥸘	yue	4	0
𥸚	di	2	0
𥸡	gan	3	0
𥸢	zan	1	0
𥸣	shan	4	0
𥸤	yu	4	0
𥸥	bo	3	0
𥸧	ding	4	0
𥸨	fan	2	0
𥸪	yu	4	0
𥸬	shen	1	0
𥸲	gong	1	0
𥸴	mie	4	0
𥸵	tun	2	0
𥸸	lie	4	0
𥹁	zha	1	0
𥹂	pei	1	0
𥹄	mi	2	0
𥹆	ming	2	0
𥹇	fan	4	0
𥹉	na	4	0
𥹊	si	4	0
𥹋	yi	2	0
𥹌	jia	1	0
𥹍	zhu	4	0
𥹓	ban	1	0
𥹔	yu	4	0
𥹖	po	3	0
𥹚	huan	1	0
𥹛	can	4	0
𥹜	jiao	1	0
𥹠	tan	2	0
𥹩	zhi	4	0
𥹫	mi	3	0
𥹬	kao	3	0
𥹱	yao	1	0
𥹲	dui	4	0
𥹳	quan	3	0
𥹴	bu	4	0
𥹵	chu	4	0
𥹶	qiao	3	0
𥹷	liu	2	0
𥹸	bo	2	0
𥹺	kang	1	0
𥹻	fen	4	0
𥺅	dao	4	0
𥺉	dou	4	0
𥺊	ge	2	0
𥺙	ling	2	0
𥺚	xi	2	0
𥺜	ni	4	0
𥺝	zhou	1	0
𥺞	zhou	1	0
𥺣	chou	1	0
𥺴	nian	1	0
𥺵	ji	1	0
𥺷	qu	1	0
𥻄	kai	1	0
𥻇	xian	4	0
𥻉	he	2	0
𥻋	lin	2	0
𥻍	zi	1	0
𥻑	ou	3	0
𥻒	cu	4	0
𥻗	cha	2	0
𥻝	zhong	4	0
𥻞	bu	2	0
𥻤	chou	1	0
𥻥	xi	4	0
𥻦	sa	4	0
𥻧	xian	2	0
𥻨	se	4	0
𥻩	mian	4	0
𥻫	fan	2	0
𥻬	zhi	1	0
𥻮	cui	4	0
𥻴	xia	4	0
𥻾	nuo	4	0
𥻿	li	2	0
𥼀	zu	2	0
𥼂	cui	1	0
𥼃	ze	2	0
𥼅	li	2	0
𥼘	qi	2	0
𥼚	zhuo	1	0
𥼛	cui	4	0
𥼜	pu	1	0
𥼞	fan	2	0
𥼟	tan	2	0
𥼩	zi	1	0
𥼪	zu	3	0
𥼫	zhou	1	0
𥼬	rong	2	0
𥼭	lin	2	0
𥼮	tan	2	0
𥼶	shi	4	0
𥼺	cui	3	0
𥼻	zi	1	0
𥼼	fu	1	0
𥽁	xiao	4	0
𥽈	feng	1	0
𥽏	xian	4	0
𥽐	jian	4	0
𥽒	fen	4	0
𥽗	li	4	0
𥽘	mo	4	0
𥽟	you	1	0
𥽥	huo	4	0
𥽧	qu	1	0
𥽬	niang	4	0
𥽰	mi	2	0
𥽳	qi	4	0
𥽶	he	2	0
𥽸	lian	4	0
𥽿	zuo	4	0
𥾂	ling	2	0
𥾅	zhu	2	0
𥾇	niao	3	0
𥾊	ji	3	0
𥾋	reng	2	0
𥾌	jie	2	0
𥾍	gan	3	0
𥾐	yi	4	0
𥾓	zhou	2	0
𥾕	wu	4	0
𥾚	geng	3	0
𥾛	cu	4	0
𥾝	mie	4	0
𥾡	xun	2	0
𥾣	zhi	1	0
𥾤	xiao	2	0
𥾧	fu	2	0
𥾨	hu	2	0
𥾬	di	1	0
𥾮	jue	2	0
𥾯	diao	4	0
𥾹	shou	3	0
𥾼	wang	3	0
𥿃	na	4	0
𥿄	di	1	0
𥿅	shi	4	0
𥿆	ci	2	0
𥿇	shu	1	0
𥿉	wa	4	0
𥿊	che	4	0
𥿋	fan	2	0
𥿍	gu	1	0
𥿎	yuan	1	0
𥿑	guan	1	0
𥿚	qie	4	0
𥿜	zhan	3	0
𥿝	dai	4	0
𥿞	she	1	0
𥿦	zhou	1	0
𥿧	xiang	3	0
𥿨	ming	2	0
𥿩	zi	4	0
𥿪	huang	1	0
𥿫	mi	2	0
𥿭	xi	4	0
𥿮	zhi	4	0
𥿯	pai	4	0
𥿰	duo	3	0
𥿴	ci	4	0
𥿵	mou	2	0
𥿷	chao	4	0
𥿹	yi	4	0
𥿺	gou	1	0
𦀇	jing	1	0
𦀓	zeng	1	0
𦀔	ping	1	0
𦀕	ye	4	0
𦀖	jie	2	0
𦀘	pi	1	0
𦀛	sha	1	0
𦀜	zhuang	4	0
𦀝	jiong	3	0
𦀠	liu	2	0
𦀡	yu	3	0
𦀣	ju	1	0
𦀨	nuo	4	0
𦀸	mao	4	0
𦁄	chen	1	0
𦁆	zhuan	4	0
𦁇	nian	4	0
𦁈	kong	4	0
𦁉	jie	1	0
𦁊	hua	4	0
𦁍	xin	1	0
𦁎	zuo	2	0
𦁏	yan	4	0
𦁐	jue	2	0
𦁕	hu	1	0
𦁖	zhou	4	0
𦁗	she	4	0
𦁙	yan	3	0
𦁛	xie	4	0
𦁜	die	2	0
𦁟	chen	1	0
𦁲	jian	3	0
𦁳	ji	4	0
𦁶	chuo	4	0
𦁷	hong	2	0
𦂀	da	2	0
𦂄	kai	1	0
𦂅	xing	1	0
𦂆	hui	4	0
𦂇	jian	3	0
𦂈	zhou	4	0
𦂉	zha	3	0
𦂊	fu	4	0
𦂋	chi	4	0
𦂌	beng	3	0
𦂍	nuo	4	0
𦂑	ji	4	0
𦂒	qian	2	0
𦂔	wan	4	0
𦂕	ou	2	0
𦂖	bi	4	0
𦂗	shuo	4	0
𦂠	jing	1	0
𦂡	ye	4	0
𦃄	fei	3	0
𦃇	li	2	0
𦃊	li	4	0
𦃋	pi	2	0
𦃒	sui	4	0
𦃓	liu	2	0
𦃔	he	2	0
𦃕	hun	3	0
𦃖	tan	3	0
𦃗	shuo	4	0
𦃘	zhi	4	0
𦃙	bo	2	0
𦃝	xi	4	0
𦃡	po	2	0
𦃢	qun	3	0
𦃤	mu	4	0
𦃽	yong	1	0
𦄂	dai	4	0
𦄊	qi	3	0
𦄋	diao	3	0
𦄌	nie	4	0
𦄍	shuang	3	0
𦄏	shao	1	0
𦄐	kun	3	0
𦄑	sui	4	0
𦄓	dou	1	0
𦄔	die	2	0
𦄜	gong	1	0
𦄯	zhuan	3	0
𦄰	guo	2	0
𦄼	xu	1	0
𦄽	qu	2	0
𦅀	xun	2	0
𦅃	jiao	1	0
𦅄	zhe	2	0
𦅆	dian	4	0
𦅇	sang	1	0
𦅈	beng	1	0
𦅊	suo	3	0
𦅋	qian	3	0
𦅏	xu	1	0
𦅑	xun	2	0
𦅔	mo	4	0
𦅵	sui	4	0
𦅶	la	4	0
𦅷	zhu	3	0
𦅸	zhou	4	0
𦅺	li	4	0
𦅼	dan	1	0
𦅽	ju	2	0
𦅿	yun	4	0
𦆀	chan	3	0
𦆁	luo	2	0
𦆄	se	4	0
𦆆	lian	2	0
𦆈	zuan	3	0
𦆋	lai	4	0
𦆌	shuang	3	0
𦆍	qie	4	0
𦆘	dou	1	0
𦆞	wu	4	0
𦆟	meng	2	0
𦆡	ji	4	0
𦆤	chi	1	0
𦆦	ni	3	0
𦆸	yao	2	0
𦆻	la	4	0
𦆾	lv	4	0
𦇀	sui	4	0
𦇁	fu	1	0
𦇄	lei	3	0
𦇅	wei	3	0
𦇎	cong	1	0
𦇔	li	4	0
𦇖	pin	2	0
𦇘	jun	1	0
𦇙	ju	3	0
𦇛	la	4	0
𦇧	ji	4	0
𦇪	mie	4	0
𦇬	yao	4	0
𦇭	bian	1	0
𦇱	cong	2	0
𦇲	si	1	0
𦇵	si	1	0
𦇸	he	2	0
𦈃	nang	4	0
𦈅	die	2	0
𦈈	che	4	0
𦈉	yun	4	0
𦈋	xiu	3	0
𦈌	shu	1	0
𦈎	chan	3	0
𦈏	min	2	0
𦈐	lian	2	0
𦈑	yin	1	0
𦈒	xing	1	0
𦈓	wei	1	0
𦈔	gu	3	0
𦈕	tou	2	0
𦈖	ta	1	0
𦈗	fei	3	0
𦈘	da	1	0
𦈙	nie	4	0
𦈚	cu	4	0
𦈛	zuo	3	0
𦈜	jie	2	0
𦈝	xuan	4	0
𦈞	bo	2	0
𦈟	jin	1	0
𦈠	yin	3	0
𦈡	xu	1	0
𦈣	yu	2	0
𦈤	xiong	4	0
𦈦	qi	4	0
𦈧	bei	1	0
𦈨	xing	2	0
𦈩	gong	3	0
𦈬	zui	3	0
𦈰	jie	1	0
𦈲	kai	1	0
𦈵	xing	2	0
𦈶	bei	1	0
𦈷	shu	1	0
𦈸	yu	4	0
𦈺	zhou	3	0
𦈻	zhan	3	0
𦉂	zhong	1	0
𦉆	cha	2	0
𦉈	chui	2	0
𦉉	liu	4	0
𦉎	sui	1	0
𦉐	zhu	3	0
𦉙	bian	4	0
𦉝	xin	4	0
𦉟	ya	4	0
𦉢	ling	2	0
𦉧	ya	4	0
𦉬	ting	1	0
𦉹	di	2	0
𦊁	pi	2	0
𦊂	hu	4	0
𦊃	cen	2	0
𦊊	tian	1	0
𦊋	mou	3	0
𦊌	juan	3	0
𦊎	mou	3	0
𦊐	ju	4	0
𦊑	liu	3	0
𦊓	ling	3	0
𦊗	liu	3	0
𦊘	hu	4	0
𦊦	fu	2	0
𦊧	hu	2	0
𦊪	e	4	0
𦊫	gong	1	0
𦊬	gu	1	0
𦊱	gua	4	0
𦊹	lve	4	0
𦊻	fan	2	0
𦊼	lv	4	0
𦊽	meng	2	0
𦊾	fu	2	0
𦊿	liu	2	0
𦋅	xie	2	0
𦋆	gu	1	0
𦋈	xian	4	0
𦋉	bo	2	0
𦋋	ji	4	0
𦋓	quan	1	0
𦋔	lu	4	0
𦋞	shuo	4	0
𦋡	mou	3	0
𦋢	yu	4	0
𦋣	han	4	0
𦋩	yue	4	0
𦋪	dan	4	0
𦋯	yu	2	0
𦋰	jian	1	0
𦋳	gang	1	0
𦋿	cao	2	0
𦌀	shen	4	0
𦌁	liu	3	0
𦌆	jiao	1	0
𦌉	su	4	0
𦌊	su	4	0
𦌋	zhong	4	0
𦌒	liao	4	0
𦌔	xuan	3	0
𦌕	lu	4	0
𦌗	ji	4	0
𦌚	yan	2	0
𦌟	lu	4	0
𦌡	min	3	0
𦌢	ti	2	0
𦌦	huan	4	0
𦌩	yi	4	0
𦌪	tan	3	0
𦌬	wu	3	0
𦌰	ji	1	0
𦌷	du	2	0
𦌸	kun	1	0
𦌺	jun	1	0
𦌿	shi	1	0
𦍀	nan	4	0
𦍁	po	4	0
𦍄	shu	1	0
𦍅	quan	4	0
𦍌	ren	4	0
𦍏	fen	2	0
𦍒	ta	4	0
𦍓	tun	2	0
𦍕	yang	2	0
𦍠	li	4	0
𦍦	duo	1	0
𦍧	ci	1	0
𦍩	gu	3	0
𦍪	fen	2	0
𦍭	rou	2	0
𦍱	gao	1	0
𦍲	xiang	2	0
𦍴	xiang	2	0
𦍵	hou	3	0
𦍷	tao	1	0
𦍸	shan	4	0
𦍹	yang	2	0
𦍺	zi	4	0
𦍼	yuan	2	0
𦎄	su	2	0
𦎇	chuan	4	0
𦎈	xiang	2	0
𦎊	ban	1	0
𦎌	man	3	0
𦎎	fu	3	0
𦎏	la	3	0
𦎐	li	3	0
𦎒	jie	2	0
𦎓	you	1	0
𦎘	yu	4	0
𦎚	chi	4	0
𦎜	chuan	4	0
𦎝	yi	4	0
𦎞	shan	1	0
𦎢	ji	2	0
𦎣	yan	1	0
𦎦	wu	4	0
𦎧	chun	2	0
𦎨	mang	2	0
𦎭	fu	2	0
𦎮	jia	1	0
𦎯	gou	4	0
𦎰	gu	2	0
𦎱	jia	2	0
𦎵	xian	2	0
𦎷	jin	4	0
𦎸	zi	4	0
𦎹	lou	2	0
𦎼	gou	4	0
𦏀	ren	2	0
𦏂	shan	1	0
𦏅	jue	2	0
𦏆	tong	2	0
𦏇	you	3	0
𦏔	jian	1	0
𦏕	du	2	0
𦏗	hu	2	0
𦏛	sao	1	0
𦏜	yu	4	0
𦏢	mai	4	0
𦏤	zhi	1	0
𦏥	yan	1	0
𦏦	gao	1	0
𦏨	huai	4	0
𦏮	quan	2	0
𦏱	yang	3	0
𦏳	zui	3	0
𦏷	xiao	1	0
𦏸	yi	4	0
𦏹	yan	3	0
𦏺	hong	2	0
𦏻	yu	2	0
𦏿	chi	4	0
𦐁	chi	2	0
𦐄	hang	2	0
𦐅	se	4	0
𦐆	pa	1	0
𦐇	ta	4	0
𦐈	fen	1	0
𦐉	chi	1	0
𦐌	hong	2	0
𦐍	xue	4	0
𦐖	zhi	3	0
𦐛	qu	2	0
𦐠	xi	1	0
𦐡	fu	2	0
𦐣	shu	1	0
𦐤	hai	4	0
𦐦	po	4	0
𦐨	ci	3	0
𦐰	chai	4	0
𦐳	hong	1	0
𦐸	pao	3	0
𦐹	shen	1	0
𦐺	xiao	1	0
𦐽	xuan	1	0
𦐾	ci	3	0
𦐿	ting	2	0
𦑀	po	4	0
𦑇	ta	4	0
𦑈	cha	1	0
𦑋	zu	2	0
𦑌	huo	4	0
𦑍	xu	4	0
𦑎	yan	4	0
𦑏	chai	4	0
𦑑	tuo	2	0
𦑘	xian	2	0
𦑙	xuan	1	0
𦑚	hou	2	0
𦑛	huan	3	0
𦑜	ge	2	0
𦑝	chong	3	0
𦑞	bi	4	0
𦑟	hong	1	0
𦑠	hong	1	0
𦑡	chi	2	0
𦑣	cha	2	0
𦑯	zha	3	0
𦑱	zhai	2	0
𦑲	ta	4	0
𦑵	po	4	0
𦑶	ta	4	0
𦑸	you	2	0
𦑹	fu	2	0
𦑺	ci	1	0
𦑻	da	2	0
𦑼	ta	3	0
𦑾	liu	2	0
𦒁	ci	1	0
𦒃	hong	1	0
𦒅	han	4	0
𦒆	la	1	0
𦒈	shi	1	0
𦒍	tong	2	0
𦒎	hui	4	0
𦒏	he	2	0
𦒐	pie	1	0
𦒑	yu	4	0
𦒜	xian	1	0
𦒝	han	3	0
𦒟	po	4	0
𦒦	la	4	0
𦒧	huo	4	0
𦒰	tai	4	0
𦒴	lao	3	0
𦒶	shu	4	0
𦒺	dao	4	0
𦒻	dian	3	0
𦓈	xiong	4	0
𦓋	wang	4	0
𦓍	che	3	0
𦓎	nai	4	0
𦓐	jue	2	0
𦓓	er	2	0
𦓔	er	2	0
𦓕	nv	2	0
𦓖	nv	4	0
𦓝	zhuan	3	0
𦓢	nuo	4	0
𦓤	lie	4	0
𦓥	lei	3	0
𦓧	ba	1	0
𦓬	cheng	1	0
𦓯	gui	1	0
𦓰	quan	2	0
𦓱	ge	4	0
𦓳	gong	3	0
𦓴	shao	4	0
𦓹	lai	2	0
𦓺	zheng	1	0
𦓻	yi	4	0
𦓼	gun	3	0
𦓽	wei	1	0
𦓾	lun	3	0
𦔂	shi	2	0
𦔃	ying	1	0
𦔄	sheng	3	0
𦔅	tu	2	0
𦔆	bi	4	0
𦔈	ze	2	0
𦔉	zhong	4	0
𦔋	rong	3	0
𦔌	qi	2	0
𦔍	fu	4	0
𦔎	ce	4	0
𦔓	li	2	0
𦔔	man	2	0
𦔖	lian	2	0
𦔗	biao	1	0
𦔛	chuang	2	0
𦔜	yi	4	0
𦔠	pai	4	0
𦔥	yi	4	0
𦔦	kuai	4	0
𦔩	biao	1	0
𦔫	chi	4	0
𦔬	qu	2	0
𦔭	mo	4	0
𦔮	zhe	2	0
𦔯	sha	4	0
𦔰	sha	4	0
𦔷	yao	1	0
𦔸	gong	1	0
𦔹	nai	4	0
𦔼	xie	4	0
𦔿	tian	4	0
𦕆	ye	2	0
𦕉	sha	1	0
𦕏	sao	4	0
𦕒	dian	1	0
𦕓	xu	4	0
𦕙	qu	2	0
𦕠	hong	1	0
𦕡	sheng	4	0
𦕢	ting	4	0
𦕰	duo	5	0
𦕵	liao	2	0
𦕷	hong	4	0
𦕸	li	3	0
𦕺	xiang	3	0
𦕽	shen	4	0
𦖀	fu	1	0
𦖈	yan	3	0
𦖉	wang	3	0
𦖊	qi	1	0
𦖋	duo	3	0
𦖍	hua	4	0
𦖎	qian	1	0
𦖐	xie	4	0
𦖝	ci	4	0
𦖞	sheng	1	0
𦖢	er	4	0
𦖤	xing	1	0
𦖦	tui	4	0
𦖧	yan	4	0
𦖩	lie	4	0
𦖬	mi	2	0
𦖸	zong	4	0
𦖺	zi	1	0
𦖼	hu	2	0
𦖽	ying	2	0
𦖾	lian	2	0
𦖿	da	1	0
𦗀	tian	2	0
𦗁	tian	4	0
𦗋	rong	2	0
𦗍	ai	4	0
𦗐	ai	4	0
𦗑	zhe	2	0
𦗒	guo	1	0
𦗓	lu	4	0
𦗔	zhao	1	0
𦗕	mi	2	0
𦗖	liao	2	0
𦗗	zhe	2	0
𦗛	qu	3	0
𦗜	cong	1	0
𦗟	ting	1	0
𦗡	tan	2	0
𦗢	zhan	3	0
𦗣	hu	2	0
𦗥	pie	1	0
𦗧	da	1	0
𦗨	rong	2	0
𦗮	nao	3	0
𦗳	nang	2	0
𦗴	dang	1	0
𦗵	jiao	3	0
𦗻	ju	4	0
𦗼	er	3	0
𦘊	li	4	0
𦘌	guo	1	0
𦘍	wai	4	0
𦘒	nie	4	0
𦘔	jin	1	0
𦘩	pi	3	0
𦘪	chi	4	0
𦘲	pi	3	0
𦘳	yi	4	0
𦘴	du	1	0
𦘵	wa	3	0
𦘶	xun	1	0
𦘸	qi	4	0
𦘹	shan	4	0
𦘼	xu	1	0
𦘿	he	1	0
𦙀	pan	4	0
𦙂	pei	1	0
𦙄	xiong	1	0
𦙆	chi	3	0
𦙇	tan	1	0
𦙈	zui	4	0
𦙉	zuan	3	0
𦙊	qi	4	0
𦙋	du	1	0
𦙙	shui	3	0
𦙜	na	3	0
𦙝	xi	1	0
𦙧	chao	3	0
𦙨	yi	4	0
𦙫	zheng	1	0
𦙮	ju	2	0
𦙯	dai	4	0
𦙱	san	1	0
𦙴	zhu	4	0
𦙵	wan	4	0
𦙶	gu	3	0
𦙸	san	1	0
𦙹	ban	4	0
𦙺	jia	4	0
𦙻	mai	4	0
𦚈	tuo	4	0
𦚊	qi	4	0
𦚏	zhuang	1	0
𦚐	tuo	2	0
𦚓	ping	2	0
𦚝	peng	1	0
𦚞	kuang	1	0
𦚟	yi	2	0
𦚡	xie	4	0
𦚢	yue	1	0
𦚣	hen	2	0
𦚥	hou	2	0
𦚦	zheng	1	0
𦚧	chun	3	0
𦚨	shi	4	0
𦚩	wa	3	0
𦚫	xie	2	0
𦚸	geng	4	0
𦛅	e	4	0
𦛏	ku	2	0
𦛐	na	4	0
𦛓	ju	1	0
𦛔	xuan	4	0
𦛕	qu	1	0
𦛖	che	4	0
𦛗	lv	3	0
𦛘	he	2	0
𦛙	sheng	4	0
𦛚	nan	4	0
𦛜	he	2	0
𦛝	cha	2	0
𦛞	yan	1	0
𦛟	geng	3	0
𦛠	nie	4	0
𦛢	guo	2	0
𦛣	yan	2	0
𦛤	guan	3	0
𦛧	zhi	4	0
𦛨	lao	2	0
𦛯	du	3	0
𦛰	qi	4	0
𦛱	qu	1	0
𦛲	jue	2	0
𦜁	feng	1	0
𦜃	xu	4	0
𦜄	tui	4	0
𦜆	han	2	0
𦜇	ku	1	0
𦜊	shen	1	0
𦜋	zhi	4	0
𦜍	pang	4	0
𦜎	zheng	1	0
𦜏	li	4	0
𦜐	wan	3	0
𦜒	fan	3	0
𦜓	xin	4	0
𦜖	ya	4	0
𦜛	ju	1	0
𦜜	shen	4	0
𦜭	mang	3	0
𦜯	tun	3	0
𦜰	zhuo	2	0
𦜱	xi	1	0
𦜲	yin	4	0
𦜳	jing	1	0
𦜴	tun	2	0
𦜷	geng	4	0
𦜸	ji	4	0
𦝏	zhuan	3	0
𦝒	tie	1	0
𦝔	zhi	1	0
𦝖	ji	2	0
𦝚	ying	2	0
𦝛	wei	4	0
𦝝	huan	4	0
𦝞	ting	2	0
𦝟	chan	2	0
𦝢	kui	2	0
𦝣	qia	4	0
𦝤	ban	4	0
𦝥	cha	1	0
𦝦	tuo	3	0
𦝧	nan	3	0
𦝨	jie	1	0
𦝪	yan	1	0
𦝬	tu	2	0
𦝮	wen	3	0
𦝰	cong	1	0
𦝳	xu	4	0
𦝴	yin	4	0
𦝷	beng	4	0
𦝼	lv	2	0
𦞁	zai	1	0
𦞂	da	1	0
𦞆	nie	4	0
𦞇	ju	3	0
𦞈	hou	2	0
𦞌	geng	4	0
𦞕	hou	2	0
𦞖	kan	1	0
𦞗	gong	1	0
𦞙	hui	3	0
𦞚	xie	4	0
𦞝	xi	4	0
𦞞	han	2	0
𦞟	mi	2	0
𦞡	weng	3	0
𦞢	hun	4	0
𦞣	sao	1	0
𦞤	xin	4	0
𦞥	zhe	2	0
𦞦	huo	4	0
𦞨	gong	1	0
𦞫	sai	4	0
𦞬	jin	1	0
𦞭	wa	1	0
𦞱	dui	3	0
𦞲	chi	1	0
𦞽	xi	1	0
𦟂	mi	2	0
𦟃	zang	1	0
𦟄	sang	3	0
𦟓	tun	2	0
𦟔	zhi	4	0
𦟕	wen	3	0
𦟘	yin	2	0
𦟙	tun	3	0
𦟛	chong	1	0
𦟜	ze	2	0
𦟞	xiao	1	0
𦟟	mo	2	0
𦟠	cu	4	0
𦟣	bian	3	0
𦟤	xiu	1	0
𦟧	yi	2	0
𦟮	huang	3	0
𦟰	zha	1	0
𦟱	suo	1	0
𦟲	hun	2	0
𦟳	ju	4	0
𦠁	cu	4	0
𦠄	ji	1	0
𦠅	xun	2	0
𦠆	sun	3	0
𦠇	ceng	2	0
𦠉	yi	4	0
𦠎	biao	1	0
𦠒	jue	2	0
𦠓	li	4	0
𦠖	pao	4	0
𦠛	za	1	0
𦠜	ye	4	0
𦠞	bi	4	0
𦠟	zhe	4	0
𦠠	zhe	4	0
𦠢	jiu	4	0
𦠣	zhe	2	0
𦠦	shu	4	0
𦠪	xi	1	0
𦠷	xu	3	0
𦠸	nai	3	0
𦠹	xian	2	0
𦠺	gun	3	0
𦠻	wei	4	0
𦠾	ji	2	0
𦠿	sa	4	0
𦡂	dong	3	0
𦡃	nuo	2	0
𦡄	du	4	0
𦡅	zheng	1	0
𦡆	ku	1	0
𦡉	ming	2	0
𦡕	bao	2	0
𦡖	hui	4	0
𦡙	zong	1	0
𦡨	san	4	0
𦡪	teng	1	0
𦡫	yi	2	0
𦡭	yu	4	0
𦡱	yao	4	0
𦡲	ning	3	0
𦡴	chou	2	0
𦡵	hun	4	0
𦡷	dui	4	0
𦡹	qi	4	0
𦡺	ying	3	0
𦡻	bing	4	0
𦡼	ning	2	0
𦡽	huang	2	0
𦢆	ying	3	0
𦢊	bao	2	0
𦢎	guang	4	0
𦢏	lei	3	0
𦢐	zun	3	0
𦢙	chan	3	0
𦢣	jian	3	0
𦢧	meng	2	0
𦢩	xiao	4	0
𦢯	xin	4	0
𦢱	li	2	0
𦢺	qiao	3	0
𦢿	wei	3	0
𦣀	na	4	0
𦣂	pang	1	0
𦣄	lei	2	0
𦣇	luo	2	0
𦣋	luan	2	0
𦣍	geng	1	0
𦣏	luan	2	0
𦣒	qu	2	0
𦣖	luo	2	0
𦣘	nang	2	0
𦣛	luo	2	0
𦣜	yue	4	0
𦣢	shui	4	0
𦣥	mi	4	0
𦣦	wang	2	0
𦣧	ce	4	0
𦣨	jian	1	0
𦣩	wang	3	0
𦣯	jia	1	0
𦣴	huan	2	0
𦣸	lian	4	0
𦣹	zi	4	0
𦣺	bai	2	0
𦣻	shou	3	0
𦣾	wan	3	0
𦤂	shu	1	0
𦤇	gui	1	0
𦤈	xi	1	0
𦤊	ru	2	0
𦤋	yao	4	0
𦤎	gao	1	0
𦤕	yue	4	0
𦤘	yong	1	0
𦤙	wa	4	0
𦤚	bo	2	0
𦤟	xin	4	0
𦤢	pi	4	0
𦤣	bo	2	0
𦤦	hai	4	0
𦤧	zhai	4	0
𦤨	wo	4	0
𦤪	ye	4	0
𦤫	bi	4	0
𦤬	hai	4	0
𦤸	chi	4	0
𦤻	zhi	4	0
𦤽	ni	2	0
𦥁	wu	2	0
𦥂	ai	3	0
𦥈	ai	3	0
𦥉	yu	3	0
𦥊	chi	4	0
𦥍	jing	4	0
𦥎	zhi	4	0
𦥏	zhi	4	0
𦥐	zhi	4	0
𦥑	ju	2	0
𦥖	han	2	0
𦥚	ping	1	0
𦥝	yao	3	0
𦥣	you	2	0
𦥤	ping	1	0
𦥦	mo	4	0
𦥬	zuo	4	0
𦥭	po	4	0
𦥯	xue	2	0
𦥰	kuang	2	0
𦥱	yi	4	0
𦥲	po	4	0
𦥻	zhui	4	0
𦦃	ni	2	0
𦦄	qiu	3	0
𦦅	cou	4	0
𦦌	yao	3	0
𦦑	fen	2	0
𦦕	xia	2	0
𦦗	jiang	1	0
𦦘	cha	1	0
𦦛	xiao	4	0
𦦜	cha	1	0
𦦢	cheng	2	0
𦦣	cui	4	0
𦦧	qiong	2	0
𦦩	yu	4	0
𦦫	yu	2	0
𦦯	wen	4	0
𦦱	cha	1	0
𦦲	yu	3	0
𦦹	zuo	2	0
𦦺	dao	3	0
𦦽	juan	4	0
𦦾	dao	3	0
𦦿	ying	1	0
𦧁	feng	3	0
𦧅	weng	4	0
𦧈	jin	4	0
𦧉	qi	4	0
𦧋	qin	4	0
𦧍	kuo	4	0
𦧏	tan	1	0
𦧐	xian	1	0
𦧒	tian	1	0
𦧔	kuo	4	0
𦧖	tian	4	0
𦧘	hu	2	0
𦧙	zhu	1	0
𦧚	zhan	1	0
𦧛	ta	4	0
𦧝	tian	1	0
𦧞	ta	4	0
𦧟	ta	4	0
𦧠	hua	2	0
𦧡	yan	3	0
𦧢	tie	4	0
𦧤	tie	4	0
𦧥	ta	4	0
𦧬	huai	4	0
𦧮	jia	2	0
𦧯	qi	4	0
𦧱	ta	4	0
𦧴	tan	1	0
𦧵	hua	4	0
𦧸	zhuan	4	0
𦧹	hua	1	0
𦧼	lan	2	0
𦨆	zun	1	0
𦨇	yi	4	0
𦨈	fu	2	0
𦨉	wu	4	0
𦨋	fu	2	0
𦨍	ding	1	0
𦨎	ta	4	0
𦨖	chao	4	0
𦨙	ri	4	0
𦨚	quan	3	0
𦨜	ge	1	0
𦨡	fu	2	0
𦨢	di	4	0
𦨣	diao	1	0
𦨤	yong	3	0
𦨦	jia	4	0
𦨩	long	2	0
𦨬	yong	3	0
𦨭	pi	2	0
𦨯	huo	2	0
𦨰	qiong	2	0
𦨲	fan	2	0
𦨳	wu	2	0
𦨴	tong	2	0
𦨵	hang	2	0
𦨸	tan	1	0
𦨾	heng	1	0
𦩄	tiao	1	0
𦩈	zhou	1	0
𦩋	bai	4	0
𦩌	xie	4	0
𦩍	dao	1	0
𦩏	jin	1	0
𦩕	hu	1	0
𦩖	bei	1	0
𦩘	ding	4	0
𦩜	nuo	2	0
𦩝	wei	4	0
𦩞	yu	2	0
𦩠	xing	1	0
𦩡	fu	2	0
𦩢	xian	4	0
𦩣	qi	4	0
𦩤	tu	1	0
𦩧	ji	2	0
𦩩	ying	4	0
𦩫	deng	4	0
𦩬	wei	1	0
𦩭	xi	1	0
𦩯	pai	2	0
𦩱	sheng	2	0
𦩲	you	3	0
𦩴	ai	2	0
𦩵	jian	4	0
𦩷	gou	1	0
𦩸	ruo	4	0
𦩼	gong	4	0
𦩿	sha	4	0
𦪀	tang	2	0
𦪇	lu	4	0
𦪈	ao	2	0
𦪊	qi	4	0
𦪋	xiu	1	0
𦪍	dai	1	0
𦪑	fa	2	0
𦪒	wei	4	0
𦪔	dun	4	0
𦪕	liao	2	0
𦪖	fan	1	0
𦪗	huang	2	0
𦪘	jue	2	0
𦪙	ta	4	0
𦪚	zun	4	0
𦪛	rao	2	0
𦪜	can	1	0
𦪝	teng	2	0
𦪠	hua	4	0
𦪡	xu	1	0
𦪣	zhan	1	0
𦪧	gan	3	0
𦪪	peng	2	0
𦪫	can	1	0
𦪬	xie	1	0
𦪭	da	2	0
𦪱	ji	4	0
𦪶	li	3	0
𦪹	pan	2	0
𦪽	long	2	0
𦪾	li	4	0
𦪿	xi	2	0
𦫀	teng	2	0
𦫃	ling	2	0
𦫈	li	3	0
𦫉	ran	2	0
𦫊	ling	2	0
𦫎	gun	3	0
𦫔	po	1	0
𦫕	mo	4	0
𦫖	pai	1	0
𦫙	ba	4	0
𦫡	qi	2	0
𦫤	yan	2	0
𦫪	wa	4	0
𦫫	ang	3	0
𦫭	ming	4	0
𦫮	min	3	0
𦫯	xun	4	0
𦫰	meng	2	0
𦫳	guai	3	0
𦫶	jiao	1	0
𦫻	gai	3	0
𦬁	cai	2	0
𦬂	wu	4	0
𦬃	zhe	2	0
𦬄	ren	3	0
𦬅	kou	1	0
𦬔	zhao	3	0
𦬕	zhong	1	0
𦬖	qiu	2	0
𦬗	guo	1	0
𦬘	gong	1	0
𦬙	pu	1	0
𦬚	hu	4	0
𦬛	mian	3	0
𦬞	tian	1	0
𦬣	wang	3	0
𦬸	zhu	2	0
𦬹	da	2	0
𦬺	xiong	4	0
𦬻	na	2	0
𦬾	juan	1	0
𦭁	nian	3	0
𦭈	hu	4	0
𦭉	sha	1	0
𦭜	zhi	1	0
𦭟	ta	1	0
𦭡	si	1	0
𦭥	yi	4	0
𦭭	qiong	2	0
𦭮	zhi	4	0
𦭯	lv	3	0
𦭰	ru	2	0
𦭲	qi	2	0
𦭳	yu	3	0
𦭴	zhou	1	0
𦭵	yang	2	0
𦭶	xian	3	0
𦭷	mou	2	0
𦭸	chou	2	0
𦭹	hui	1	0
𦭺	jiu	1	0
𦭻	jiu	4	0
𦭼	piao	3	0
𦮁	jiao	4	0
𦮃	guai	1	0
𦮅	mo	4	0
𦮐	xi	1	0
𦮑	pu	2	0
𦮯	ji	4	0
𦮶	wen	3	0
𦮷	bei	4	0
𦮸	yi	3	0
𦮹	fu	2	0
𦮺	si	1	0
𦮻	juan	1	0
𦮼	ji	4	0
𦮾	ni	4	0
𦯀	ben	4	0
𦯅	xu	4	0
𦯈	qin	3	0
𦯉	bo	2	0
𦯌	wang	2	0
𦯍	zhe	4	0
𦯏	wo	4	0
𦯐	shao	2	0
𦯑	zao	4	0
𦯒	yang	3	0
𦯕	song	4	0
𦯖	nie	4	0
𦯛	bi	4	0
𦯣	cu	2	0
𦯤	qiang	1	0
𦯪	xiao	4	0
𦯫	zhi	1	0
𦯬	she	2	0
𦯯	zhi	4	0
𦯰	peng	1	0
𦰏	diao	4	0
𦰖	wo	4	0
𦰘	zhi	3	0
𦰙	bi	4	0
𦰛	fen	2	0
𦰡	na	4	0
𦰥	bang	1	0
𦰪	qiu	2	0
𦰫	ni	3	0
𦰬	bo	2	0
𦰭	dun	4	0
𦰯	shi	3	0
𦰰	xu	1	0
𦰱	chang	2	0
𦰲	xu	1	0
𦰳	ye	2	0
𦰴	mi	2	0
𦰸	xin	1	0
𦰹	zhuo	2	0
𦰺	fu	4	0
𦰽	pi	3	0
𦰾	xue	4	0
𦱀	yu	4	0
𦱁	xian	2	0
𦱂	yu	4	0
𦱃	yu	2	0
𦱅	ju	1	0
𦱆	ta	1	0
𦱇	kong	1	0
𦱊	zheng	1	0
𦱋	meng	2	0
𦱌	gang	1	0
𦱒	mu	4	0
𦱓	xi	3	0
𦱔	bi	4	0
𦱖	fu	4	0
𦱜	xiao	4	0
𦱠	jiu	1	0
𦱣	gou	3	0
𦱰	chi	2	0
𦱱	jiu	1	0
𦱲	jiu	1	0
𦱵	sha	1	0
𦱷	fei	1	0
𦲫	fu	2	0
𦲯	wan	4	0
𦲰	xu	1	0
𦲱	bo	1	0
𦳁	hao	4	0
𦳃	xie	2	0
𦳄	pian	2	0
𦳅	yu	3	0
𦳇	tian	2	0
𦳈	pi	2	0
𦳊	shi	3	0
𦳋	kuai	3	0
𦳌	ji	1	0
𦳏	zha	1	0
𦳐	nai	4	0
𦳑	mou	3	0
𦳓	fu	2	0
𦳔	du	4	0
𦳗	sheng	3	0
𦳘	cha	2	0
𦳚	chi	2	0
𦳛	gui	3	0
𦳜	min	2	0
𦳝	tang	1	0
𦳞	bai	4	0
𦳟	qiang	1	0
𦳡	zhuo	2	0
𦳢	wei	4	0
𦳣	xun	2	0
𦳥	miao	3	0
𦳦	zai	1	0
𦳧	you	2	0
𦳩	you	4	0
𦳫	shan	1	0
𦳬	he	2	0
𦳭	lv	3	0
𦳮	zhi	2	0
𦳲	jing	4	0
𦳳	zhen	1	0
𦳶	meng	2	0
𦳷	you	2	0
𦳹	wo	4	0
𦳺	ba	2	0
𦳽	juan	4	0
𦳾	ru	2	0
𦳿	cou	4	0
𦴀	zhi	1	0
𦴇	qiong	2	0
𦴉	hu	2	0
𦴊	yang	1	0
𦴌	jun	4	0
𦴍	she	2	0
𦴎	kou	4	0
𦴑	qian	2	0
𦴔	meng	2	0
𦴚	tiao	2	0
𦵐	nie	4	0
𦵟	chi	2	0
𦵡	xiong	1	0
𦵣	hun	4	0
𦵦	di	2	0
𦵧	lang	2	0
𦵩	zao	1	0
𦵪	ce	4	0
𦵫	suo	3	0
𦵬	zu	4	0
𦵭	sui	1	0
𦵯	xia	2	0
𦵱	xie	4	0
𦵴	jie	2	0
𦵵	you	2	0
𦵷	gou	4	0
𦵸	geng	3	0
𦵼	jun	4	0
𦵽	huang	3	0
𦵾	ji	2	0
𦵿	pou	1	0
𦶀	wu	1	0
𦶂	yi	4	0
𦶅	nai	3	0
𦶇	rong	3	0
𦶈	nan	2	0
𦶊	ping	2	0
𦶋	shan	4	0
𦶌	diao	1	0
𦶍	ji	2	0
𦶎	hua	1	0
𦶏	dui	4	0
𦶐	kong	3	0
𦶑	ta	4	0
𦶓	hong	4	0
𦶕	shu	1	0
𦶙	heng	2	0
𦶚	fen	3	0
𦶲	kou	4	0
𦷙	nian	2	0
𦷝	chu	2	0
𦷦	qiang	4	0
𦷲	xi	4	0
𦷳	hu	2	0
𦷴	song	4	0
𦷵	wo	4	0
𦷷	hai	4	0
𦷸	ru	2	0
𦷹	meng	2	0
𦷻	san	3	0
𦷽	wu	2	0
𦷿	you	2	0
𦸁	tan	1	0
𦸂	shen	1	0
𦸆	qi	3	0
𦸈	guo	2	0
𦸉	qia	4	0
𦸊	xian	1	0
𦸏	sui	1	0
𦸐	lu	4	0
𦸓	qi	1	0
𦸔	diao	1	0
𦸗	qi	2	0
𦸘	jia	2	0
𦸙	you	2	0
𦸚	xi	2	0
𦸛	chao	2	0
𦸡	mi	4	0
𦸢	lou	4	0
𦸣	bi	3	0
𦸪	pei	2	0
𦸮	zhen	1	0
𦸯	shen	1	0
𦸰	chan	3	0
𦸱	fu	4	0
𦸶	qu	1	0
𦸷	si	1	0
𦸺	zui	1	0
𦹫	zhao	4	0
𦹽	pi	2	0
𦺀	cou	4	0
𦺆	gao	1	0
𦺇	du	2	0
𦺉	fu	1	0
𦺊	guan	1	0
𦺋	sao	3	0
𦺌	sou	3	0
𦺍	jian	3	0
𦺎	pou	2	0
𦺐	can	2	0
𦺑	beng	4	0
𦺒	mou	4	0
𦺓	zhao	1	0
𦺔	xiao	2	0
𦺖	ju	2	0
𦺗	shu	1	0
𦺘	jian	3	0
𦺙	li	2	0
𦺛	chuan	4	0
𦺜	lao	4	0
𦺞	he	4	0
𦺟	hu	2	0
𦺠	gu	1	0
𦺡	zhang	3	0
𦺢	jie	2	0
𦺣	xiang	4	0
𦺥	du	1	0
𦺦	han	2	0
𦺧	jia	2	0
𦺨	xiang	4	0
𦺩	ji	2	0
𦺪	shu	3	0
𦺫	lang	4	0
𦺬	ji	1	0
𦺭	shan	1	0
𦺰	tao	1	0
𦺱	zi	1	0
𦺲	shuan	4	0
𦺴	ji	2	0
𦺵	chu	4	0
𦺶	ji	4	0
𦺷	shen	1	0
𦺸	lin	4	0
𦺹	liao	2	0
𦺻	san	3	0
𦺽	an	3	0
𦺾	ruan	3	0
𦻀	ti	2	0
𦻁	dan	4	0
𦻃	huan	2	0
𦻅	sa	4	0
𦻕	yin	3	0
𦼆	rui	2	0
𦼇	wu	1	0
𦼈	ju	4	0
𦼉	huan	2	0
𦼊	leng	2	0
𦼋	lu	4	0
𦼎	tan	1	0
𦼏	zeng	1	0
𦼓	qian	2	0
𦼗	xi	1	0
𦼡	ci	3	0
𦼢	she	2	0
𦼧	sa	4	0
𦼪	mao	4	0
𦼫	qu	2	0
𦼭	bo	2	0
𦼮	gan	3	0
𦼰	qie	4	0
𦼱	juan	4	0
𦼲	dang	1	0
𦼳	chang	2	0
𦼴	yang	2	0
𦼵	he	2	0
𦼷	ji	1	0
𦼹	bing	3	0
𦼻	mei	2	0
𦼿	dun	1	0
𦽀	ao	3	0
𦽁	jing	1	0
𦽂	lu	4	0
𦽃	mian	4	0
𦽄	dian	4	0
𦽅	he	4	0
𦽇	jian	1	0
𦽊	hua	2	0
𦽋	gou	1	0
𦽎	lu	4	0
𦽏	fu	2	0
𦽐	hui	3	0
𦽒	zei	2	0
𦽔	jin	4	0
𦽕	si	1	0
𦽖	qun	1	0
𦽜	dan	4	0
𦽞	wan	4	0
𦽟	bian	3	0
𦽤	jia	2	0
𦽫	dan	3	0
𦽬	jiu	1	0
𦽭	xian	2	0
𦽮	bo	2	0
𦾏	xia	2	0
𦾑	biao	1	0
𦾕	po	4	0
𦾘	sao	3	0
𦾙	bei	4	0
𦾚	sha	4	0
𦾛	wei	3	0
𦾝	cang	1	0
𦾞	lu	4	0
𦾩	dan	4	0
𦾫	gu	3	0
𦾬	za	1	0
𦾭	bang	3	0
𦾮	gan	4	0
𦾱	chao	1	0
𦾲	ji	4	0
𦾳	lie	1	0
𦾵	qiong	2	0
𦾶	jian	4	0
𦾷	lu	4	0
𦾸	duan	1	0
𦾹	suan	1	0
𦾺	yao	2	0
𦾻	yin	3	0
𦾽	ta	4	0
𦾾	yao	2	0
𦾿	jing	1	0
𦿀	chu	2	0
𦿁	fu	2	0
𦿂	yuan	2	0
𦿃	shao	3	0
𦿅	bing	4	0
𦿆	dang	4	0
𦿇	shi	4	0
𦿊	lu	2	0
𦿋	qie	4	0
𦿌	luo	2	0
𦿍	po	4	0
𦿏	meng	2	0
𦿐	jie	2	0
𦿓	ji	1	0
𦿖	lu	4	0
𧀄	chang	4	0
𧀅	mie	4	0
𧀆	meng	2	0
𧀇	jian	3	0
𧀊	cai	3	0
𧀌	su	4	0
𧀔	he	4	0
𧀕	sa	4	0
𧀗	zi	1	0
𧀘	keng	1	0
𧀙	geng	3	0
𧀚	si	1	0
𧀠	ti	2	0
𧀡	zhan	4	0
𧀢	xie	4	0
𧀣	shui	2	0
𧀤	chi	3	0
𧀥	you	1	0
𧀦	lu	3	0
𧀧	meng	4	0
𧀨	lie	4	0
𧀩	si	4	0
𧀬	xi	1	0
𧀭	fan	2	0
𧀮	fu	1	0
𧀯	shen	3	0
𧀰	ti	2	0
𧀱	chai	4	0
𧀲	yue	4	0
𧀴	fu	1	0
𧀵	jian	4	0
𧀶	di	4	0
𧀹	zhe	4	0
𧀺	xie	2	0
𧀻	dan	1	0
𧀿	zhi	2	0
𧁃	xu	4	0
𧁈	nie	4	0
𧁉	fan	4	0
𧁊	meng	2	0
𧁋	min	3	0
𧁾	lou	2	0
𧁿	du	2	0
𧂁	zhan	4	0
𧂂	jian	4	0
𧂃	han	4	0
𧂄	dan	4	0
𧂅	sen	1	0
𧂆	jian	4	0
𧂇	tan	2	0
𧂈	jiao	3	0
𧂉	po	2	0
𧂋	ping	2	0
𧂍	zhuan	4	0
𧂏	liao	2	0
𧂐	zi	4	0
𧂒	zhuo	2	0
𧂔	hu	4	0
𧂙	xi	4	0
𧂛	meng	2	0
𧂜	ju	4	0
𧂝	mie	4	0
𧂞	xian	2	0
𧂠	kui	4	0
𧂡	meng	2	0
𧂢	jian	1	0
𧂦	nou	2	0
𧂨	di	4	0
𧂩	sao	1	0
𧃏	chu	4	0
𧃐	zhi	2	0
𧃑	qian	2	0
𧃒	lv	3	0
𧃔	zhuo	2	0
𧃘	zuo	4	0
𧃙	han	2	0
𧃚	sui	3	0
𧃛	gou	4	0
𧃝	chou	3	0
𧃞	ji	4	0
𧃟	yi	4	0
𧃠	yu	2	0
𧃨	nou	2	0
𧃩	ni	3	0
𧃪	ruo	4	0
𧃮	lin	2	0
𧃱	ning	2	0
𧄍	qiao	2	0
𧄎	yao	2	0
𧄏	fu	4	0
𧄐	shuang	1	0
𧄑	kui	4	0
𧄒	qu	2	0
𧄓	dong	3	0
𧄔	shu	3	0
𧄚	li	2	0
𧄛	ju	2	0
𧄜	rui	3	0
𧄠	zha	2	0
𧄤	xiao	1	0
𧄸	men	2	0
𧄹	shi	2	0
𧄺	dian	1	0
𧄻	li	4	0
𧄼	deng	4	0
𧄽	zan	4	0
𧄿	luo	2	0
𧅀	can	2	0
𧅃	ao	1	0
𧅆	jian	3	0
𧅈	diao	4	0
𧅋	ying	2	0
𧅖	yi	4	0
𧅗	dang	3	0
𧅘	nou	2	0
𧅚	yue	4	0
𧅮	li	3	0
𧅯	li	2	0
𧅰	hu	4	0
𧅲	you	4	0
𧅺	nang	4	0
𧆂	chen	4	0
𧆉	feng	1	0
𧆊	bie	1	0
𧆏	man	3	0
𧆐	gan	4	0
𧆑	huo	4	0
𧆓	cu	1	0
𧆕	you	3	0
𧆘	you	4	0
𧆜	xu	1	0
𧆡	xu	4	0
𧆢	hu	3	0
𧆣	lu	2	0
𧆥	xia	2	0
𧆦	yi	4	0
𧆮	hu	3	0
𧆯	hu	4	0
𧆰	zi	3	0
𧆷	gong	1	0
𧆸	tui	1	0
𧆹	wu	1	0
𧆺	ling	2	0
𧆻	gu	1	0
𧆼	zhong	1	0
𧇄	lu	2	0
𧇈	zu	4	0
𧇌	tong	2	0
𧇍	xia	1	0
𧇎	he	2	0
𧇓	yue	4	0
𧇙	nan	2	0
𧇚	bo	2	0
𧇛	hu	1	0
𧇜	qi	4	0
𧇝	shu	2	0
𧇞	qiang	1	0
𧇟	zhou	1	0
𧇠	yao	4	0
𧇡	gu	1	0
𧇥	ban	1	0
𧇦	kan	3	0
𧇮	he	2	0
𧇯	ji	4	0
𧇰	hu	2	0
𧇱	yan	2	0
𧇶	chun	1	0
𧇷	ding	3	0
𧇸	qiu	1	0
𧇹	hou	2	0
𧇼	hao	4	0
𧇿	zu	4	0
𧈁	xian	2	0
𧈄	xia	4	0
𧈅	xi	4	0
𧈈	se	4	0
𧈌	ge	2	0
𧈍	xi	4	0
𧈑	ge	2	0
𧈔	lv	3	0
𧈖	ge	2	0
𧈗	ke	4	0
𧈙	shou	4	0
𧈚	zhu	4	0
𧈜	teng	2	0
𧈝	ya	4	0
𧈞	ni	4	0
𧈦	luo	4	0
𧈧	sui	1	0
𧈪	chan	3	0
𧈭	wu	4	0
𧈯	yu	1	0
𧈹	zao	3	0
𧈻	yi	4	0
𧈼	xi	1	0
𧈽	hong	2	0
𧈾	quan	2	0
𧈿	wang	3	0
𧉀	chi	3	0
𧉁	xi	4	0
𧉂	tian	3	0
𧉃	yun	3	0
𧉅	yi	1	0
𧉆	ji	2	0
𧉇	hui	1	0
𧉈	fou	2	0
𧉊	fu	3	0
𧉍	ji	2	0
𧉎	xuan	2	0
𧉐	shuang	1	0
𧉑	tai	4	0
𧉓	du	4	0
𧉗	yuan	2	0
𧉛	di	4	0
𧉞	zhu	3	0
𧉟	tai	1	0
𧉡	rong	3	0
𧉢	xue	2	0
𧉣	yu	4	0
𧉤	fan	4	0
𧉥	bei	3	0
𧉧	qu	3	0
𧉩	bu	4	0
𧉪	jia	1	0
𧉫	zha	2	0
𧉭	nu	3	0
𧉮	she	2	0
𧉲	li	4	0
𧊄	gui	3	0
𧊅	guai	3	0
𧊇	dai	4	0
𧊏	gai	1	0
𧊒	ci	4	0
𧊔	yan	3	0
𧊕	song	1	0
𧊖	shi	4	0
𧊘	ku	4	0
𧊙	zhi	3	0
𧊚	tong	2	0
𧊛	qu	2	0
𧊜	e	4	0
𧊞	xing	2	0
𧊟	ru	2	0
𧊠	yu	2	0
𧊣	yi	4	0
𧊤	yi	4	0
𧊥	xu	4	0
𧊦	fou	3	0
𧊧	ge	2	0
𧊬	he	2	0
𧊭	yin	1	0
𧊯	hong	4	0
𧊱	duo	3	0
𧊽	xing	2	0
𧊾	fan	2	0
𧋉	qi	1	0
𧋊	sha	1	0
𧋌	du	4	0
𧋍	di	4	0
𧋎	li	2	0
𧋏	yi	4	0
𧋐	xi	2	0
𧋑	geng	3	0
𧋒	tong	2	0
𧋓	kao	4	0
𧋔	hong	4	0
𧋕	kun	4	0
𧋖	nie	4	0
𧋗	chi	2	0
𧋘	ti	2	0
𧋚	tong	2	0
𧋠	li	2	0
𧋡	na	4	0
𧋱	zhan	1	0
𧋲	bei	3	0
𧌁	tiao	2	0
𧌃	za	1	0
𧌄	e	4	0
𧌅	shou	4	0
𧌆	kong	1	0
𧌇	peng	2	0
𧌈	fu	4	0
𧌉	lu	4	0
𧌊	xie	4	0
𧌋	xie	4	0
𧌌	xiu	1	0
𧌍	lu	4	0
𧌎	tian	3	0
𧌏	ta	4	0
𧌐	ci	4	0
𧌑	qu	1	0
𧌓	fu	4	0
𧌔	zhi	1	0
𧌖	xie	4	0
𧌗	zou	3	0
𧌘	fei	4	0
𧌙	min	2	0
𧌚	xing	1	0
𧌝	tong	2	0
𧌞	qi	2	0
𧌠	piao	1	0
𧌢	sui	4	0
𧌣	er	3	0
𧌧	hu	3	0
𧌻	song	1	0
𧌽	bie	1	0
𧌾	ding	1	0
𧌿	ban	3	0
𧍀	shi	1	0
𧍁	xie	4	0
𧍂	xiao	2	0
𧍃	fei	3	0
𧍒	chuan	3	0
𧍓	shuai	4	0
𧍔	yao	1	0
𧍕	jue	2	0
𧍖	sheng	3	0
𧍘	you	1	0
𧍙	fan	4	0
𧍜	kui	2	0
𧍝	di	4	0
𧍟	mao	2	0
𧍠	jie	2	0
𧍢	yan	2	0
𧍥	wei	1	0
𧍨	sang	1	0
𧍩	jie	2	0
𧍪	yu	2	0
𧍫	wei	4	0
𧍬	e	4	0
𧍭	quan	2	0
𧍮	jiong	3	0
𧍯	feng	2	0
𧍰	long	2	0
𧍱	die	2	0
𧍲	pian	2	0
𧍴	lian	4	0
𧍵	hu	2	0
𧍶	lv	4	0
𧍿	dian	4	0
𧎃	cui	4	0
𧎄	mou	2	0
𧎕	wang	2	0
𧎖	juan	1	0
𧎗	ke	1	0
𧎘	yan	2	0
𧎙	jiao	3	0
𧎡	gong	1	0
𧎣	rong	2	0
𧎤	sun	1	0
𧎥	shan	4	0
𧎨	chi	2	0
𧎪	qi	2	0
𧎫	suo	3	0
𧎭	ye	4	0
𧎮	zao	3	0
𧎯	que	1	0
𧎰	zhan	3	0
𧎱	ba	1	0
𧎲	zu	2	0
𧎳	suo	3	0
𧎴	zhe	2	0
𧎵	xi	4	0
𧎷	chu	3	0
𧎸	jiao	3	0
𧎹	zui	4	0
𧎺	ge	1	0
𧎻	wu	4	0
𧎾	lve	4	0
𧎿	ji	2	0
𧏂	xie	2	0
𧏃	xie	2	0
𧏆	dou	3	0
𧏋	qiu	1	0
𧏑	ping	2	0
𧏓	liu	2	0
𧏖	pin	2	0
𧏗	ci	1	0
𧏥	jie	2	0
𧏧	hui	4	0
𧏫	sha	4	0
𧏸	zhi	2	0
𧏹	ai	4	0
𧏺	xu	4	0
𧏻	bi	4	0
𧏽	ye	1	0
𧏾	ni	4	0
𧏿	zhu	2	0
𧐁	su	4	0
𧐃	xie	2	0
𧐄	yu	4	0
𧐅	qu	1	0
𧐈	zu	2	0
𧐉	zhi	1	0
𧐊	zhang	1	0
𧐋	lve	4	0
𧐌	wei	3	0
𧐍	chong	1	0
𧐎	mi	4	0
𧐐	ji	1	0
𧐒	su	4	0
𧐓	ye	3	0
𧐔	xi	2	0
𧐕	tuan	2	0
𧐖	lian	2	0
𧐗	xuan	2	0
𧐙	wu	4	0
𧐟	mao	2	0
𧐬	hong	2	0
𧐯	lve	4	0
𧐰	du	2	0
𧐱	cong	2	0
𧐲	chan	2	0
𧐳	lu	4	0
𧐴	su	4	0
𧑀	lve	4	0
𧑆	zhong	1	0
𧑇	li	2	0
𧑈	fei	4	0
𧑊	jing	3	0
𧑋	kui	4	0
𧑌	yi	4	0
𧑍	hua	2	0
𧑎	cui	4	0
𧑏	zhu	2	0
𧑐	yu	4	0
𧑑	beng	3	0
𧑒	tun	1	0
𧑓	shu	3	0
𧑔	dai	4	0
𧑕	wu	1	0
𧑖	ci	4	0
𧑗	ning	4	0
𧑘	dang	4	0
𧑙	zu	2	0
𧑚	han	2	0
𧑜	pi	2	0
𧑝	chuan	4	0
𧑠	du	4	0
𧑡	pa	2	0
𧑤	zhu	1	0
𧑦	xie	2	0
𧑧	zhe	2	0
𧑨	qie	4	0
𧑩	xuan	1	0
𧑫	sao	4	0
𧒀	bi	4	0
𧒂	fu	4	0
𧒈	li	4	0
𧒎	e	2	0
𧒐	ye	1	0
𧒑	shu	3	0
𧒓	se	4	0
𧒕	qi	1	0
𧒖	guo	4	0
𧒗	se	4	0
𧒙	fu	4	0
𧒚	mao	2	0
𧒜	lei	2	0
𧒝	zhan	1	0
𧒨	chai	4	0
𧒭	wei	4	0
𧒽	lei	2	0
𧒿	zei	2	0
𧓀	ying	1	0
𧓁	ai	4	0
𧓂	xie	1	0
𧓄	bi	4	0
𧓋	chan	2	0
𧓎	pi	2	0
𧓏	cong	2	0
𧓐	lie	4	0
𧓑	qi	2	0
𧓓	ji	4	0
𧓔	jing	1	0
𧓕	dong	1	0
𧓖	fei	2	0
𧓗	yi	2	0
𧓘	tuan	2	0
𧓨	meng	3	0
𧓩	can	2	0
𧓪	ya	2	0
𧓲	yang	3	0
𧓴	ting	2	0
𧓸	zhi	2	0
𧓺	xie	4	0
𧓻	lv	4	0
𧓽	li	4	0
𧓿	mao	2	0
𧔂	xia	2	0
𧔅	sou	4	0
𧔖	su	1	0
𧔗	xue	4	0
𧔝	li	4	0
𧔞	yuan	2	0
𧔡	zhan	3	0
𧔣	ta	4	0
𧔤	xuan	2	0
𧔥	wei	4	0
𧔦	ye	4	0
𧔧	pang	2	0
𧔨	mao	2	0
𧔩	ti	2	0
𧔪	pin	2	0
𧔬	du	4	0
𧔭	qiu	2	0
𧔮	yi	3	0
𧔳	tuo	2	0
𧔴	chai	4	0
𧔷	jin	4	0
𧔼	e	2	0
𧕃	chan	2	0
𧕄	ying	1	0
𧕅	ling	2	0
𧕇	xian	3	0
𧕉	qi	1	0
𧕋	yue	4	0
𧕌	lve	4	0
𧕍	ying	2	0
𧕎	qu	2	0
𧕒	fei	3	0
𧕓	zi	1	0
𧕙	qing	1	0
𧕝	ning	2	0
𧕞	wei	4	0
𧕟	shuang	1	0
𧕡	fu	4	0
𧕤	mo	4	0
𧕥	mo	4	0
𧕦	tuo	2	0
𧕧	chai	4	0
𧕨	zang	4	0
𧕮	li	2	0
𧕯	li	2	0
𧕱	xia	2	0
𧕲	juan	3	0
𧕴	nan	2	0
𧕵	mi	4	0
𧕸	huang	2	0
𧕺	shuang	1	0
𧕼	xu	3	0
𧕿	fei	3	0
𧖁	xie	4	0
𧖆	ta	4	0
𧖇	yong	3	0
𧖉	zhan	3	0
𧖑	qiang	2	0
𧖒	nang	2	0
𧖔	lin	4	0
𧖘	luan	2	0
𧖙	xian	3	0
𧖚	fu	2	0
𧖜	ling	2	0
𧖠	sao	1	0
𧖢	hui	4	0
𧖨	ting	2	0
𧖪	qing	2	0
𧖬	huang	1	0
𧖮	an	4	0
𧖵	man	3	0
𧖷	ni	4	0
𧖻	guo	2	0
𧖼	ou	3	0
𧖿	xiang	4	0
𧗁	jin	1	0
𧗆	zheng	1	0
𧗈	n	5	0
𧗋	san	4	0
𧗌	hu	4	0
𧗎	zu	2	0
𧗏	hui	3	0
𧗒	ji	1	0
𧗖	ye	4	0
𧗦	xing	2	0
𧗩	la	4	0
𧗪	yu	4	0
𧗫	jue	2	0
𧗱	shu	4	0
𧗲	zheng	1	0
𧗴	yong	3	0
𧗶	ge	1	0
𧗸	jian	4	0
𧗹	xin	4	0
𧗼	hui	1	0
𧗿	shuai	4	0
𧘂	chong	1	0
𧘃	hang	2	0
𧘈	liao	3	0
𧘍	jiang	1	0
𧘏	gong	1	0
𧘑	zhuo	2	0
𧘗	qi	3	0
𧘜	qian	1	0
𧘞	dou	3	0
𧘟	po	1	0
𧘢	hu	4	0
𧘥	niu	3	0
𧘧	qi	4	0
𧘨	diao	1	0
𧘩	diao	1	0
𧘫	li	4	0
𧘮	xiong	1	0
𧘽	na	2	0
𧘿	zheng	1	0
𧙀	la	4	0
𧙁	zhi	4	0
𧙃	e	3	0
𧙄	bo	1	0
𧙅	po	1	0
𧙆	xu	1	0
𧙇	yong	4	0
𧙈	ci	2	0
𧙉	li	4	0
𧙌	pao	2	0
𧙏	xiu	4	0
𧙛	pu	4	0
𧙝	che	2	0
𧙞	qi	4	0
𧙡	yi	4	0
𧙣	ti	2	0
𧙤	duo	3	0
𧙥	long	2	0
𧙧	jian	4	0
𧙭	zhan	4	0
𧙮	yuan	4	0
𧙶	yu	2	0
𧙸	geng	1	0
𧙺	hou	4	0
𧙾	qi	3	0
𧚀	mu	4	0
𧚁	huan	4	0
𧚂	long	4	0
𧚃	xi	4	0
𧚄	e	2	0
𧚅	lang	3	0
𧚆	fei	4	0
𧚇	wan	3	0
𧚉	cun	1	0
𧚋	peng	2	0
𧚏	cuo	4	0
𧚐	weng	1	0
𧚡	gao	3	0
𧚥	cui	4	0
𧚨	qi	4	0
𧚩	li	2	0
𧚪	qie	4	0
𧚫	qian	4	0
𧚬	kong	1	0
𧚭	beng	3	0
𧚯	shou	4	0
𧚷	wei	1	0
𧛄	shan	1	0
𧛏	zi	1	0
𧛒	ti	4	0
𧛓	qian	1	0
𧛔	du	2	0
𧛗	tu	2	0
𧛚	wei	1	0
𧛞	hu	2	0
𧛟	xing	1	0
𧛡	shan	1	0
𧛢	zhi	3	0
𧛧	chi	3	0
𧛸	zhou	4	0
𧛹	weng	1	0
𧛺	chi	2	0
𧛻	suo	3	0
𧛼	xie	4	0
𧛾	ke	4	0
𧜁	shai	4	0
𧜂	shi	1	0
𧜃	shou	4	0
𧜅	jie	4	0
𧜉	gao	3	0
𧜊	lv	3	0
𧜔	xie	4	0
𧜚	zhi	3	0
𧜞	man	2	0
𧜠	shuai	4	0
𧜡	ke	4	0
𧜣	diao	3	0
𧜤	yi	1	0
𧜦	su	4	0
𧜧	chuang	1	0
𧜭	shu	3	0
𧜱	cui	4	0
𧜲	tuo	4	0
𧜵	xie	4	0
𧜽	xuan	2	0
𧝂	he	4	0
𧝃	jue	2	0
𧝆	ti	4	0
𧝇	fei	4	0
𧝉	zhi	3	0
𧝊	shi	4	0
𧝋	tui	2	0
𧝎	chong	1	0
𧝐	ti	4	0
𧝑	zhan	4	0
𧝒	heng	2	0
𧝔	qu	2	0
𧝕	wei	2	0
𧝗	dun	1	0
𧝘	bao	4	0
𧝜	liao	2	0
𧝝	lai	3	0
𧝤	si	1	0
𧝪	biao	3	0
𧝫	xie	4	0
𧝬	bie	2	0
𧝮	cong	3	0
𧝲	ju	4	0
𧝳	he	2	0
𧝷	kui	4	0
𧝸	yong	1	0
𧞀	shu	4	0
𧞍	nie	4	0
𧞏	yu	2	0
𧞐	zhuo	2	0
𧞑	meng	2	0
𧞒	hu	2	0
𧞔	jie	4	0
𧞕	lie	4	0
𧞝	jie	1	0
𧞞	xiong	2	0
𧞣	yan	3	0
𧞩	jie	2	0
𧞪	la	4	0
𧞫	shu	4	0
𧞬	jie	2	0
𧞭	lei	2	0
𧞰	zu	2	0
𧞲	shi	4	0
𧞸	wei	2	0
𧞹	du	1	0
𧞺	su	4	0
𧟃	xie	2	0
𧟄	rang	2	0
𧟌	luo	4	0
𧟑	qian	1	0
𧟘	nang	4	0
𧟙	ling	2	0
𧟜	ji	4	0
𧟠	ming	4	0
𧟣	gu	3	0
𧟨	xuan	2	0
𧟬	xu	1	0
𧟱	bo	2	0
𧟼	wei	1	0
𧠂	ku	1	0
𧠆	wan	3	0
𧠈	cha	4	0
𧠊	mao	4	0
𧠋	ke	4	0
𧠎	ci	4	0
𧠒	xian	4	0
𧠓	mo	4	0
𧠚	hun	1	0
𧠛	chan	4	0
𧠜	shi	1	0
𧠝	zhen	3	0
𧠞	e	4	0
𧠟	mi	2	0
𧠡	shi	1	0
𧠢	qu	1	0
𧠣	shu	1	0
𧠥	ci	1	0
𧠦	yan	3	0
𧠩	hu	1	0
𧠪	qi	1	0
𧠫	zhi	4	0
𧠬	huang	1	0
𧠴	zhi	3	0
𧠶	you	3	0
𧠼	gao	4	0
𧠽	yao	3	0
𧠾	pou	1	0
𧡇	yi	2	0
𧡈	cheng	4	0
𧡉	ji	4	0
𧡋	ai	3	0
𧡍	dong	4	0
𧡏	sui	4	0
𧡑	jiu	4	0
𧡘	qi	4	0
𧡙	lian	2	0
𧡚	xuan	3	0
𧡜	liao	3	0
𧡡	yun	4	0
𧡢	xuan	3	0
𧡣	cou	2	0
𧡤	pian	1	0
𧡦	kui	2	0
𧡨	ti	2	0
𧡩	huan	3	0
𧡪	dan	1	0
𧡫	gui	4	0
𧡬	chen	1	0
𧡮	shang	3	0
𧡯	ji	4	0
𧡴	lian	4	0
𧡵	kan	1	0
𧡶	sheng	4	0
𧡸	dou	1	0
𧡹	you	2	0
𧡺	qi	2	0
𧡼	xiao	3	0
𧢂	yi	4	0
𧢃	lou	2	0
𧢆	chuang	1	0
𧢋	lao	4	0
𧢌	gao	1	0
𧢐	zeng	1	0
𧢒	wei	2	0
𧢖	jian	1	0
𧢛	ying	1	0
𧢜	fan	2	0
𧢝	li	4	0
𧢞	qian	1	0
𧢢	yao	4	0
𧢦	kui	1	0
𧢧	wei	2	0
𧢩	que	4	0
𧢬	xiao	3	0
𧢭	que	4	0
𧢰	hu	1	0
𧢵	duo	1	0
𧢶	chu	4	0
𧢹	shen	1	0
𧢼	zhuo	2	0
𧢽	e	2	0
𧢾	ji	4	0
𧣁	tan	2	0
𧣃	pa	1	0
𧣋	jie	4	0
𧣌	qiao	4	0
𧣑	qian	2	0
𧣒	ju	4	0
𧣕	qiu	2	0
𧣖	tuo	2	0
𧣚	nuo	4	0
𧣛	si	4	0
𧣟	yi	2	0
𧣡	gu	3	0
𧣢	hun	4	0
𧣣	pa	2	0
𧣤	zi	1	0
𧣦	jiao	1	0
𧣩	xi	3	0
𧣪	shao	3	0
𧣬	yi	2	0
𧣭	zhi	4	0
𧣵	lun	4	0
𧣷	zhou	1	0
𧣸	jue	2	0
𧣹	tan	2	0
𧣺	nuo	4	0
𧣻	ju	4	0
𧣼	hu	2	0
𧣾	zhi	4	0
𧤃	bi	1	0
𧤍	chi	4	0
𧤎	xuan	1	0
𧤏	ji	2	0
𧤐	gua	3	0
𧤑	ju	2	0
𧤒	wo	4	0
𧤓	tuo	2	0
𧤕	qiu	2	0
𧤖	wei	1	0
𧤗	duan	1	0
𧤙	shou	4	0
𧤛	zhen	3	0
𧤜	ne	4	0
𧤟	xi	4	0
𧤠	zhe	2	0
𧤡	zhi	4	0
𧤣	na	2	0
𧤤	xi	1	0
𧤨	jian	1	0
𧤮	yao	2	0
𧤯	guo	2	0
𧤲	di	3	0
𧤴	huo	4	0
𧤵	jing	1	0
𧤼	jue	2	0
𧤽	yue	4	0
𧥄	ji	2	0
𧥅	xi	1	0
𧥆	su	4	0
𧥈	jian	1	0
𧥊	kun	1	0
𧥋	wo	4	0
𧥌	kuang	4	0
𧥍	biao	1	0
𧥎	jue	2	0
𧥑	bi	4	0
𧥓	chan	2	0
𧥕	zi	1	0
𧥖	li	2	0
𧥚	fo	2	0
𧥛	qian	3	0
𧥜	yan	3	0
𧥞	tan	4	0
𧥟	mo	4	0
𧥣	kou	4	0
𧥤	xi	1	0
𧥮	hu	4	0
𧥯	hu	4	0
𧥱	fu	2	0
𧥴	yang	4	0
𧥵	guo	4	0
𧥷	ren	2	0
𧥸	yin	4	0
𧥹	feng	1	0
𧥺	jun	4	0
𧥼	yun	2	0
𧥿	xun	4	0
𧦁	xi	4	0
𧦎	xia	1	0
𧦑	hang	2	0
𧦚	hu	4	0
𧦝	hu	1	0
𧦞	pu	4	0
𧦟	fan	1	0
𧦤	jia	1	0
𧦧	yi	2	0
𧦭	tuo	1	0
𧦮	na	2	0
𧦸	yin	2	0
𧦹	yin	4	0
𧧃	ji	4	0
𧧄	wang	4	0
𧧅	shi	4	0
𧧆	dui	1	0
𧧇	duo	4	0
𧧉	tuo	2	0
𧧊	wa	1	0
𧧋	li	4	0
𧧏	re	4	0
𧧒	ci	4	0
𧧓	xu	4	0
𧧔	zhou	1	0
𧧕	zi	4	0
𧧜	wang	3	0
𧧝	ya	3	0
𧧟	ji	4	0
𧧠	chao	3	0
𧧩	ji	2	0
𧧵	shan	3	0
𧧶	tu	2	0
𧧸	bie	2	0
𧧹	xi	4	0
𧧺	pi	1	0
𧧻	zha	4	0
𧧾	hui	4	0
𧨀	suo	1	0
𧨂	he	4	0
𧨄	yue	1	0
𧨆	wu	1	0
𧨈	ling	2	0
𧨊	zha	4	0
𧨋	hua	2	0
𧨗	chan	2	0
𧨟	e	4	0
𧨡	chen	2	0
𧨧	sui	4	0
𧨩	tian	3	0
𧨰	zhi	4	0
𧨱	ti	4	0
𧨲	ao	1	0
𧨳	zhuo	2	0
𧨴	zi	4	0
𧨵	ke	1	0
𧨷	se	4	0
𧨸	tian	2	0
𧨹	lu	4	0
𧨾	shan	2	0
𧨿	zha	3	0
𧩃	chong	1	0
𧩅	yan	4	0
𧩒	mu	3	0
𧩓	hu	1	0
𧩚	chi	1	0
𧩝	su	4	0
𧩣	nao	3	0
𧩦	ji	2	0
𧩧	duo	2	0
𧩨	hou	4	0
𧩪	cong	4	0
𧩫	zha	1	0
𧩬	yin	2	0
𧩮	xiao	3	0
𧩰	bian	4	0
𧩱	beng	4	0
𧩲	la	4	0
𧩴	chi	1	0
𧩶	qia	4	0
𧩸	an	1	0
𧩹	shi	1	0
𧩼	chi	4	0
𧪅	nu	4	0
𧪇	ji	4	0
𧪓	ou	3	0
𧪕	xia	1	0
𧪘	chai	4	0
𧪚	ai	2	0
𧪝	sheng	4	0
𧪞	he	2	0
𧪠	ji	2	0
𧪡	chi	1	0
𧪢	xi	4	0
𧪣	zheng	1	0
𧪦	ta	1	0
𧪨	ma	4	0
𧪫	pi	1	0
𧪮	xu	1	0
𧪯	qian	3	0
𧪹	xia	4	0
𧫊	yu	4	0
𧫑	jie	2	0
𧫒	xia	4	0
𧫓	lu	3	0
𧫕	qie	4	0
𧫗	cha	4	0
𧫛	yang	4	0
𧫜	ji	4	0
𧫝	sha	3	0
𧫞	lou	4	0
𧫠	ji	1	0
𧫡	zhi	4	0
𧫢	wang	4	0
𧫤	bi	4	0
𧫥	an	1	0
𧫦	yi	1	0
𧫧	an	1	0
𧫬	li	2	0
𧫹	xian	1	0
𧫾	jiu	4	0
𧫿	tan	3	0
𧬁	hao	4	0
𧬂	he	4	0
𧬅	zha	1	0
𧬆	zhan	3	0
𧬇	yi	4	0
𧬈	xi	4	0
𧬊	xi	4	0
𧬋	fa	4	0
𧬌	yan	2	0
𧬏	mu	3	0
𧬕	gu	1	0
𧬞	yun	2	0
𧬤	zhong	4	0
𧬦	chan	3	0
𧬧	chuang	2	0
𧬨	hui	4	0
𧬩	za	2	0
𧬪	gun	4	0
𧬫	jian	3	0
𧬬	ya	2	0
𧬰	xiang	4	0
𧬱	he	4	0
𧭃	dan	4	0
𧭇	mian	2	0
𧭈	ning	2	0
𧭊	meng	2	0
𧭌	lie	4	0
𧭍	zhou	4	0
𧭎	pu	1	0
𧭏	tai	1	0
𧭓	ying	2	0
𧭔	teng	2	0
𧭕	guo	2	0
𧭚	qiang	2	0
𧭜	lv	4	0
𧭝	sa	4	0
𧭞	lie	4	0
𧭟	chi	2	0
𧭠	xie	3	0
𧭣	guo	2	0
𧭤	bao	4	0
𧭥	luo	4	0
𧭦	juan	4	0
𧭪	e	4	0
𧭳	he	2	0
𧭵	mei	4	0
𧭸	xie	4	0
𧭹	pin	2	0
𧭻	han	1	0
𧭼	chen	4	0
𧭽	shan	4	0
𧭾	hui	4	0
𧮆	ying	1	0
𧮈	jian	3	0
𧮍	an	1	0
𧮑	ta	4	0
𧮒	yi	1	0
𧮓	tui	2	0
𧮗	liu	2	0
𧮙	zuo	2	0
𧮛	li	2	0
𧮝	pin	2	0
𧮞	xue	4	0
𧮠	nen	4	0
𧮡	dou	4	0
𧮤	lan	3	0
𧮪	zhan	1	0
𧮫	jue	2	0
𧮬	zhen	1	0
𧮭	ji	2	0
𧮮	qian	1	0
𧮰	han	1	0
𧮱	fen	2	0
𧮳	han	1	0
𧮴	hong	2	0
𧮵	he	2	0
𧮶	hou	2	0
𧮺	zhan	4	0
𧮻	chou	2	0
𧮼	tai	4	0
𧮽	qian	4	0
𧮿	she	4	0
𧯀	ying	1	0
𧯃	qin	1	0
𧯆	huo	4	0
𧯈	xi	4	0
𧯉	he	4	0
𧯊	xi	4	0
𧯋	xia	1	0
𧯌	hao	1	0
𧯍	lao	4	0
𧯏	li	4	0
𧯒	cheng	1	0
𧯖	jun	4	0
𧯗	xi	1	0
𧯘	han	3	0
𧯞	dou	4	0
𧯠	dou	1	0
𧯡	wan	1	0
𧯤	dou	1	0
𧯥	zai	4	0
𧯦	juan	4	0
𧯨	lou	3	0
𧯩	chu	4	0
𧯫	zheng	1	0
𧯯	qi	2	0
𧯰	kan	4	0
𧯱	huo	4	0
𧯲	lai	2	0
𧯺	gai	1	0
𧯼	shou	4	0
𧯾	dong	1	0
𧰃	lou	2	0
𧰄	tuan	1	0
𧰇	yu	2	0
𧰈	wu	4	0
𧰊	tian	2	0
𧰎	lao	2	0
𧰒	guo	2	0
𧰘	tan	2	0
𧰙	qi	2	0
𧰠	lie	4	0
𧰡	li	4	0
𧰣	xun	1	0
𧰨	geng	4	0
𧰩	ting	1	0
𧰪	han	4	0
𧰫	chu	4	0
𧰭	tun	2	0
𧰯	xiong	2	0
𧰰	you	2	0
𧰱	mo	4	0
𧰲	chi	3	0
𧰴	hu	3	0
𧰵	du	1	0
𧰷	mu	3	0
𧰹	na	4	0
𧰻	ling	2	0
𧰿	ai	4	0
𧱀	xian	1	0
𧱄	kan	3	0
𧱅	si	4	0
𧱆	san	1	0
𧱊	yi	4	0
𧱏	yi	4	0
𧱐	xiao	4	0
𧱒	zhi	1	0
𧱓	dou	4	0
𧱘	mai	4	0
𧱜	lun	2	0
𧱝	jue	2	0
𧱡	qiang	1	0
𧱢	ling	2	0
𧱩	pian	2	0
𧱪	cou	4	0
𧱫	duo	4	0
𧱬	yu	3	0
𧱰	zhuo	1	0
𧱲	xi	4	0
𧱳	huai	4	0
𧱴	ming	2	0
𧱵	tang	2	0
𧱹	pu	1	0
𧱻	mi	4	0
𧱼	man	2	0
𧱾	guai	1	0
𧲀	qian	1	0
𧲂	lin	2	0
𧲃	min	3	0
𧲄	wei	3	0
𧲅	ceng	2	0
𧲇	hu	4	0
𧲈	sui	2	0
𧲋	ju	4	0
𧲌	sha	4	0
𧲍	meng	2	0
𧲗	wei	2	0
𧲘	xi	1	0
𧲙	ling	4	0
𧲜	bi	4	0
𧲝	wei	4	0
𧲡	li	4	0
𧲢	zhe	2	0
𧲤	yong	2	0
𧲥	hu	2	0
𧲦	wan	2	0
𧲧	ba	1	0
𧲨	jian	1	0
𧲭	zuo	3	0
𧲮	zhan	3	0
𧲯	bo	1	0
𧲰	qiu	1	0
𧲱	yang	1	0
𧲴	dong	1	0
𧲵	qu	2	0
𧲺	pi	2	0
𧲻	zhai	3	0
𧲾	shan	1	0
𧲿	gou	4	0
𧳀	biao	4	0
𧳁	yi	2	0
𧳂	fu	2	0
𧳄	xin	4	0
𧳅	shi	4	0
𧳆	tong	1	0
𧳉	ding	1	0
𧳌	tu	1	0
𧳍	xiao	1	0
𧳎	wu	2	0
𧳏	pei	2	0
𧳐	hui	1	0
𧳕	lai	2	0
𧳙	si	4	0
𧳚	cui	3	0
𧳛	sha	4	0
𧳜	zhou	3	0
𧳝	zhao	4	0
𧳞	wei	2	0
𧳟	lai	2	0
𧳠	bi	4	0
𧳣	dong	3	0
𧳦	nao	3	0
𧳧	xie	1	0
𧳨	rao	3	0
𧳩	tuan	4	0
𧳪	wei	4	0
𧳫	you	2	0
𧳬	mei	2	0
𧳭	yuan	2	0
𧳮	zhong	4	0
𧳶	sou	1	0
𧳸	gu	2	0
𧳹	shao	4	0
𧳻	zhao	3	0
𧳼	pi	2	0
𧳿	tong	1	0
𧴁	chi	1	0
𧴂	peng	2	0
𧴃	chan	2	0
𧴄	yong	1	0
𧴅	shuang	3	0
𧴇	wu	3	0
𧴉	pi	2	0
𧴊	huan	4	0
𧴌	fu	2	0
𧴎	biao	4	0
𧴓	nao	2	0
𧴕	biao	4	0
𧴖	wei	4	0
𧴗	yong	1	0
𧴙	nao	3	0
𧴚	guai	4	0
𧴠	li	4	0
𧴢	xin	4	0
𧴣	yan	2	0
𧴤	po	4	0
𧴥	pei	2	0
𧴪	suo	3	0
𧴬	ren	4	0
𧴭	shan	3	0
𧴲	suo	3	0
𧴸	dan	1	0
𧴺	men	4	0
𧵃	shou	3	0
𧵈	gou	4	0
𧵊	han	1	0
𧵋	shi	4	0
𧵌	yang	3	0
𧵎	gu	3	0
𧵛	ke	1	0
𧵞	ju	1	0
𧵠	pai	4	0
𧵡	ce	4	0
𧵢	bao	1	0
𧵣	xiong	1	0
𧵤	cai	2	0
𧵧	lin	3	0
𧵨	ai	4	0
𧵬	mi	4	0
𧵭	lai	3	0
𧵱	xiao	1	0
𧵳	she	2	0
𧵻	huo	2	0
𧵼	ni	4	0
𧶄	zheng	4	0
𧶆	lin	4	0
𧶇	zha	2	0
𧶊	yun	2	0
𧶍	xu	4	0
𧶔	cheng	2	0
𧶕	wo	3	0
𧶖	xi	1	0
𧶙	bei	4	0
𧶜	shang	1	0
𧶠	yu	4	0
𧶡	mi	4	0
𧶲	duan	3	0
𧶵	cha	4	0
𧶶	fan	4	0
𧶷	ze	2	0
𧶸	cheng	4	0
𧶺	ting	2	0
𧷅	yi	2	0
𧷋	yao	1	0
𧷎	ku	1	0
𧷐	fen	2	0
𧷑	xie	2	0
𧷒	cheng	4	0
𧷛	kui	4	0
𧷟	bin	1	0
𧷡	lou	2	0
𧷥	yi	4	0
𧷦	mi	4	0
𧷧	xie	4	0
𧷱	gui	1	0
𧷳	luo	2	0
𧷶	shan	4	0
𧷾	ju	2	0
𧷿	du	1	0
𧸂	xian	1	0
𧸅	zhi	3	0
𧸈	bin	4	0
𧸕	zhi	3	0
𧸖	zhuan	4	0
𧸗	xue	2	0
𧸘	lian	4	0
𧸙	sui	4	0
𧸦	lan	4	0
𧸧	ju	4	0
𧸨	mian	2	0
𧸩	xun	4	0
𧸪	zhan	4	0
𧸫	gun	4	0
𧸲	zhi	4	0
𧸽	wei	4	0
𧸾	quan	3	0
𧸿	chai	4	0
𧹈	reng	2	0
𧹊	yue	4	0
𧹌	zi	1	0
𧹐	luo	4	0
𧹑	gui	4	0
𧹒	mai	3	0
𧹓	cheng	2	0
𧹔	zhang	4	0
𧹕	ju	1	0
𧹖	tian	3	0
𧹗	wan	4	0
𧹛	zhi	1	0
𧹞	nan	3	0
𧹣	han	1	0
𧹨	xi	1	0
𧹩	lin	2	0
𧹬	yan	1	0
𧹭	xu	4	0
𧹲	hu	4	0
𧹳	gan	4	0
𧹴	xu	4	0
𧹶	xi	4	0
𧹺	cui	4	0
𧹽	xi	4	0
𧹾	hu	2	0
𧺅	yan	1	0
𧺎	yi	4	0
𧺏	chi	2	0
𧺐	jue	2	0
𧺒	zu	2	0
𧺜	jiao	4	0
𧺝	yi	4	0
𧺟	tan	3	0
𧺠	chi	4	0
𧺡	ba	2	0
𧺢	tou	4	0
𧺣	zong	1	0
𧺤	qiu	2	0
𧺧	chi	4	0
𧺨	xi	3	0
𧺰	ni	4	0
𧺲	cu	1	0
𧺴	wu	3	0
𧺶	chu	4	0
𧺷	su	1	0
𧺸	yong	2	0
𧺹	ju	3	0
𧺺	ba	2	0
𧺼	ci	3	0
𧺽	di	4	0
𧺾	pan	3	0
𧺿	chi	4	0
𧻁	qiu	3	0
𧻃	yan	2	0
𧻍	zhai	3	0
𧻒	xian	4	0
𧻓	beng	4	0
𧻔	kuang	1	0
𧻕	qi	4	0
𧻖	zhou	1	0
𧻗	ju	2	0
𧻘	qie	4	0
𧻙	mo	4	0
𧻚	yuan	2	0
𧻜	gui	4	0
𧻝	zui	1	0
𧻧	qie	4	0
𧻰	hu	2	0
𧻱	qiu	2	0
𧻲	hai	2	0
𧻳	fu	4	0
𧻴	lang	4	0
𧻵	sha	4	0
𧻶	xi	1	0
𧻷	bu	1	0
𧻸	shi	4	0
𧻹	yong	3	0
𧻺	guang	1	0
𧻼	nie	4	0
𧻿	hou	3	0
𧼊	mi	4	0
𧼎	e	4	0
𧼏	xian	2	0
𧼐	yun	3	0
𧼑	xu	4	0
𧼒	qin	3	0
𧼓	dong	1	0
𧼔	leng	2	0
𧼕	qi	4	0
𧼖	lan	2	0
𧼗	fu	2	0
𧼘	qi	3	0
𧼙	chong	3	0
𧼜	cu	4	0
𧼟	mo	4	0
𧼠	bei	1	0
𧼤	dao	4	0
𧼨	jie	2	0
𧼩	chong	4	0
𧼪	chi	4	0
𧼫	yu	4	0
𧼬	cui	1	0
𧼭	su	4	0
𧼮	ti	4	0
𧼯	shu	4	0
𧼰	zha	2	0
𧼱	fu	2	0
𧼳	che	4	0
𧼴	fo	2	0
𧼵	hou	2	0
𧼶	zha	2	0
𧽄	jie	2	0
𧽅	zha	2	0
𧽆	zhan	1	0
𧽉	yan	3	0
𧽊	hai	2	0
𧽋	wu	3	0
𧽌	hua	2	0
𧽍	dian	1	0
𧽎	yao	2	0
𧽏	sou	1	0
𧽐	qian	1	0
𧽑	ji	2	0
𧽒	xiong	4	0
𧽓	qi	4	0
𧽔	jun	1	0
𧽖	hai	2	0
𧽞	yan	3	0
𧽟	jie	2	0
𧽠	cui	1	0
𧽢	tuan	2	0
𧽣	zhang	1	0
𧽤	piao	1	0
𧽥	lu	4	0
𧽦	zhi	1	0
𧽧	chu	4	0
𧽨	mi	4	0
𧽩	qiang	1	0
𧽫	lian	4	0
𧽲	li	4	0
𧽵	zong	1	0
𧽶	e	2	0
𧽷	su	4	0
𧽸	jue	2	0
𧽻	ju	2	0
𧽼	tan	2	0
𧽽	liao	2	0
𧽾	san	1	0
𧽿	dong	4	0
𧾁	za	2	0
𧾂	zhi	2	0
𧾆	xuan	4	0
𧾇	ling	2	0
𧾊	deng	1	0
𧾍	zhan	1	0
𧾎	xuan	1	0
𧾏	qin	3	0
𧾐	jiao	4	0
𧾑	pi	4	0
𧾔	han	3	0
𧾚	yu	2	0
𧾛	guo	2	0
𧾝	xun	2	0
𧾠	xun	2	0
𧾡	chan	2	0
𧾢	jie	2	0
𧾣	ju	2	0
𧾤	yan	3	0
𧾥	du	2	0
𧾧	hong	4	0
𧾨	xian	4	0
𧾩	xun	2	0
𧾮	ling	2	0
𧾯	jie	2	0
𧾰	yi	4	0
𧾱	qu	2	0
𧾲	gan	1	0
𧾳	feng	1	0
𧾵	jue	2	0
𧾶	qu	1	0
𧾻	jiu	4	0
𧾽	ji	4	0
𧾾	ji	3	0
𧿅	xi	2	0
𧿆	pang	1	0
𧿈	kuang	4	0
𧿉	ku	4	0
𧿋	ku	4	0
𧿌	zha	4	0
𧿏	ba	4	0
𧿒	chen	3	0
𧿓	hu	4	0
𧿔	nu	4	0
𧿕	e	2	0
𧿖	xiong	1	0
𧿗	dun	3	0
𧿘	sheng	1	0
𧿙	wan	2	0
𧿚	fen	1	0
𧿛	zong	1	0
𧿝	xi	1	0
𧿞	zi	1	0
𧿠	hu	4	0
𧿥	bie	2	0
𧿧	tuo	4	0
𧿨	ban	3	0
𧿩	ge	2	0
𧿫	ke	1	0
𧿲	zhui	4	0
𧿳	fu	2	0
𧿴	mo	4	0
𧿵	jia	2	0
𧿶	tuo	2	0
𧿷	yu	4	0
𧿹	mu	3	0
𧿺	jue	2	0
𧿻	ju	2	0
𧿼	gua	1	0
𧿽	po	3	0
𨀀	ni	3	0
𨀁	long	2	0
𨀄	wa	3	0
𨀅	yan	3	0
𨀔	chou	3	0
𨀕	kuang	1	0
𨀖	hai	4	0
𨀘	xiang	2	0
𨀙	xi	1	0
𨀛	cun	2	0
𨀜	tong	1	0
𨀝	ruo	4	0
𨀟	duo	2	0
𨀠	che	4	0
𨀤	lei	4	0
𨀥	zi	1	0
𨀧	zheng	3	0
𨀨	zuo	3	0
𨀫	kang	1	0
𨀬	zai	4	0
𨀮	yuan	1	0
𨀯	qiong	2	0
𨀳	fa	2	0
𨀴	xun	2	0
𨀶	ji	4	0
𨀸	cha	1	0
𨁀	shu	1	0
𨁁	xuan	4	0
𨁂	xie	2	0
𨁃	ti	1	0
𨁄	han	4	0
𨁅	xian	1	0
𨁆	shan	1	0
𨁇	tun	4	0
𨁈	hang	2	0
𨁉	kun	3	0
𨁊	cen	2	0
𨁋	dou	1	0
𨁌	nuo	2	0
𨁍	yan	4	0
𨁎	cheng	2	0
𨁏	pu	1	0
𨁐	qi	4	0
𨁑	yue	4	0
𨁒	fu	1	0
𨁗	ting	3	0
𨁟	wo	3	0
𨁠	sheng	1	0
𨁡	tuo	3	0
𨁴	tan	3	0
𨁶	ya	3	0
𨁷	zhi	4	0
𨁸	lu	4	0
𨁹	yan	3	0
𨁺	ju	1	0
𨁽	de	2	0
𨁿	chu	4	0
𨂀	zu	3	0
𨂁	e	4	0
𨂂	zhi	2	0
𨂃	peng	2	0
𨂅	bie	1	0
𨂇	di	3	0
𨂐	lai	2	0
𨂒	ye	4	0
𨂜	hao	2	0
𨂝	pan	2	0
𨂞	tan	4	0
𨂟	kang	1	0
𨂠	xu	1	0
𨂡	zou	4	0
𨂢	ji	2	0
𨂣	wu	4	0
𨂦	chuan	4	0
𨂩	po	4	0
𨂪	yan	3	0
𨂫	tuo	4	0
𨂭	du	2	0
𨂯	pian	2	0
𨂰	chi	4	0
𨂱	hun	4	0
𨂲	ping	1	0
𨂴	cong	1	0
𨂵	zha	3	0
𨂺	wan	1	0
𨂿	wai	3	0
𨃃	e	4	0
𨃄	wei	4	0
𨃅	bai	1	0
𨃇	jiang	1	0
𨃓	cha	2	0
𨃕	chu	4	0
𨃖	kua	4	0
𨃗	teng	2	0
𨃘	zou	1	0
𨃙	li	4	0
𨃚	ta	4	0
𨃛	sa	4	0
𨃞	pan	2	0
𨃟	pan	2	0
𨃣	sao	4	0
𨃤	qiao	1	0
𨃭	zu	2	0
𨃯	zhi	4	0
𨃰	yan	3	0
𨃲	jie	2	0
𨃳	neng	2	0
𨄄	luan	2	0
𨄅	qu	1	0
𨄇	deng	4	0
𨄈	liang	2	0
𨄉	chan	3	0
𨄊	qie	4	0
𨄋	lou	4	0
𨄌	die	2	0
𨄍	cui	1	0
𨄐	ji	3	0
𨄓	chao	2	0
𨄔	shuan	4	0
𨄕	zu	2	0
𨄗	kang	1	0
𨄚	qiang	1	0
𨄛	li	2	0
𨄮	shuai	1	0
𨄯	yu	4	0
𨄰	zhang	1	0
𨄱	lei	3	0
𨅅	po	2	0
𨅊	zhe	2	0
𨅋	xiao	4	0
𨅍	tan	3	0
𨅎	cui	4	0
𨅏	lan	2	0
𨅑	xu	1	0
𨅒	shu	4	0
𨅓	zha	3	0
𨅔	can	2	0
𨅗	bi	3	0
𨅘	peng	4	0
𨅛	zhu	2	0
𨅝	cheng	2	0
𨅣	qiao	2	0
𨅤	ji	1	0
𨅪	zhai	1	0
𨅬	lan	2	0
𨆁	tian	3	0
𨆂	sa	4	0
𨆃	jin	1	0
𨆄	zhu	4	0
𨆅	duo	4	0
𨆇	cha	4	0
𨆈	juan	4	0
𨆉	tang	2	0
𨆊	beng	4	0
𨆌	fan	2	0
𨆍	lie	4	0
𨆎	zei	2	0
𨆏	sui	4	0
𨆙	se	4	0
𨆧	zhi	4	0
𨆨	tui	2	0
𨆪	qing	1	0
𨆬	chuo	4	0
𨆰	ta	4	0
𨆱	bing	4	0
𨆲	wen	3	0
𨆵	po	3	0
𨆽	mo	2	0
𨆾	ca	1	0
𨇁	kuang	4	0
𨇃	cuo	2	0
𨇄	rao	3	0
𨇅	bao	4	0
𨇆	lai	4	0
𨇍	nian	3	0
𨇎	li	2	0
𨇕	jiao	3	0
𨇖	lu	2	0
𨇗	li	4	0
𨇘	long	2	0
𨇙	gui	4	0
𨇝	chan	3	0
𨇤	xian	1	0
𨇦	chan	4	0
𨇨	xie	4	0
𨇩	zhan	4	0
𨇯	shuang	1	0
𨇻	mi	3	0
𨇼	luan	2	0
𨇽	luo	4	0
𨈀	dian	1	0
𨈈	die	2	0
𨈊	wan	1	0
𨈋	yue	4	0
𨈌	luan	2	0
𨈎	luan	2	0
𨈓	leng	2	0
𨈕	wai	3	0
𨈖	din	4	0
𨈗	nen	4	0
𨈘	shao	3	0
𨈙	xie	4	0
𨈚	pi	2	0
𨈥	mao	2	0
𨈧	yin	3	0
𨈩	bo	2	0
𨈫	zhu	4	0
𨈮	chong	1	0
𨈶	mu	3	0
𨈷	tuo	2	0
𨈹	tong	3	0
𨈺	ye	2	0
𨉁	huang	4	0
𨉃	ren	4	0
𨉅	ye	4	0
𨉋	tuo	1	0
𨉖	zuan	1	0
𨉗	yu	4	0
𨉚	a	1	0
𨉜	zhou	1	0
𨉝	wan	1	0
𨉡	duo	3	0
𨉢	zhong	4	0
𨉣	ha	1	0
𨉤	huang	2	0
𨉥	mian	4	0
𨉩	chun	1	0
𨉪	qie	4	0
𨉫	gong	1	0
𨉬	ting	2	0
𨉭	mei	2	0
𨉱	tang	4	0
𨉴	rong	2	0
𨉷	rong	2	0
𨉸	qi	2	0
𨉹	guo	2	0
𨉽	xiang	4	0
𨉾	tian	2	0
𨊅	xiao	1	0
𨊈	zhan	1	0
𨊉	cui	4	0
𨊔	lan	2	0
𨊘	shen	1	0
𨊚	lei	3	0
𨊛	li	4	0
𨊝	chan	1	0
𨊞	nie	4	0
𨊟	luan	2	0
𨊡	ting	1	0
𨊢	hui	4	0
𨊧	gong	1	0
𨊰	qi	4	0
𨊱	yu	2	0
𨊳	xin	1	0
𨊸	yue	4	0
𨊹	ba	1	0
𨊺	dai	4	0
𨊻	ji	1	0
𨊼	xuan	4	0
𨊿	jue	2	0
𨋀	niu	3	0
𨋈	du	4	0
𨋉	ji	2	0
𨋐	pa	1	0
𨋑	gong	3	0
𨋒	ben	4	0
𨋔	keng	1	0
𨋕	yang	4	0
𨋖	liu	3	0
𨋗	ni	2	0
𨋘	zha	4	0
𨋙	yin	4	0
𨋚	nian	3	0
𨋛	pao	4	0
𨋝	gong	1	0
𨋞	bu	4	0
𨋟	he	2	0
𨋠	rong	3	0
𨋡	gui	4	0
𨋥	bi	4	0
𨋦	xi	1	0
𨋧	ju	2	0
𨋨	hun	2	0
𨋩	bi	4	0
𨋫	tiao	1	0
𨋬	zheng	3	0
𨋮	hong	1	0
𨋯	yi	4	0
𨋰	ci	4	0
𨋲	bing	4	0
𨋷	gong	1	0
𨋺	fa	2	0
𨋽	yang	2	0
𨋾	xu	3	0
𨌁	hong	1	0
𨌄	zang	4	0
𨌅	chai	2	0
𨌆	hong	2	0
𨌈	tian	2	0
𨌌	zhi	1	0
𨌍	xing	1	0
𨌎	xu	2	0
𨌑	zhen	4	0
𨌔	wan	3	0
𨌘	jun	4	0
𨌝	wo	4	0
𨌠	lu	4	0
𨌢	zheng	1	0
𨌣	rong	3	0
𨌤	cheng	2	0
𨌥	fu	2	0
𨌧	e	4	0
𨌨	tao	1	0
𨌩	tang	2	0
𨌫	juan	1	0
𨌬	chao	4	0
𨌭	ta	4	0
𨌮	di	3	0
𨌰	zong	1	0
𨌳	keng	1	0
𨌴	tui	1	0
𨌶	keng	1	0
𨍅	rong	3	0
𨍆	yun	1	0
𨍇	he	2	0
𨍈	zong	3	0
𨍉	cong	1	0
𨍊	qiu	1	0
𨍎	mu	4	0
𨍏	duo	2	0
𨍐	xu	3	0
𨍑	keng	1	0
𨍒	xian	4	0
𨍛	du	2	0
𨍜	kan	3	0
𨍞	ying	1	0
𨍢	zi	1	0
𨍧	huang	2	0
𨍩	peng	2	0
𨍫	li	4	0
𨍭	bo	2	0
𨍮	ge	2	0
𨍯	ju	2	0
𨍰	ke	1	0
𨍲	hu	2	0
𨍳	yao	2	0
𨍴	tang	2	0
𨍶	qiong	2	0
𨍷	rong	3	0
𨍸	liu	3	0
𨍹	hui	4	0
𨍺	ji	1	0
𨎉	zhi	4	0
𨎋	tang	2	0
𨎌	zhi	3	0
𨎍	kang	1	0
𨎔	yang	4	0
𨎖	tang	3	0
𨎗	hong	1	0
𨎛	liang	2	0
𨎝	cao	2	0
𨎡	nai	3	0
𨎢	zong	3	0
𨎤	deng	4	0
𨎦	jiao	1	0
𨎧	peng	2	0
𨎩	guang	1	0
𨎪	er	2	0
𨎫	jian	4	0
𨎬	jiao	4	0
𨎭	nuo	2	0
𨎮	zao	3	0
𨎳	peng	2	0
𨎴	dang	1	0
𨎶	qu	2	0
𨎷	lian	2	0
𨎸	mu	4	0
𨎹	lan	3	0
𨎾	fen	2	0
𨏂	hun	2	0
𨏆	kuang	1	0
𨏈	yin	3	0
𨏉	shuan	4	0
𨏊	jian	4	0
𨏒	luo	4	0
𨏔	lu	4	0
𨏚	ge	2	0
𨏛	rang	3	0
𨏞	pin	2	0
𨏠	long	2	0
𨏤	zhen	3	0
𨏥	xian	4	0
𨏨	lin	4	0
𨏩	lian	2	0
𨏪	shan	1	0
𨏫	bo	2	0
𨏬	li	4	0
𨏳	xie	2	0
𨏴	ge	2	0
𨏵	min	3	0
𨏶	lian	2	0
𨏹	jue	2	0
𨏺	zhou	1	0
𨏿	ke	1	0
𨐁	die	2	0
𨐃	zhe	2	0
𨐅	shu	1	0
𨐆	ji	1	0
𨐇	long	2	0
𨐈	guang	1	0
𨐉	zao	3	0
𨐊	xian	4	0
𨐋	qian	1	0
𨐍	shen	1	0
𨐐	yin	3	0
𨐑	jie	4	0
𨐔	shen	1	0
𨐕	shen	1	0
𨐖	sa	3	0
𨐛	xi	4	0
𨐡	ku	4	0
𨐣	qu	2	0
𨐥	ge	2	0
𨐦	ban	4	0
𨐨	bi	4	0
𨐩	qian	1	0
𨐰	bin	1	0
𨐱	ban	4	0
𨐳	zuo	4	0
𨐴	pi	4	0
𨐶	huo	4	0
𨐾	ban	4	0
𨑊	nong	2	0
𨑌	chen	2	0
𨑎	peng	1	0
𨑑	fu	3	0
𨑒	tu	2	0
𨑜	pi	3	0
𨑝	po	4	0
𨑠	chi	3	0
𨑣	xue	4	0
𨑤	qi	4	0
𨑥	wu	4	0
𨑨	zhi	4	0
𨑩	di	4	0
𨑪	cong	1	0
𨑫	you	2	0
𨑹	cong	1	0
𨑼	di	4	0
𨑽	zhuo	2	0
𨑿	zou	3	0
𨒀	cong	2	0
𨒃	pan	4	0
𨒄	yan	3	0
𨒅	qi	4	0
𨒆	rong	3	0
𨒇	jia	2	0
𨒉	zhi	4	0
𨒊	qiu	2	0
𨒋	yue	4	0
𨒍	shi	4	0
𨒑	hao	2	0
𨒙	tuo	1	0
𨒜	bie	2	0
𨒞	kan	4	0
𨒢	chuo	4	0
𨒤	ci	3	0
𨒦	yin	3	0
𨒧	shi	4	0
𨒨	hai	4	0
𨒩	ruan	3	0
𨒫	yang	2	0
𨒬	chi	1	0
𨒮	ci	1	0
𨒱	gong	1	0
𨒲	mi	2	0
𨒴	ji	3	0
𨒼	gen	4	0
𨒽	zao	4	0
𨓁	beng	3	0
𨓇	xin	3	0
𨓈	kuo	4	0
𨓊	die	2	0
𨓍	ting	2	0
𨓚	shui	4	0
𨓞	dai	4	0
𨓦	li	3	0
𨓨	yong	3	0
𨓩	jiao	1	0
𨓬	ta	2	0
𨓭	qu	3	0
𨓮	yin	2	0
𨓯	yuan	1	0
𨓰	jie	2	0
𨓲	qian	1	0
𨓳	yao	1	0
𨓴	ya	4	0
𨓷	qing	1	0
𨓿	pei	2	0
𨔗	jia	1	0
𨔙	tou	4	0
𨔛	ti	1	0
𨔡	dun	4	0
𨔢	chan	3	0
𨔣	jia	1	0
𨔤	chi	4	0
𨔥	jian	1	0
𨔦	shu	4	0
𨔯	ta	4	0
𨕕	zhi	1	0
𨕗	yuan	2	0
𨕚	hu	1	0
𨕜	lie	4	0
𨕠	ze	2	0
𨕢	chu	4	0
𨕦	qiu	4	0
𨕧	beng	1	0
𨕹	huan	2	0
𨕺	kua	1	0
𨕻	sheng	1	0
𨕽	jie	2	0
𨕿	wang	3	0
𨖃	hu	1	0
𨖊	ze	2	0
𨖋	zan	3	0
𨖌	yang	4	0
𨖎	chi	3	0
𨖏	jiu	4	0
𨖚	liao	2	0
𨖛	yu	1	0
𨖠	bian	3	0
𨖢	kuang	2	0
𨖬	chou	4	0
𨖭	ya	2	0
𨖮	zhuo	2	0
𨖰	qie	4	0
𨖱	xian	4	0
𨖳	yuan	1	0
𨖴	wu	3	0
𨖵	jiao	3	0
𨖶	xiang	4	0
𨖷	sha	4	0
𨖹	zhi	4	0
𨖼	chong	4	0
𨖾	bian	1	0
𨖿	wei	1	0
𨗓	dao	4	0
𨗝	yu	4	0
𨗞	tui	2	0
𨗡	chao	4	0
𨗥	hui	4	0
𨗦	qian	3	0
𨗨	wei	3	0
𨗰	you	2	0
𨗼	di	4	0
𨗾	da	4	0
𨘁	you	2	0
𨘂	jiu	4	0
𨘃	tui	2	0
𨘄	zan	3	0
𨘇	hui	4	0
𨘉	sha	4	0
𨘌	huo	4	0
𨘔	yao	2	0
𨘙	xian	4	0
𨘞	xian	4	0
𨘬	di	4	0
𨘮	jiu	4	0
𨘲	hui	4	0
𨘴	kao	4	0
𨘵	you	2	0
𨘸	li	4	0
𨘼	chuan	2	0
𨘾	chi	2	0
𨙀	huo	4	0
𨙂	you	2	0
𨙄	yue	4	0
𨙎	ta	4	0
𨙏	zan	4	0
𨙓	nie	4	0
𨙔	zhu	4	0
𨙡	xian	3	0
𨙩	shi	2	0
𨙫	kou	3	0
𨙬	qi	3	0
𨙭	tu	3	0
𨙮	fan	2	0
𨙯	cun	1	0
𨙲	tun	2	0
𨙳	cha	1	0
𨙴	cai	2	0
𨙵	xiang	4	0
𨙶	pei	4	0
𨙷	jing	3	0
𨙸	qi	2	0
𨙹	shao	3	0
𨙺	niu	3	0
𨙻	na	4	0
𨙽	qin	2	0
𨚍	bi	4	0
𨚓	bi	4	0
𨚔	bao	1	0
𨚕	bian	4	0
𨚖	zi	1	0
𨚗	na	4	0
𨚘	wei	4	0
𨚙	hao	2	0
𨚡	jin	3	0
𨚣	zheng	4	0
𨚧	qie	2	0
𨚮	hao	4	0
𨚯	tong	2	0
𨚰	zao	3	0
𨚱	sheng	4	0
𨚲	cun	2	0
𨚳	huang	1	0
𨚴	ru	2	0
𨚵	zai	4	0
𨚶	nian	2	0
𨚾	xian	1	0
𨛈	quan	2	0
𨛉	ji	4	0
𨛊	yin	2	0
𨛋	li	3	0
𨛌	mang	2	0
𨛍	shao	4	0
𨛎	han	4	0
𨛏	cuo	4	0
𨛐	jun	4	0
𨛑	ji	4	0
𨛒	bu	4	0
𨛓	long	4	0
𨛔	fou	3	0
𨛕	you	2	0
𨛖	kuai	4	0
𨛜	xiang	4	0
𨛡	yun	2	0
𨛣	qin	2	0
𨛤	hui	2	0
𨛥	pu	2	0
𨛫	li	2	0
𨛬	pei	2	0
𨛭	shu	1	0
𨛮	ju	1	0
𨛯	yi	2	0
𨛰	zheng	1	0
𨛱	chong	2	0
𨛳	xi	2	0
𨛵	hu	3	0
𨛶	rou	2	0
𨜌	huan	4	0
𨜍	qiao	4	0
𨜎	zhi	1	0
𨜏	ying	2	0
𨜐	xi	3	0
𨜑	qiao	1	0
𨜒	ji	4	0
𨜓	zheng	1	0
𨜔	huang	2	0
𨜖	yu	2	0
𨜗	zou	1	0
𨜘	mei	2	0
𨜜	sheng	3	0
𨜩	quan	2	0
𨜰	jiang	1	0
𨜱	he	2	0
𨜳	tong	2	0
𨜴	he	2	0
𨜵	wen	1	0
𨜶	yi	4	0
𨜷	pang	2	0
𨜺	weng	1	0
𨜻	qian	2	0
𨜼	li	4	0
𨜽	yi	2	0
𨜾	chuang	4	0
𨜿	xu	4	0
𨝀	wei	3	0
𨝆	ge	1	0
𨝈	yu	3	0
𨝋	zhai	4	0
𨝌	gan	1	0
𨝍	qian	1	0
𨝎	kang	1	0
𨝏	li	2	0
𨝐	shen	1	0
𨝑	guan	4	0
𨝓	piao	2	0
𨝕	gai	4	0
𨝖	li	2	0
𨝘	hu	3	0
𨝛	tu	2	0
𨝜	shun	4	0
𨝞	hu	4	0
𨝟	li	2	0
𨝢	lou	4	0
𨝦	dang	4	0
𨝨	zuo	4	0
𨝩	shan	1	0
𨝫	she	4	0
𨝭	feng	2	0
𨝮	ju	4	0
𨝯	tong	2	0
𨝰	jiao	3	0
𨝱	qiao	2	0
𨝲	gao	1	0
𨝳	zi	1	0
𨝴	huang	2	0
𨝵	shan	1	0
𨝸	tan	2	0
𨞌	tuo	1	0
𨞎	ling	4	0
𨞐	cheng	2	0
𨞑	weng	4	0
𨞒	zuo	2	0
𨞓	yu	4	0
𨞕	zhu	2	0
𨞗	qun	2	0
𨞘	xi	3	0
𨞙	qu	2	0
𨞛	ge	2	0
𨞢	qi	1	0
𨞣	xu	1	0
𨞨	gai	4	0
𨞩	que	4	0
𨞪	shou	4	0
𨞫	meng	2	0
𨞲	shen	1	0
𨞶	qiao	1	0
𨞷	can	2	0
𨞺	li	4	0
𨞼	wan	4	0
𨞽	lei	2	0
𨞾	xing	1	0
𨞿	lang	2	0
𨟂	shi	4	0
𨟃	zheng	1	0
𨟄	fan	2	0
𨟊	zhi	4	0
𨟏	yin	2	0
𨟑	li	4	0
𨟖	mo	2	0
𨟗	wei	3	0
𨟙	ying	1	0
𨟚	rang	2	0
𨟠	quan	1	0
𨟥	luo	3	0
𨟲	dai	4	0
𨟴	yin	4	0
𨟵	bi	3	0
𨟶	ge	1	0
𨟸	wen	4	0
𨟹	yan	3	0
𨟺	mian	3	0
𨟼	gang	3	0
𨟽	qiu	2	0
𨟾	zhi	1	0
𨠋	gu	1	0
𨠌	tong	2	0
𨠎	ling	2	0
𨠏	ti	2	0
𨠐	ci	2	0
𨠑	yi	2	0
𨠒	fan	4	0
𨠓	po	1	0
𨠔	bi	4	0
𨠖	bao	4	0
𨠟	peng	1	0
𨠡	suan	1	0
𨠤	song	1	0
𨠥	wei	2	0
𨠦	xiao	2	0
𨠨	ji	4	0
𨠬	hao	4	0
𨠭	yan	3	0
𨠶	yi	2	0
𨠷	zao	1	0
𨠸	ying	3	0
𨠹	nan	3	0
𨠿	za	1	0
𨡁	tian	3	0
𨡂	xi	1	0
𨡃	jiao	4	0
𨡄	yan	2	0
𨡌	nei	2	0
𨡍	tan	3	0
𨡎	yan	4	0
𨡏	tian	3	0
𨡐	zhi	4	0
𨡑	chou	1	0
𨡒	tao	2	0
𨡗	zha	4	0
𨡙	dan	1	0
𨡞	mian	3	0
𨡡	wu	3	0
𨡢	yin	3	0
𨡣	yan	4	0
𨡤	lao	3	0
𨡩	po	1	0
𨡫	hun	4	0
𨡬	hai	3	0
𨡭	mu	2	0
𨡮	cong	1	0
𨡱	ku	4	0
𨡲	chou	1	0
𨡴	you	3	0
𨡸	zhuo	2	0
𨡺	kui	4	0
𨡻	sou	1	0
𨢂	yin	4	0
𨢅	zui	4	0
𨢆	sang	1	0
𨢇	liu	4	0
𨢈	han	4	0
𨢉	wei	4	0
𨢊	meng	2	0
𨢋	hu	2	0
𨢌	li	4	0
𨢎	mi	4	0
𨢐	bang	1	0
𨢑	jian	3	0
𨢜	que	4	0
𨢠	meng	2	0
𨢢	mu	2	0
𨢣	hong	3	0
𨢤	hu	4	0
𨢥	mi	2	0
𨢦	shai	4	0
𨢩	shang	1	0
𨢪	chao	4	0
𨢬	zhuo	2	0
𨢮	zhi	1	0
𨢯	nian	4	0
𨢵	ji	4	0
𨢸	ke	1	0
𨢹	zheng	1	0
𨢿	dan	1	0
𨣀	liao	3	0
𨣁	zhan	3	0
𨣂	gong	3	0
𨣃	lao	2	0
𨣄	hua	1	0
𨣅	chuai	4	0
𨣇	jian	3	0
𨣈	kui	4	0
𨣍	she	1	0
𨣔	chen	3	0
𨣕	tan	3	0
𨣗	hu	2	0
𨣘	meng	2	0
𨣙	pao	4	0
𨣚	zhan	3	0
𨣛	chang	2	0
𨣝	gan	3	0
𨣠	yi	4	0
𨣢	sui	4	0
𨣦	xu	4	0
𨣧	ji	4	0
𨣨	lan	4	0
𨣬	yi	2	0
𨣯	mi	4	0
𨣱	mie	4	0
𨣵	cuan	2	0
𨣸	lan	3	0
𨣻	yan	1	0
𨣾	mi	2	0
𨤂	yong	3	0
𨤃	cang	2	0
𨤄	jian	3	0
𨤇	sou	1	0
𨤎	yan	2	0
𨤑	juan	4	0
𨤕	e	4	0
𨤘	fen	4	0
𨤚	fen	4	0
𨤡	guang	4	0
𨤢	mai	2	0
𨤤	lie	3	0
𨤩	chong	1	0
𨤫	li	2	0
𨤱	zhi	2	0
𨤴	xie	4	0
𨤷	chou	2	0
𨤹	ji	2	0
𨤽	pi	1	0
𨥂	jie	2	0
𨥇	zhou	3	0
𨥍	xiong	1	0
𨥑	kuang	4	0
𨥙	jing	3	0
𨥛	hu	4	0
𨥞	qian	2	0
𨥣	cen	2	0
𨥦	qi	2	0
𨥧	wan	3	0
𨥨	mao	2	0
𨥪	dou	3	0
𨥴	kou	3	0
𨥶	dai	4	0
𨥸	nao	2	0
𨥺	hong	2	0
𨦂	lai	3	0
𨦃	duo	3	0
𨦄	qian	1	0
𨦆	yin	2	0
𨦖	lou	4	0
𨦗	hui	1	0
𨦛	fu	4	0
𨦜	mao	2	0
𨦞	zhou	1	0
𨦡	yong	2	0
𨦭	lao	2	0
𨦮	ji	2	0
𨦯	yi	4	0
𨦰	liu	2	0
𨦱	cong	1	0
𨦳	nan	3	0
𨧀	du	4	0
𨧐	tun	1	0
𨧑	xiang	4	0
𨧕	bian	4	0
𨧖	chuang	2	0
𨧗	wu	4	0
𨧙	ju	1	0
𨧥	xie	1	0
𨧦	pi	1	0
𨧧	zhuo	2	0
𨧨	rui	4	0
𨧪	sao	4	0
𨧫	zi	4	0
𨧭	zheng	4	0
𨧮	mi	2	0
𨧰	zu	2	0
𨧱	qu	1	0
𨧳	chi	4	0
𨧵	zhi	4	0
𨨏	bo	1	0
𨨗	quan	4	0
𨨘	qian	1	0
𨨙	ya	1	0
𨨚	chao	4	0
𨨛	he	2	0
𨨜	ru	3	0
𨨠	ju	1	0
𨨡	wu	4	0
𨨬	chi	4	0
𨨭	kuang	4	0
𨨯	cou	4	0
𨨰	ruan	4	0
𨨱	kuo	4	0
𨨲	chi	2	0
𨨳	zu	2	0
𨨴	jiao	1	0
𨨶	yu	2	0
𨨷	tu	2	0
𨨸	meng	2	0
𨨹	da	1	0
𨨺	shuo	4	0
𨩥	feng	1	0
𨩦	gou	3	0
𨩧	dong	1	0
𨩨	cha	3	0
𨩩	mao	4	0
𨩪	chan	3	0
𨩫	bian	1	0
𨩬	yu	4	0
𨩯	wan	2	0
𨩰	zu	2	0
𨩲	zi	1	0
𨩴	chuan	1	0
𨩵	wan	3	0
𨩶	wa	1	0
𨩸	quan	1	0
𨩻	wan	3	0
𨩽	xia	4	0
𨪄	ying	4	0
𨪅	jian	4	0
𨪈	wei	3	0
𨪉	ti	2	0
𨪊	sao	1	0
𨪌	qi	2	0
𨪍	sha	1	0
𨪎	yu	4	0
𨪏	ji	2	0
𨪐	dou	4	0
𨪑	chan	3	0
𨪒	tuan	2	0
𨪕	liu	2	0
𨪗	zhui	4	0
𨪳	ruan	4	0
𨪶	yan	4	0
𨪷	gu	3	0
𨪹	li	4	0
𨪺	cha	1	0
𨪾	di	4	0
𨪿	liu	2	0
𨫀	zhan	3	0
𨫁	po	1	0
𨫒	lou	4	0
𨫔	zhi	4	0
𨬁	lian	2	0
𨬅	luo	3	0
𨬍	duo	4	0
𨬐	jue	2	0
𨬑	li	4	0
𨬒	lan	2	0
𨬔	ruan	4	0
𨬕	gu	1	0
𨬖	chan	2	0
𨬗	xu	1	0
𨬚	zhi	3	0
𨭁	xue	4	0
𨭂	bo	1	0
𨭃	cheng	1	0
𨭅	zhu	4	0
𨭆	hei	1	0
𨭉	ban	1	0
𨭎	xi	3	0
𨭓	die	2	0
𨭖	zhan	3	0
𨭗	guo	2	0
𨭚	biao	1	0
𨭛	la	4	0
𨭺	jin	1	0
𨮂	gai	3	0
𨮒	meng	4	0
𨮔	yu	4	0
𨮪	xi	3	0
𨮬	piao	1	0
𨮭	si	1	0
𨮴	deng	4	0
𨮸	chuo	1	0
𨮹	di	2	0
𨮺	ji	1	0
𨮻	chan	2	0
𨮿	zhuo	2	0
𨯓	cai	4	0
𨯞	jiang	4	0
𨯲	tou	2	0
𨯽	li	2	0
𨰂	qian	4	0
𨰆	chuo	1	0
𨰏	ta	4	0
𨰑	diao	4	0
𨰓	jian	3	0
𨰛	zhi	3	0
𨰜	jue	2	0
𨰞	mo	2	0
𨰠	luo	2	0
𨰦	bao	3	0
𨰭	zuan	3	0
𨰵	zhe	1	0
𨰸	yu	2	0
𨰻	bao	3	0
𨰾	ma	3	0
𨰿	xi	4	0
𨱀	hu	4	0
𨱁	yi	4	0
𨱂	e	2	0
𨱃	gu	1	0
𨱄	tu	2	0
𨱅	zhen	1	0
𨱇	qiu	2	0
𨱈	su	4	0
𨱉	liang	4	0
𨱊	qu	1	0
𨱋	ling	2	0
𨱌	guan	4	0
𨱍	lang	2	0
𨱎	tou	1	0
𨱏	da	1	0
𨱐	lou	4	0
𨱑	huang	2	0
𨱒	shou	4	0
𨱓	jiao	1	0
𨱔	zun	1	0
𨱕	gai	3	0
𨱖	wei	2	0
𨱙	kun	1	0
𨱚	duan	4	0
𨱛	song	1	0
𨱜	qi	2	0
𨱝	yang	3	0
𨱡	shi	4	0
𨱣	gai	3	0
𨱦	dao	4	0
𨱧	yao	3	0
𨱫	qian	2	0
𨱭	shao	1	0
𨱮	chang	2	0
𨱯	miu	3	0
𨱱	mo	2	0
𨱵	nao	3	0
𨱸	cong	1	0
𨱺	nie	4	0
𨱻	zhao	1	0
𨱼	cen	2	0
𨱿	song	1	0
𨲀	nie	4	0
𨲁	ci	4	0
𨲄	jun	4	0
𨲆	shao	1	0
𨲈	zhu	2	0
𨲉	duo	3	0
𨲊	an	4	0
𨲋	bi	1	0
𨲎	ti	4	0
𨲐	pi	3	0
𨲑	xia	2	0
𨲒	qiu	2	0
𨲓	sheng	3	0
𨲗	tang	1	0
𨲛	man	2	0
𨲜	pian	1	0
𨲞	ti	4	0
𨲟	rong	2	0
𨲧	cong	1	0
𨲪	ji	1	0
𨲫	feng	2	0
𨲬	wu	4	0
𨲭	jiao	4	0
𨲮	lao	2	0
𨲯	zeng	1	0
𨲰	peng	2	0
𨲱	can	3	0
𨲳	nong	2	0
𨲵	chan	3	0
𨲾	man	2	0
𨲿	gui	4	0
𨳀	niao	4	0
𨳁	chong	1	0
𨳂	chan	4	0
𨳆	nang	4	0
𨳉	xia	1	0
𨳊	jiu	1	0
𨳋	ji	3	0
𨳌	zhen	4	0
𨳑	ting	3	0
𨳔	men	2	0
𨳕	yue	4	0
𨳗	zhong	1	0
𨳘	tun	2	0
𨳙	rui	4	0
𨳚	xie	4	0
𨳛	xi	1	0
𨳝	ting	3	0
𨳞	niu	3	0
𨳠	wang	3	0
𨳡	jian	1	0
𨳣	fen	1	0
𨳲	bian	4	0
𨳷	yi	2	0
𨳺	die	2	0
𨳻	ji	1	0
𨳼	gan	3	0
𨳿	jian	1	0
𨴀	jiong	1	0
𨴆	kai	1	0
𨴊	que	4	0
𨴌	nan	2	0
𨴍	mou	2	0
𨴎	xu	4	0
𨴏	song	3	0
𨴐	shen	4	0
𨴑	kuang	1	0
𨴒	que	4	0
𨴓	wei	2	0
𨴗	die	2	0
𨴘	nan	2	0
𨴚	ruo	4	0
𨴛	gong	1	0
𨴜	dou	4	0
𨴞	nian	3	0
𨴡	chao	1	0
𨴢	he	2	0
𨴣	yan	4	0
𨴩	tu	2	0
𨴪	bu	3	0
𨴬	hu	2	0
𨴭	yong	3	0
𨴯	shi	3	0
𨴰	chu	4	0
𨴹	xiao	1	0
𨴺	men	2	0
𨴻	li	3	0
𨴼	ti	2	0
𨴾	jian	1	0
𨵂	zhi	3	0
𨵃	gua	1	0
𨵄	guan	3	0
𨵆	qi	4	0
𨵈	fei	1	0
𨵉	yu	3	0
𨵊	zhe	2	0
𨵋	wei	3	0
𨵌	e	3	0
𨵍	chan	1	0
𨵎	xi	1	0
𨵐	gu	3	0
𨵗	que	4	0
𨵘	hui	4	0
𨵚	xie	2	0
𨵛	ying	1	0
𨵝	ta	4	0
𨵞	wai	1	0
𨵟	fu	2	0
𨵠	jie	4	0
𨵡	pi	4	0
𨵥	sheng	3	0
𨵦	yu	2	0
𨵧	kua	1	0
𨵩	pi	4	0
𨵪	xie	2	0
𨵫	nve	4	0
𨵬	xian	4	0
𨵭	jian	4	0
𨵮	xu	4	0
𨵰	bi	4	0
𨵴	nan	2	0
𨵶	liang	2	0
𨵸	pian	2	0
𨵼	jing	4	0
𨶀	ta	3	0
𨶁	yan	4	0
𨶂	ai	4	0
𨶅	xiao	1	0
𨶆	qiang	1	0
𨶇	wu	3	0
𨶈	tang	2	0
𨶊	jun	4	0
𨶐	kuo	4	0
𨶗	lang	4	0
𨶙	neng	3	0
𨶜	dou	4	0
𨶝	shu	2	0
𨶟	jiao	3	0
𨶠	nie	4	0
𨶢	yu	2	0
𨶨	ce	4	0
𨶪	jiao	3	0
𨶬	hua	4	0
𨶭	wen	2	0
𨶮	ye	1	0
𨶯	e	2	0
𨶰	guang	1	0
𨶱	hua	1	0
𨶲	jiao	1	0
𨶺	lei	4	0
𨶼	shang	1	0
𨶽	yong	4	0
𨶿	deng	1	0
𨷀	guan	1	0
𨷁	niu	2	0
𨷃	sui	4	0
𨷄	xiang	4	0
𨷆	sa	4	0
𨷇	chang	1	0
𨷎	run	4	0
𨷐	yun	1	0
𨷒	fen	1	0
𨷓	jian	4	0
𨷔	xu	4	0
𨷘	xi	4	0
𨷙	shu	2	0
𨷥	xie	2	0
𨷦	li	4	0
𨷩	tou	2	0
𨷬	mi	3	0
𨷭	chan	2	0
𨷮	huo	1	0
𨷱	zhuan	3	0
𨷲	yue	4	0
𨷻	lan	2	0
𨷽	yan	2	0
𨷾	dang	4	0
𨷿	xiang	4	0
𨸀	yue	4	0
𨸁	ting	3	0
𨸂	beng	1	0
𨸃	san	4	0
𨸄	xian	4	0
𨸅	die	2	0
𨸆	pi	4	0
𨸇	pian	2	0
𨸉	ta	3	0
𨸋	jiao	1	0
𨸌	ye	1	0
𨸎	yue	4	0
𨸐	reng	2	0
𨸑	qiao	3	0
𨸒	qi	2	0
𨸓	diao	1	0
𨸔	qi	2	0
𨸗	han	4	0
𨸘	yuan	2	0
𨸙	you	2	0
𨸚	ji	2	0
𨸛	gai	4	0
𨸜	hai	1	0
𨸝	shi	4	0
𨸟	qu	1	0
𨸩	wen	4	0
𨸬	zhen	4	0
𨸭	po	1	0
𨸮	yan	2	0
𨸯	gu	1	0
𨸰	ju	2	0
𨸱	tian	4	0
𨸷	e	4	0
𨸺	ya	1	0
𨸻	lin	4	0
𨸼	bi	4	0
𨹀	zi	3	0
𨹁	hong	2	0
𨹃	duo	3	0
𨹅	dui	4	0
𨹆	xuan	4	0
𨹈	shan	3	0
𨹊	shan	3	0
𨹋	yao	2	0
𨹌	ran	3	0
𨹔	tuo	2	0
𨹗	bing	1	0
𨹘	xu	4	0
𨹙	tun	1	0
𨹚	cheng	2	0
𨹜	dou	4	0
𨹝	yi	4	0
𨹡	che	4	0
𨹵	juan	3	0
𨹶	ji	1	0
𨹸	zhao	4	0
𨹹	beng	1	0
𨹻	tian	3	0
𨺀	peng	1	0
𨺅	fu	4	0
𨺖	tuo	3	0
𨺘	xian	2	0
𨺙	ni	4	0
𨺚	long	2	0
𨺝	zhuo	2	0
𨺟	zheng	1	0
𨺠	shun	3	0
𨺡	zong	1	0
𨺢	feng	1	0
𨺣	duan	4	0
𨺤	pi	4	0
𨺥	yan	3	0
𨺦	sou	3	0
𨺧	qiu	2	0
𨺨	e	4	0
𨺩	qian	2	0
𨺫	qian	3	0
𨺭	ca	1	0
𨺮	xun	4	0
𨺵	zhui	4	0
𨺸	mao	3	0
𨺹	jiao	3	0
𨺿	zhan	3	0
𨻀	pi	2	0
𨻁	xi	1	0
𨻂	yan	4	0
𨻃	fei	4	0
𨻄	nie	4	0
𨻆	zhi	4	0
𨻈	suo	3	0
𨻊	yi	4	0
𨻌	lei	3	0
𨻍	xu	4	0
𨻏	yi	4	0
𨻒	wei	1	0
𨻕	ji	1	0
𨻖	chen	1	0
𨻗	die	2	0
𨻣	yuan	2	0
𨻥	xi	2	0
𨻧	liu	2	0
𨻨	suo	3	0
𨻱	beng	1	0
𨻲	xia	4	0
𨻳	yan	4	0
𨻵	cui	1	0
𨻷	kang	1	0
𨻺	qing	1	0
𨻻	lou	2	0
𨻼	bi	1	0
𨼈	zhan	4	0
𨼉	cuan	4	0
𨼊	wu	2	0
𨼋	xu	1	0
𨼌	chen	1	0
𨼍	hao	2	0
𨼎	jue	2	0
𨼐	chen	4	0
𨼑	cha	2	0
𨼒	chan	3	0
𨼓	zhi	2	0
𨼔	xun	2	0
𨼣	ge	2	0
𨼤	chen	2	0
𨼥	ye	4	0
𨼪	chu	3	0
𨼫	qu	2	0
𨼬	xie	4	0
𨼮	zhan	4	0
𨼯	ken	3	0
𨼱	jue	2	0
𨼽	qu	2	0
𨼿	meng	2	0
𨽀	ye	4	0
𨽁	zou	1	0
𨽂	pu	2	0
𨽄	shi	4	0
𨽉	shu	3	0
𨽊	chan	2	0
𨽍	du	2	0
𨽏	guo	1	0
𨽐	lu	4	0
𨽑	yan	1	0
𨽖	niao	3	0
𨽗	bin	1	0
𨽟	tui	2	0
𨽦	ni	4	0
𨽧	huan	1	0
𨽨	qian	2	0
𨽯	xia	4	0
𨽲	ling	2	0
𨽷	lian	2	0
𨽹	yi	4	0
𨽻	li	4	0
𨽼	si	4	0
𨽿	dai	4	0
𨾂	wei	4	0
𨾅	ci	4	0
𨾉	jiu	3	0
𨾊	hong	2	0
𨾌	yu	2	0
𨾎	kui	2	0
𨾒	hang	2	0
𨾓	ge	1	0
𨾔	fang	4	0
𨾗	kui	2	0
𨾚	gui	1	0
𨾛	chi	3	0
𨾞	jiu	3	0
𨾡	sui	1	0
𨾤	die	2	0
𨾬	sui	3	0
𨾰	qin	2	0
𨾴	gui	1	0
𨾻	zhui	1	0
𨾾	tiao	4	0
𨿁	yue	4	0
𨿇	zui	3	0
𨿏	wu	2	0
𨿐	cui	3	0
𨿛	zhi	4	0
𨿠	shui	4	0
𨿢	dong	1	0
𨿭	wei	2	0
𨿿	chong	3	0
𩀋	run	2	0
𩀖	ji	2	0
𩀜	diao	1	0
𩀞	cang	1	0
𩀠	kou	4	0
𩀣	wei	2	0
𩀧	can	2	0
𩀪	ma	2	0
𩀫	ou	4	0
𩀲	san	3	0
𩀶	wei	2	0
𩀼	san	3	0
𩀿	jin	1	0
𩁌	wei	2	0
𩁞	cai	4	0
𩁟	li	2	0
𩁯	yue	4	0
𩁴	yun	1	0
𩁷	cheng	1	0
𩁺	shan	1	0
𩂂	hu	1	0
𩂃	shai	4	0
𩂄	tun	2	0
𩂆	fou	3	0
𩂈	qin	4	0
𩂉	xu	1	0
𩂍	chuan	1	0
𩂎	fu	4	0
𩂒	yi	4	0
𩂓	dong	1	0
𩂔	fu	2	0
𩂕	fu	2	0
𩂖	ze	2	0
𩂗	pu	4	0
𩂙	ling	2	0
𩂝	shai	4	0
𩂞	pao	4	0
𩂢	yin	2	0
𩂣	luo	4	0
𩂤	hua	4	0
𩂥	yin	4	0
𩂦	beng	4	0
𩂧	yu	1	0
𩂨	she	4	0
𩂪	xie	4	0
𩂫	chu	3	0
𩂴	she	4	0
𩂵	dian	4	0
𩂹	yi	4	0
𩂻	che	4	0
𩂼	geng	3	0
𩂽	long	2	0
𩂾	ping	2	0
𩂿	yun	3	0
𩃀	yan	4	0
𩃁	mo	4	0
𩃃	sui	1	0
𩃋	jing	4	0
𩃍	song	4	0
𩃎	pang	2	0
𩃐	ya	2	0
𩃑	se	4	0
𩃒	duo	3	0
𩃕	chuang	2	0
𩃖	xie	4	0
𩃘	tuan	2	0
𩃙	gong	1	0
𩃚	xuan	4	0
𩃜	la	1	0
𩃞	ling	2	0
𩃠	dai	4	0
𩃡	zha	2	0
𩃬	yin	1	0
𩃭	song	1	0
𩃯	yu	3	0
𩃰	tuo	2	0
𩃱	tuo	2	0
𩃴	ba	4	0
𩃵	ran	3	0
𩃶	bo	2	0
𩃷	dai	4	0
𩃹	zha	2	0
𩃺	hou	2	0
𩃾	hui	3	0
𩄅	lu	2	0
𩄊	ling	4	0
𩄋	ru	2	0
𩄕	dan	4	0
𩄖	meng	2	0
𩄗	xia	4	0
𩄘	weng	3	0
𩄙	han	2	0
𩄚	zi	1	0
𩄛	zhen	4	0
𩄜	se	4	0
𩄝	cuo	2	0
𩄞	li	4	0
𩄠	dian	1	0
𩄡	lian	2	0
𩄢	gou	4	0
𩄦	peng	2	0
𩄪	ying	1	0
𩄬	hou	4	0
𩄮	dui	4	0
𩄯	wu	4	0
𩄷	piao	4	0
𩄸	he	4	0
𩄺	long	2	0
𩄻	mo	4	0
𩄼	fei	3	0
𩄽	lv	3	0
𩄾	ze	2	0
𩄿	bo	2	0
𩅀	dian	4	0
𩅁	mang	3	0
𩅃	zhuang	4	0
𩅄	lu	4	0
𩅅	pang	1	0
𩅆	dui	4	0
𩅇	bu	4	0
𩅌	chen	1	0
𩅍	man	4	0
𩅖	xi	1	0
𩅝	an	3	0
𩅞	zhong	1	0
𩅠	nan	4	0
𩅡	tuo	4	0
𩅢	he	2	0
𩅥	dui	4	0
𩅦	wan	1	0
𩅧	zhong	1	0
𩅨	cen	2	0
𩅩	li	4	0
𩅪	shuang	1	0
𩅮	cen	2	0
𩅰	si	1	0
𩅲	dui	4	0
𩅴	hun	1	0
𩅼	jian	1	0
𩅽	nong	2	0
𩅾	dan	4	0
𩅿	fu	4	0
𩆀	huo	4	0
𩆁	hui	4	0
𩆂	ci	2	0
𩆄	yong	3	0
𩆅	sa	4	0
𩆆	ting	2	0
𩆎	liu	4	0
𩆑	suan	1	0
𩆒	ling	2	0
𩆓	man	2	0
𩆔	dian	4	0
𩆘	pao	1	0
𩆚	ling	2	0
𩆝	li	4	0
𩆟	nou	2	0
𩆣	lie	4	0
𩆤	shan	3	0
𩆦	fei	4	0
𩆫	shan	3	0
𩆮	ling	2	0
𩆯	zhan	4	0
𩆱	bin	1	0
𩆲	li	2	0
𩆵	si	1	0
𩆶	rang	2	0
𩆷	jian	1	0
𩆸	zhuo	2	0
𩆻	ling	2	0
𩆼	ling	2	0
𩆽	meng	4	0
𩆿	shuang	1	0
𩇄	ling	2	0
𩇇	hun	4	0
𩇎	ling	2	0
𩇏	jian	1	0
𩇐	qu	2	0
𩇔	nong	2	0
𩇕	jing	4	0
𩇖	chen	1	0
𩇜	zhen	1	0
𩇝	qing	4	0
𩇟	qing	4	0
𩇠	e	4	0
𩇣	se	4	0
𩇩	bei	4	0
𩇫	fei	1	0
𩇮	fei	4	0
𩇯	fei	2	0
𩇴	fang	1	0
𩇵	ku	3	0
𩇺	za	2	0
𩇻	hui	4	0
𩇽	fei	2	0
𩈁	dui	4	0
𩈆	pa	1	0
𩈇	niu	3	0
𩈈	pang	4	0
𩈉	dan	4	0
𩈊	dan	1	0
𩈋	ai	4	0
𩈍	tian	3	0
𩈎	chao	3	0
𩈏	ao	3	0
𩈐	mei	4	0
𩈑	nan	3	0
𩈔	bo	4	0
𩈕	yu	4	0
𩈖	xian	1	0
𩈗	mai	4	0
𩈚	ping	1	0
𩈜	dui	1	0
𩈞	dao	4	0
𩈡	xing	4	0
𩈢	ni	4	0
𩈣	han	1	0
𩈤	chu	4	0
𩈥	shua	3	0
𩈦	man	3	0
𩈬	wan	4	0
𩈭	yi	4	0
𩈮	diao	4	0
𩈯	yan	1	0
𩈱	wo	4	0
𩈲	suan	4	0
𩈴	an	3	0
𩈵	lan	2	0
𩈶	nan	3	0
𩈸	qiu	3	0
𩈹	mian	4	0
𩈺	nuo	3	0
𩈻	can	2	0
𩈼	can	3	0
𩉀	lan	4	0
𩉁	tian	3	0
𩉂	ye	4	0
𩉄	nian	3	0
𩉆	shua	3	0
𩉋	ci	2	0
𩉍	jian	3	0
𩉐	gan	4	0
𩉔	jian	4	0
𩉕	guo	2	0
𩉗	zhan	1	0
𩉙	luo	3	0
𩉜	ji	1	0
𩉝	gui	4	0
𩉡	jia	2	0
𩉢	ji	3	0
𩉥	xuan	4	0
𩉧	feng	1	0
𩉫	bi	4	0
𩉬	qi	2	0
𩉯	yuan	2	0
𩉰	ang	4	0
𩉱	di	1	0
𩉴	e	4	0
𩉵	fen	2	0
𩉸	ju	4	0
𩉹	ni	3	0
𩉺	tuo	2	0
𩉼	shen	1	0
𩉽	fu	2	0
𩉾	xia	2	0
𩉿	qu	2	0
𩊀	po	4	0
𩊁	wan	3	0
𩊂	ling	2	0
𩊃	ma	4	0
𩊄	zhou	4	0
𩊅	bao	4	0
𩊇	yu	4	0
𩊌	beng	3	0
𩊍	mai	4	0
𩊏	jia	1	0
𩊑	yang	3	0
𩊓	kua	3	0
𩊔	jiao	4	0
𩊖	bing	3	0
𩊚	luo	4	0
𩊛	gui	3	0
𩊜	duo	4	0
𩊝	zhi	4	0
𩊡	zhen	4	0
𩊢	e	4	0
𩊣	zhu	1	0
𩊤	ba	2	0
𩊨	zhen	4	0
𩊩	feng	1	0
𩊪	dou	4	0
𩊫	nian	3	0
𩊬	bu	4	0
𩊭	dui	4	0
𩊮	sha	1	0
𩊯	se	4	0
𩊰	bi	4	0
𩊴	zhi	4	0
𩊵	zhe	2	0
𩊶	bu	4	0
𩊺	jue	2	0
𩊻	xun	4	0
𩊿	xi	4	0
𩋁	zhuo	2	0
𩋂	bai	4	0
𩋃	yao	2	0
𩋄	chou	3	0
𩋅	ta	4	0
𩋆	qian	1	0
𩋈	nao	4	0
𩋉	yu	4	0
𩋊	e	4	0
𩋋	jian	1	0
𩋌	yi	4	0
𩋍	xiao	1	0
𩋏	nie	4	0
𩋒	bing	1	0
𩋗	guo	3	0
𩋘	xie	2	0
𩋙	diao	4	0
𩋜	ju	1	0
𩋝	suo	3	0
𩋞	die	2	0
𩋟	fu	2	0
𩋠	mian	3	0
𩋡	shi	4	0
𩋢	xuan	4	0
𩋣	ti	2	0
𩋤	yu	4	0
𩋧	xie	2	0
𩋨	fu	2	0
𩋩	zhi	4	0
𩋪	ni	3	0
𩋫	xuan	4	0
𩋬	yang	2	0
𩋮	feng	3	0
𩋯	zong	4	0
𩋰	zhou	4	0
𩋱	xuan	1	0
𩋵	zhu	1	0
𩋷	la	5	0
𩋹	ying	4	0
𩋺	gao	4	0
𩋻	kuo	4	0
𩋽	e	2	0
𩋾	wei	2	0
𩋿	mei	2	0
𩌃	huai	2	0
𩌄	chou	3	0
𩌆	suo	3	0
𩌇	ta	4	0
𩌈	suo	3	0
𩌉	ta	4	0
𩌊	xue	4	0
𩌌	gong	3	0
𩌍	jia	3	0
𩌏	bo	2	0
𩌐	ta	4	0
𩌑	yuan	3	0
𩌘	ta	4	0
𩌝	chui	2	0
𩌠	xiong	1	0
𩌡	he	2	0
𩌢	suo	1	0
𩌧	mo	4	0
𩌨	chong	2	0
𩌩	sui	1	0
𩌪	ze	2	0
𩌫	lu	4	0
𩌬	zhang	1	0
𩌭	luo	4	0
𩌮	xu	4	0
𩌯	jian	1	0
𩌰	shan	1	0
𩌲	xu	4	0
𩌾	jiang	3	0
𩍂	bao	4	0
𩍃	mai	2	0
𩍅	tong	2	0
𩍆	xi	4	0
𩍉	rong	2	0
𩍋	sheng	2	0
𩍌	zhou	4	0
𩍎	jian	1	0
𩍏	fu	4	0
𩍐	deng	4	0
𩍓	yong	1	0
𩍔	ju	1	0
𩍖	yi	4	0
𩍗	bang	1	0
𩍙	se	4	0
𩍚	sui	4	0
𩍜	duo	2	0
𩍝	xie	4	0
𩍡	huan	2	0
𩍥	ru	3	0
𩍦	ni	3	0
𩍧	zhou	4	0
𩍨	gui	4	0
𩍪	luo	4	0
𩍲	zhi	1	0
𩍳	xu	4	0
𩍵	zhi	1	0
𩍷	jue	2	0
𩍸	ju	1	0
𩍻	yuan	2	0
𩍼	lu	2	0
𩍿	bo	2	0
𩎂	rong	2	0
𩎃	xie	4	0
𩎉	xi	3	0
𩎊	luo	2	0
𩎎	ge	2	0
𩎑	zuan	1	0
𩎒	han	4	0
𩎔	jiao	1	0
𩎕	sa	3	0
𩎖	qin	2	0
𩎗	qun	1	0
𩎘	pao	2	0
𩎙	yue	4	0
𩎚	che	4	0
𩎛	fu	2	0
𩎜	pei	1	0
𩎟	mei	4	0
𩎢	tao	1	0
𩎤	ken	1	0
𩎥	xi	4	0
𩎫	duo	4	0
𩎭	yi	4	0
𩎰	sui	4	0
𩎲	xia	2	0
𩎳	juan	1	0
𩎵	wei	2	0
𩎷	yi	4	0
𩎹	yu	4	0
𩎻	bai	4	0
𩎼	tuo	2	0
𩎽	ta	4	0
𩎾	pao	2	0
𩏂	bing	3	0
𩏅	yun	4	0
𩏆	yun	4	0
𩏇	duan	4	0
𩏈	ruan	3	0
𩏉	wei	2	0
𩏏	wei	2	0
𩏐	gui	4	0
𩏒	da	2	0
𩏓	xia	2	0
𩏖	hun	4	0
𩏗	juan	3	0
𩏘	sui	1	0
𩏚	sui	4	0
𩏝	lou	2	0
𩏞	bai	4	0
𩏟	yu	4	0
𩏠	zheng	4	0
𩏡	gui	4	0
𩏣	kui	1	0
𩏤	gao	1	0
𩏥	dan	1	0
𩏩	xian	3	0
𩏪	zhai	2	0
𩏫	se	4	0
𩏭	ke	1	0
𩏮	bu	3	0
𩏯	bo	2	0
𩏲	sui	4	0
𩏴	yu	4	0
𩏵	bu	3	0
𩏶	jiu	1	0
𩏷	jiu	1	0
𩏹	juan	4	0
𩏺	jue	2	0
𩏼	na	4	0
𩏽	zhai	2	0
𩏾	tao	1	0
𩏿	wei	3	0
𩐀	xia	2	0
𩐁	xie	4	0
𩐅	sa	4	0
𩐆	ji	1	0
𩐉	xie	4	0
𩐌	dui	4	0
𩐍	zi	3	0
𩐘	yuan	3	0
𩐙	qin	4	0
𩐚	fu	2	0
𩐛	peng	2	0
𩐜	pao	2	0
𩐞	yin	4	0
𩐠	hong	1	0
𩐡	zu	2	0
𩐣	gong	1	0
𩐤	dong	4	0
𩐥	he	1	0
𩐦	wo	4	0
𩐨	pang	1	0
𩐫	su	4	0
𩐬	kan	3	0
𩐭	nie	4	0
𩐮	hao	2	0
𩐯	feng	4	0
𩐰	e	4	0
𩐱	ye	4	0
𩐴	ting	2	0
𩐵	dong	4	0
𩐶	zhe	2	0
𩐷	sang	1	0
𩐻	mo	4	0
𩐼	su	4	0
𩐾	le	4	0
𩑀	pu	3	0
𩑁	e	2	0
𩑂	zhuo	2	0
𩑃	ye	4	0
𩑇	xiang	1	0
𩑈	guang	4	0
𩑉	ren	3	0
𩑊	ling	2	0
𩑍	ao	4	0
𩑐	chai	1	0
𩑒	duo	2	0
𩑓	qiong	2	0
𩑔	ku	1	0
𩑕	xu	1	0
𩑖	huan	2	0
𩑗	yao	1	0
𩑘	zhen	4	0
𩑙	ting	3	0
𩑚	beng	3	0
𩑝	ang	2	0
𩑟	kan	1	0
𩑡	ku	1	0
𩑢	pei	2	0
𩑣	you	4	0
𩑤	ao	3	0
𩑥	men	2	0
𩑦	mo	4	0
𩑬	fu	3	0
𩑭	qing	1	0
𩑮	la	4	0
𩑯	dou	3	0
𩑰	tan	3	0
𩑳	qian	3	0
𩑴	yao	4	0
𩑵	wei	4	0
𩑶	hu	2	0
𩑷	mo	4	0
𩑸	he	1	0
𩑹	xuan	4	0
𩑻	bi	4	0
𩑼	po	1	0
𩑾	di	1	0
𩒀	zhen	3	0
𩒂	shi	1	0
𩒃	kan	3	0
𩒄	ce	4	0
𩒇	xu	1	0
𩒈	zhen	3	0
𩒊	zhu	3	0
𩒏	hui	4	0
𩒐	chi	3	0
𩒓	hong	3	0
𩒔	nou	2	0
𩒕	nie	4	0
𩒖	yan	4	0
𩒘	chong	3	0
𩒙	fu	3	0
𩒚	guang	1	0
𩒛	qi	1	0
𩒝	gen	3	0
𩒞	ting	3	0
𩒢	tan	3	0
𩒣	qian	3	0
𩒦	jiu	4	0
𩒧	xu	1	0
𩒨	qi	3	0
𩒪	zhen	4	0
𩒮	qiu	2	0
𩒰	e	3	0
𩒳	hui	4	0
𩒴	hong	4	0
𩒵	qing	3	0
𩒷	che	1	0
𩒺	fu	4	0
𩒼	hong	1	0
𩒽	xi	1	0
𩒾	wu	2	0
𩒿	mang	2	0
𩓂	ti	1	0
𩓅	hong	1	0
𩓐	bo	2	0
𩓒	qin	3	0
𩓓	gen	3	0
𩓖	fu	2	0
𩓗	kui	3	0
𩓝	bie	2	0
𩓞	jing	4	0
𩓟	kan	3	0
𩓠	gui	1	0
𩓢	gao	3	0
𩓣	xu	1	0
𩓤	an	4	0
𩓥	yue	4	0
𩓦	wu	4	0
𩓧	yi	2	0
𩓨	jing	1	0
𩓪	lu	4	0
𩓫	quan	2	0
𩓬	tui	2	0
𩓮	ji	4	0
𩓺	jiong	3	0
𩓻	jue	2	0
𩓼	pie	1	0
𩓽	kun	1	0
𩔀	wai	4	0
𩔁	hui	4	0
𩔂	dun	4	0
𩔃	yuan	3	0
𩔄	jie	2	0
𩔆	gui	4	0
𩔇	gao	3	0
𩔈	po	4	0
𩔉	men	2	0
𩔊	zhuan	4	0
𩔋	hang	4	0
𩔔	yong	2	0
𩔕	qiu	2	0
𩔗	lei	4	0
𩔘	ang	2	0
𩔙	pi	3	0
𩔚	weng	1	0
𩔝	qin	4	0
𩔟	qin	3	0
𩔠	mie	4	0
𩔡	dou	1	0
𩔢	mi	2	0
𩔣	zhan	1	0
𩔥	qing	3	0
𩔦	yi	2	0
𩔮	ban	1	0
𩔱	juan	1	0
𩔳	ze	2	0
𩔴	xu	4	0
𩔵	lan	2	0
𩔶	ma	2	0
𩔷	ma	2	0
𩔸	ou	1	0
𩔹	bei	1	0
𩔻	pou	2	0
𩔼	xu	4	0
𩕀	ao	4	0
𩕆	hong	3	0
𩕉	hong	3	0
𩕊	zhan	3	0
𩕌	sen	3	0
𩕍	gao	3	0
𩕏	po	2	0
𩕐	liao	4	0
𩕕	wai	4	0
𩕖	xuan	1	0
𩕜	kui	2	0
𩕟	e	4	0
𩕠	han	4	0
𩕡	se	4	0
𩕤	dan	4	0
𩕪	xuan	1	0
𩕬	e	4	0
𩕭	gai	4	0
𩕯	dao	1	0
𩕱	meng	3	0
𩕲	yi	1	0
𩕳	ning	3	0
𩕵	pin	2	0
𩕹	cang	1	0
𩕾	yuan	4	0
𩖀	e	4	0
𩖁	nie	4	0
𩖄	yin	3	0
𩖇	qiao	1	0
𩖉	hong	1	0
𩖊	ling	2	0
𩖌	chan	1	0
𩖍	ying	3	0
𩖒	guan	1	0
𩖔	niao	3	0
𩖕	xu	1	0
𩖖	tan	2	0
𩖗	jin	4	0
𩖛	peng	2	0
𩖝	liao	2	0
𩖠	bei	4	0
𩖣	xin	2	0
𩖤	tun	2	0
𩖥	chao	1	0
𩖦	gan	1	0
𩖨	hu	1	0
𩖩	wang	3	0
𩖬	fu	2	0
𩖭	pei	4	0
𩖯	nao	2	0
𩖰	xun	2	0
𩖱	xue	4	0
𩖴	liu	3	0
𩖵	ling	2	0
𩖶	xue	4	0
𩖷	qu	1	0
𩖸	hao	2	0
𩖹	yi	2	0
𩖺	han	4	0
𩖼	fu	2	0
𩖽	ba	2	0
𩖾	yi	2	0
𩗀	bo	2	0
𩗄	hong	1	0
𩗅	li	4	0
𩗉	sa	4	0
𩗊	xi	1	0
𩗎	shi	4	0
𩗏	piao	1	0
𩗐	hua	4	0
𩗑	yi	2	0
𩗒	bo	2	0
𩗓	bo	2	0
𩗔	nei	3	0
𩗕	qiu	2	0
𩗘	wei	3	0
𩗙	che	4	0
𩗚	you	2	0
𩗜	wei	4	0
𩗝	hui	3	0
𩗞	sa	4	0
𩗡	chou	2	0
𩗢	hong	4	0
𩗣	sou	1	0
𩗤	han	4	0
𩗥	pao	2	0
𩗧	fang	2	0
𩗩	liu	2	0
𩗪	zhou	4	0
𩗫	pi	2	0
𩗭	li	4	0
𩗰	chui	2	0
𩗱	xi	1	0
𩗲	zheng	1	0
𩗴	beng	4	0
𩗵	zheng	1	0
𩗶	sui	4	0
𩗷	yan	3	0
𩗼	qing	1	0
𩗽	wu	4	0
𩗾	liang	3	0
𩘀	zhao	4	0
𩘁	liang	2	0
𩘅	jie	1	0
𩘇	hong	1	0
𩘈	you	1	0
𩘊	la	4	0
𩘋	hou	4	0
𩘍	yuan	4	0
𩘎	hong	2	0
𩘏	ye	4	0
𩘑	ying	3	0
𩘒	xuan	3	0
𩘓	you	2	0
𩘘	quan	2	0
𩘜	tang	2	0
𩘝	suo	3	0
𩘟	li	4	0
𩘠	sou	1	0
𩘡	li	4	0
𩘤	yu	4	0
𩘧	yi	4	0
𩘭	xiu	1	0
𩘮	ao	2	0
𩘯	tuan	2	0
𩘰	su	4	0
𩘱	shuai	4	0
𩘳	yu	4	0
𩘵	feng	1	0
𩘹	su	4	0
𩘺	tui	2	0
𩘻	yu	4	0
𩘼	zheng	1	0
𩘽	zheng	1	0
𩘿	tao	2	0
𩙄	liu	2	0
𩙆	cheng	2	0
𩙇	sui	2	0
𩙈	sao	1	0
𩙏	gu	3	0
𩙐	feng	1	0
𩙑	lie	4	0
𩙒	piao	1	0
𩙖	li	4	0
𩙘	long	2	0
𩙙	chu	1	0
𩙚	xiao	1	0
𩙛	hong	1	0
𩙜	xie	4	0
𩙝	she	4	0
𩙠	long	2	0
𩙡	hou	1	0
𩙢	xuan	2	0
𩙣	feng	1	0
𩙥	ba	2	0
𩙦	bo	2	0
𩙧	tao	2	0
𩙨	su	4	0
𩙩	zhao	4	0
𩙪	biao	1	0
𩙫	sou	1	0
𩙬	tui	2	0
𩙭	suo	3	0
𩙮	xiao	1	0
𩙯	heng	2	0
𩙰	sao	1	0
𩙲	fei	1	0
𩙷	niu	4	0
𩙸	mang	3	0
𩙽	huan	2	0
𩙾	zhi	1	0
𩚂	yi	4	0
𩚄	yu	4	0
𩚇	yi	2	0
𩚈	yue	1	0
𩚉	chi	2	0
𩚕	yin	3	0
𩚖	niu	4	0
𩚗	rong	3	0
𩚛	na	4	0
𩚣	tian	2	0
𩚥	ba	1	0
𩚪	er	3	0
𩚫	zheng	1	0
𩚬	e	4	0
𩚭	pou	2	0
𩚮	ji	1	0
𩚯	ni	2	0
𩚱	jiong	3	0
𩚲	jia	2	0
𩚵	gan	1	0
𩚹	ling	2	0
𩚻	zui	4	0
𩚾	bei	4	0
𩛅	shu	1	0
𩛆	yi	3	0
𩛇	pai	1	0
𩛋	nao	3	0
𩛌	shi	4	0
𩛎	man	3	0
𩛏	shi	4	0
𩛑	ti	2	0
𩛘	gong	1	0
𩛝	lei	4	0
𩛞	bao	3	0
𩛟	yuan	1	0
𩛠	zuo	1	0
𩛡	lang	2	0
𩛢	xiu	1	0
𩛥	zai	4	0
𩛦	cheng	4	0
𩛧	jian	1	0
𩛨	mao	4	0
𩛩	jia	2	0
𩛪	yu	4	0
𩛭	yu	4	0
𩛮	yi	2	0
𩛲	mang	1	0
𩛳	zai	4	0
𩛵	zhui	4	0
𩛶	ti	2	0
𩛹	xi	4	0
𩛺	ju	2	0
𩛻	zan	4	0
𩛼	lu	4	0
𩛽	tao	2	0
𩜀	zhui	4	0
𩜁	ling	2	0
𩜃	ju	4	0
𩜆	ji	1	0
𩜇	juan	3	0
𩜊	zi	1	0
𩜌	yue	1	0
𩜍	dong	1	0
𩜒	nang	3	0
𩜖	chong	2	0
𩜟	ang	4	0
𩜣	geng	1	0
𩜥	bo	1	0
𩜦	ding	4	0
𩜧	wei	3	0
𩜬	quan	2	0
𩜭	ke	1	0
𩜰	pi	4	0
𩜱	kan	3	0
𩜲	fu	2	0
𩜳	yong	3	0
𩜵	tuan	2	0
𩜶	tou	3	0
𩜷	you	4	0
𩜸	yao	1	0
𩜺	ye	1	0
𩜽	yan	4	0
𩝈	xian	2	0
𩝊	ti	2	0
𩝌	sui	4	0
𩝐	ci	2	0
𩝔	xu	3	0
𩝕	wu	4	0
𩝖	can	1	0
𩝗	yu	4	0
𩝚	chan	3	0
𩝛	xia	2	0
𩝝	kao	4	0
𩝞	cang	1	0
𩝟	cha	1	0
𩝠	qiu	3	0
𩝣	da	1	0
𩝥	su	4	0
𩝨	hua	1	0
𩝷	wu	1	0
𩝸	yuan	1	0
𩝽	jiang	4	0
𩝾	xiang	3	0
𩝿	zhai	1	0
𩞀	san	3	0
𩞁	mo	2	0
𩞃	shang	3	0
𩞄	cao	2	0
𩞅	sui	1	0
𩞆	chuang	2	0
𩞇	mi	2	0
𩞈	zhu	2	0
𩞉	chong	2	0
𩞊	ji	4	0
𩞋	chong	2	0
𩞙	lian	2	0
𩞞	hai	4	0
𩞤	dun	1	0
𩞥	xiang	3	0
𩞦	cheng	1	0
𩞧	shang	3	0
𩞨	li	4	0
𩞩	huang	2	0
𩞬	deng	4	0
𩞯	liang	2	0
𩞶	za	1	0
𩞺	huo	4	0
𩞻	lin	2	0
𩞾	du	2	0
𩞿	han	4	0
𩟀	yong	1	0
𩟁	yuan	4	0
𩟂	guo	4	0
𩟃	ling	2	0
𩟅	lian	3	0
𩟇	ao	4	0
𩟈	dang	1	0
𩟉	yi	4	0
𩟊	nong	2	0
𩟋	shan	4	0
𩟍	xin	4	0
𩟐	da	2	0
𩟑	yu	4	0
𩟒	can	1	0
𩟓	wo	4	0
𩟔	cha	2	0
𩟕	bo	2	0
𩟗	jian	3	0
𩟞	meng	2	0
𩟟	wei	3	0
𩟠	mo	2	0
𩟥	shui	4	0
𩟦	jie	2	0
𩟧	shuo	4	0
𩟨	huo	4	0
𩟫	chuo	4	0
𩟭	long	2	0
𩟮	huai	4	0
𩟰	tuo	1	0
𩟳	yu	2	0
𩟶	chan	4	0
𩟷	yong	1	0
𩟸	huo	4	0
𩟺	lan	3	0
𩟿	na	4	0
𩠀	ba	1	0
𩠁	gan	1	0
𩠂	yi	3	0
𩠃	jia	2	0
𩠅	da	2	0
𩠆	ding	4	0
𩠇	xun	4	0
𩠈	ren	3	0
𩠉	juan	3	0
𩠊	tuan	2	0
𩠋	xu	3	0
𩠌	song	4	0
𩠎	cao	2	0
𩠏	cheng	1	0
𩠑	ding	3	0
𩠚	hai	2	0
𩠟	wu	3	0
𩠦	qi	3	0
𩠨	ji	1	0
𩠮	kui	2	0
𩠯	wei	2	0
𩠶	shou	3	0
𩠷	fu	2	0
𩠹	tuan	2	0
𩠻	bie	2	0
𩠽	tan	2	0
𩠾	hang	1	0
𩠿	pie	1	0
𩡃	yu	2	0
𩡄	tan	2	0
𩡌	xiang	1	0
𩡎	xiu	1	0
𩡓	weng	3	0
𩡔	hai	4	0
𩡕	peng	2	0
𩡖	yi	3	0
𩡝	tan	2	0
𩡟	bie	2	0
𩡠	xiang	1	0
𩡣	yi	3	0
𩡦	piao	2	0
𩡧	huan	2	0
𩡨	mu	3	0
𩡩	ba	1	0
𩡫	fan	4	0
𩡯	ding	1	0
𩡷	fen	1	0
𩡺	jie	4	0
𩡾	suo	2	0
𩢄	wan	4	0
𩢅	ge	1	0
𩢈	fen	1	0
𩢊	tuo	2	0
𩢌	wen	2	0
𩢍	gua	1	0
𩢎	duo	1	0
𩢐	zhe	2	0
𩢑	ci	3	0
𩢒	yao	3	0
𩢔	ban	4	0
𩢕	bu	4	0
𩢖	mo	4	0
𩢘	po	3	0
𩢛	ge	2	0
𩢞	liu	2	0
𩢡	ran	3	0
𩢨	gan	1	0
𩢪	hu	2	0
𩢫	mou	2	0
𩢮	xiu	1	0
𩢯	huang	1	0
𩢰	fu	2	0
𩢱	hui	2	0
𩢳	qu	2	0
𩢴	jie	2	0
𩢵	tuo	1	0
𩢶	yu	2	0
𩢷	mo	4	0
𩢸	zhou	1	0
𩢹	jiu	4	0
𩢻	shu	2	0
𩢼	kuang	1	0
𩢽	qiong	2	0
𩢾	lie	4	0
𩢿	fu	4	0
𩣊	xu	4	0
𩣖	lin	4	0
𩣘	nie	4	0
𩣚	pi	1	0
𩣜	fu	4	0
𩣝	bu	4	0
𩣞	yi	4	0
𩣡	bo	2	0
𩣣	e	2	0
𩣩	zhe	2	0
𩣫	li	4	0
𩣮	tu	4	0
𩣯	da	2	0
𩣱	lu	4	0
𩣲	yan	1	0
𩣳	dong	1	0
𩣴	qie	4	0
𩣵	wan	3	0
𩣶	ming	3	0
𩣷	zui	1	0
𩣸	fu	4	0
𩣹	qu	1	0
𩣺	ben	1	0
𩣻	ao	3	0
𩣼	qiang	1	0
𩤁	qun	1	0
𩤈	que	4	0
𩤉	hua	2	0
𩤊	xian	4	0
𩤋	kun	4	0
𩤏	cui	4	0
𩤒	yi	2	0
𩤖	chi	1	0
𩤗	zong	4	0
𩤘	nao	3	0
𩤙	cheng	2	0
𩤚	duan	1	0
𩤛	yong	2	0
𩤜	zhe	3	0
𩤞	tan	4	0
𩤟	yang	2	0
𩤠	xie	2	0
𩤡	xuan	1	0
𩤣	duan	4	0
𩤤	shua	3	0
𩤥	xian	2	0
𩤦	xian	2	0
𩤩	e	2	0
𩤲	la	1	0
𩤸	wei	4	0
𩤹	you	1	0
𩤺	yu	2	0
𩤽	ti	1	0
𩤿	jin	1	0
𩥁	tang	2	0
𩥂	qi	2	0
𩥄	dian	1	0
𩥅	tao	1	0
𩥆	lv	4	0
𩥇	zhan	4	0
𩥈	wen	1	0
𩥉	ji	4	0
𩥊	ao	1	0
𩥋	ou	4	0
𩥌	qia	4	0
𩥐	shi	1	0
𩥑	ta	3	0
𩥔	mo	4	0
𩥘	you	2	0
𩥠	zha	2	0
𩥣	yao	2	0
𩥫	chong	1	0
𩥬	li	2	0
𩥭	yu	2	0
𩥮	chan	3	0
𩥯	yi	1	0
𩥲	chi	4	0
𩥴	li	2	0
𩥽	tu	2	0
𩥿	zu	2	0
𩦂	xian	2	0
𩦇	xi	4	0
𩦉	bie	2	0
𩦊	han	2	0
𩦋	qi	2	0
𩦌	sang	1	0
𩦎	fei	1	0
𩦐	shan	4	0
𩦘	huan	1	0
𩦠	bang	4	0
𩦡	yu	2	0
𩦢	yu	2	0
𩦤	ji	2	0
𩦱	kuai	3	0
𩦲	zong	1	0
𩦹	xian	4	0
𩦺	meng	2	0
𩧃	li	4	0
𩧄	zhi	4	0
𩧅	fan	2	0
𩧆	lie	4	0
𩧇	cai	4	0
𩧈	du	2	0
𩧉	guang	1	0
𩧊	xiong	4	0
𩧋	li	2	0
𩧌	qi	4	0
𩧏	jue	2	0
𩧐	tuo	1	0
𩧒	ju	4	0
𩧓	xiao	1	0
𩧘	qu	2	0
𩧜	zhuan	3	0
𩧡	jue	2	0
𩧦	jie	4	0
𩧨	zhou	4	0
𩧩	xian	4	0
𩧪	long	2	0
𩧫	yang	3	0
𩧬	ran	3	0
𩧭	yi	4	0
𩧮	lie	4	0
𩧯	bo	1	0
𩧰	hun	2	0
𩧱	ji	4	0
𩧲	dong	4	0
𩧳	zhou	1	0
𩧴	quan	1	0
𩧵	jie	2	0
𩧸	li	4	0
𩧺	ju	2	0
𩧻	wan	3	0
𩧼	ben	1	0
𩧿	bi	1	0
𩨀	ge	2	0
𩨁	chun	3	0
𩨃	qian	2	0
𩨄	sou	1	0
𩨅	wei	4	0
𩨆	cheng	2	0
𩨇	lou	2	0
𩨈	yu	2	0
𩨉	la	1	0
𩨊	qian	2	0
𩨋	dian	1	0
𩨌	ta	3	0
𩨍	zhan	4	0
𩨏	fan	2	0
𩨐	lie	4	0
𩨑	ting	1	0
𩨒	ji	1	0
𩨓	qian	1	0
𩨔	hu	2	0
𩨗	yu	2	0
𩨘	qi	4	0
𩨙	yu	2	0
𩨚	wa	1	0
𩨜	ba	4	0
𩨝	qi	2	0
𩨞	sa	3	0
𩨟	qiao	1	0
𩨠	ya	4	0
𩨡	xian	3	0
𩨨	ci	1	0
𩨩	fan	4	0
𩨫	kun	3	0
𩨬	gun	3	0
𩨭	que	1	0
𩨮	e	4	0
𩨯	qiong	2	0
𩨲	ma	4	0
𩨳	ku	1	0
𩨴	yao	3	0
𩨷	que	1	0
𩨸	chu	1	0
𩨹	jia	3	0
𩨻	zhu	3	0
𩨽	dui	1	0
𩨾	wa	2	0
𩩀	nao	3	0
𩩄	yan	2	0
𩩅	tong	2	0
𩩈	kuai	4	0
𩩋	xing	2	0
𩩌	gun	3	0
𩩍	ping	1	0
𩩑	yu	3	0
𩩒	he	4	0
𩩔	zhuo	2	0
𩩗	she	1	0
𩩘	yu	3	0
𩩛	ji	4	0
𩩝	qiang	1	0
𩩞	shui	4	0
𩩟	chuo	4	0
𩩠	zu	2	0
𩩡	leng	2	0
𩩢	ni	2	0
𩩤	wa	1	0
𩩥	zha	2	0
𩩧	dan	4	0
𩩮	du	4	0
𩩯	bian	4	0
𩩰	jie	1	0
𩩱	qia	4	0
𩩲	he	2	0
𩩳	chong	4	0
𩩴	yan	2	0
𩩶	yan	4	0
𩩺	song	2	0
𩩻	teng	2	0
𩩼	yao	3	0
𩩾	kao	1	0
𩪀	zhui	1	0
𩪁	gui	4	0
𩪂	ai	2	0
𩪃	hai	4	0
𩪈	suo	3	0
𩪉	xu	4	0
𩪊	biao	1	0
𩪌	feng	4	0
𩪍	qu	1	0
𩪎	mang	3	0
𩪐	guo	2	0
𩪖	bi	4	0
𩪗	jue	2	0
𩪘	chuang	2	0
𩪛	pu	2	0
𩪟	yi	4	0
𩪢	qian	1	0
𩪣	yi	4	0
𩪤	e	4	0
𩪥	ling	2	0
𩪧	bi	4	0
𩪭	huo	4	0
𩪮	mo	3	0
𩪱	xun	1	0
𩪴	yan	4	0
𩪸	li	4	0
𩪺	tan	2	0
𩪾	luan	2	0
𩫀	kai	4	0
𩫁	mao	4	0
𩫂	xiao	1	0
𩫇	ai	3	0
𩫊	ta	3	0
𩫍	mei	4	0
𩫏	guo	1	0
𩫓	gao	3	0
𩫔	nao	2	0
𩫕	hao	2	0
𩫠	que	1	0
𩫥	cao	2	0
𩫦	sao	4	0
𩫫	pi	2	0
𩫲	xie	1	0
𩫳	xiao	1	0
𩫴	ju	2	0
𩫹	cheng	2	0
𩫺	nao	3	0
𩬀	nei	4	0
𩬍	mu	3	0
𩬏	shao	1	0
𩬑	dian	1	0
𩬔	ling	2	0
𩬖	zhen	3	0
𩬗	yao	3	0
𩬙	fu	4	0
𩬚	qian	2	0
𩬛	qiong	2	0
𩬜	ju	2	0
𩬝	bing	4	0
𩬞	mao	2	0
𩬟	zha	4	0
𩬠	tai	1	0
𩬤	chong	1	0
𩬫	zhai	3	0
𩬭	shi	1	0
𩬮	yong	4	0
𩬰	qiong	2	0
𩬱	dao	4	0
𩬲	ti	4	0
𩬳	zhui	3	0
𩬵	yin	4	0
𩬷	nao	3	0
𩬸	bo	1	0
𩬹	kuang	1	0
𩬺	zhi	3	0
𩬻	duo	3	0
𩬼	cong	1	0
𩬽	bao	3	0
𩬾	ya	1	0
𩭇	li	2	0
𩭊	ju	2	0
𩭋	wen	2	0
𩭌	lie	4	0
𩭏	wo	3	0
𩭐	shi	3	0
𩭑	niao	3	0
𩭒	mang	2	0
𩭓	jiu	1	0
𩭘	xiu	1	0
𩭝	wo	3	0
𩭟	dao	4	0
𩭡	xi	1	0
𩭢	an	4	0
𩭣	da	2	0
𩭤	zong	3	0
𩭥	han	4	0
𩭦	chui	2	0
𩭧	bi	1	0
𩭩	dong	4	0
𩭫	zhang	3	0
𩭯	ya	1	0
𩭲	di	2	0
𩭳	huo	1	0
𩭷	min	2	0
𩭹	san	1	0
𩭺	fu	4	0
𩭼	bao	3	0
𩭽	ke	4	0
𩭾	mao	2	0
𩭿	re	4	0
𩮀	zong	1	0
𩮁	qia	4	0
𩮂	xia	1	0
𩮃	sou	1	0
𩮄	xiu	1	0
𩮅	na	4	0
𩮉	man	2	0
𩮎	zha	1	0
𩮏	chan	2	0
𩮐	she	4	0
𩮑	wo	3	0
𩮖	ai	2	0
𩮗	bang	4	0
𩮘	hao	1	0
𩮚	sao	1	0
𩮛	suo	3	0
𩮜	ti	4	0
𩮝	ya	4	0
𩮟	bing	4	0
𩮠	rong	2	0
𩮫	sha	1	0
𩮬	weng	3	0
𩮯	ao	2	0
𩮱	zhuang	1	0
𩮳	piao	4	0
𩮴	sui	1	0
𩮵	yi	1	0
𩮶	sou	1	0
𩮷	dou	1	0
𩮸	sou	1	0
𩮹	luo	2	0
𩯃	fei	4	0
𩯄	zun	4	0
𩯆	nao	4	0
𩯇	deng	1	0
𩯈	zhi	2	0
𩯉	cuo	1	0
𩯊	liao	2	0
𩯋	ji	3	0
𩯌	bo	1	0
𩯍	cong	2	0
𩯎	cheng	2	0
𩯏	bu	3	0
𩯑	san	1	0
𩯒	zan	4	0
𩯘	jiao	4	0
𩯛	yao	4	0
𩯜	lu	3	0
𩯞	can	4	0
𩯨	ni	3	0
𩯰	jie	2	0
𩯱	pu	2	0
𩯲	zhuang	4	0
𩯳	zan	4	0
𩯺	li	4	0
𩯽	la	4	0
𩰀	chong	1	0
𩰃	zhan	4	0
𩰍	bian	4	0
𩰎	weng	1	0
𩰓	hong	4	0
𩰗	pin	1	0
𩰙	se	4	0
𩰞	ni	3	0
𩰟	fen	1	0
𩰠	xu	3	0
𩰢	shi	3	0
𩰤	ju	4	0
𩰨	jue	2	0
𩰪	yu	4	0
𩰬	guo	1	0
𩰭	guo	1	0
𩰯	hu	2	0
𩰰	jing	4	0
𩰲	li	4	0
𩰳	xie	2	0
𩰴	er	2	0
𩰵	yuan	2	0
𩰶	hai	2	0
𩰹	jing	4	0
𩰻	ke	4	0
𩰽	zong	1	0
𩰾	fei	4	0
𩱀	peng	1	0
𩱁	geng	1	0
𩱃	jian	1	0
𩱄	ni	2	0
𩱆	xian	2	0
𩱇	li	4	0
𩱈	chao	3	0
𩱊	er	2	0
𩱋	geng	1	0
𩱌	yu	4	0
𩱍	hu	2	0
𩱎	fei	4	0
𩱏	ao	2	0
𩱓	er	3	0
𩱘	ke	4	0
𩱙	ku	4	0
𩱚	bo	2	0
𩱝	ye	4	0
𩱞	jiao	4	0
𩱦	chao	3	0
𩱧	geng	1	0
𩱨	ru	4	0
𩱪	yue	4	0
𩱬	lin	2	0
𩱱	yu	4	0
𩱲	yue	4	0
𩱳	zhai	1	0
𩱴	xiao	1	0
𩱷	mie	4	0
𩱻	gui	3	0
𩱼	jiu	1	0
𩱾	tuo	4	0
𩲁	xi	2	0
𩲂	wei	3	0
𩲃	zhuo	2	0
𩲄	wei	4	0
𩲅	kui	2	0
𩲈	mei	4	0
𩲊	hao	4	0
𩲋	hang	1	0
𩲌	fang	1	0
𩲍	niu	2	0
𩲎	you	4	0
𩲏	hua	4	0
𩲒	lang	4	0
𩲠	zhu	2	0
𩲡	gui	3	0
𩲢	bi	4	0
𩲣	jia	3	0
𩲤	tiao	2	0
𩲦	lv	4	0
𩲧	kong	3	0
𩲨	zui	3	0
𩲩	ling	2	0
𩲪	qi	2	0
𩲬	zhu	2	0
𩲱	gu	3	0
𩲲	zu	4	0
𩲴	yang	1	0
𩲵	su	1	0
𩲷	kui	2	0
𩲹	chang	1	0
𩲻	yao	2	0
𩲾	yu	4	0
𩳅	shu	1	0
𩳆	lai	4	0
𩳇	yi	4	0
𩳈	dou	1	0
𩳌	wu	2	0
𩳍	ying	3	0
𩳎	fu	2	0
𩳏	zhuan	4	0
𩳐	fu	3	0
𩳒	su	4	0
𩳓	li	3	0
𩳔	yao	4	0
𩳕	tui	4	0
𩳝	gui	4	0
𩳡	lv	4	0
𩳢	yan	4	0
𩳣	qi	2	0
𩳤	lang	4	0
𩳥	zhu	2	0
𩳧	gui	3	0
𩳨	hu	1	0
𩳯	jing	1	0
𩳲	chi	3	0
𩳵	ju	2	0
𩳶	zha	2	0
𩳸	miao	2	0
𩴀	zhu	1	0
𩴁	gan	1	0
𩴂	xiong	1	0
𩴃	ji	2	0
𩴇	shai	4	0
𩴈	mei	4	0
𩴉	yun	4	0
𩴌	gan	1	0
𩴍	shou	4	0
𩴐	lv	4	0
𩴑	you	4	0
𩴒	jiang	4	0
𩴓	nuo	2	0
𩴘	ju	4	0
𩴙	you	4	0
𩴜	yi	4	0
𩴝	teng	2	0
𩴞	wei	2	0
𩴟	che	3	0
𩴠	lin	4	0
𩴡	gu	4	0
𩴣	li	4	0
𩴤	liao	4	0
𩴧	jiao	1	0
𩴨	yang	2	0
𩴩	biao	1	0
𩴪	qi	2	0
𩴮	yi	4	0
𩴱	bin	1	0
𩴲	meng	2	0
𩴳	cha	4	0
𩴵	gan	1	0
𩴹	qu	2	0
𩴺	di	2	0
𩴻	lei	2	0
𩵀	ling	2	0
𩵄	huan	1	0
𩵅	qu	2	0
𩵇	luo	2	0
𩵉	kui	2	0
𩵍	qiu	2	0
𩵎	yu	3	0
𩵏	hua	4	0
𩵓	lei	4	0
𩵕	ren	4	0
𩵖	xiao	3	0
𩵗	si	4	0
𩵚	du	4	0
𩵛	bie	1	0
𩵠	niu	2	0
𩵢	he	4	0
𩵣	pei	1	0
𩵥	fei	4	0
𩵦	mu	4	0
𩵩	fu	1	0
𩵬	hu	2	0
𩵭	wang	2	0
𩵮	sha	1	0
𩵰	jiao	1	0
𩵱	wu	3	0
𩵹	fu	4	0
𩶁	bing	3	0
𩶂	zhu	4	0
𩶄	zhu	2	0
𩶅	chi	1	0
𩶇	shen	3	0
𩶈	hu	1	0
𩶉	bu	1	0
𩶎	ran	3	0
𩶖	mu	4	0
𩶘	li	4	0
𩶛	jia	1	0
𩶞	ma	4	0
𩶡	meng	2	0
𩶢	mou	2	0
𩶣	zhou	1	0
𩶤	xian	3	0
𩶥	hui	3	0
𩶦	guai	4	0
𩶧	jiu	4	0
𩶩	mu	4	0
𩶫	ru	4	0
𩶭	wu	2	0
𩶯	ru	2	0
𩶱	zha	4	0
𩷁	nuo	3	0
𩷂	xie	2	0
𩷄	jiang	4	0
𩷋	li	3	0
𩷌	shu	1	0
𩷍	yi	4	0
𩷎	di	2	0
𩷏	qing	2	0
𩷐	ju	2	0
𩷓	zhi	4	0
𩷕	lang	2	0
𩷖	bu	4	0
𩷗	kuang	2	0
𩷘	yi	4	0
𩷚	bo	2	0
𩷧	chi	4	0
𩷭	jiang	4	0
𩷯	wo	4	0
𩷰	xun	4	0
𩷵	tun	1	0
𩷶	mang	2	0
𩷸	fang	2	0
𩷹	zhuo	2	0
𩷻	qia	4	0
𩷽	ta	3	0
𩷾	qi	2	0
𩸀	peng	4	0
𩸁	bie	1	0
𩸂	fen	4	0
𩸃	tu	4	0
𩸄	hua	4	0
𩸇	e	4	0
𩸋	e	4	0
𩸎	ding	4	0
𩸐	ru	2	0
𩸖	e	4	0
𩸞	yan	4	0
𩸟	si	4	0
𩸥	ying	2	0
𩸦	ni	2	0
𩸧	ni	2	0
𩸨	yi	2	0
𩸹	mi	2	0
𩸾	ye	2	0
𩸿	po	1	0
𩹀	cou	4	0
𩹂	wei	4	0
𩹄	hai	4	0
𩹅	ying	1	0
𩹇	ting	2	0
𩹈	zhi	4	0
𩹉	fei	1	0
𩹊	you	2	0
𩹍	kui	2	0
𩹎	an	4	0
𩹏	ba	4	0
𩹑	han	4	0
𩹞	nan	2	0
𩹟	nai	4	0
𩹢	jing	1	0
𩹥	wei	1	0
𩹱	chu	4	0
𩹳	suo	3	0
𩹴	tao	1	0
𩹵	qi	2	0
𩹶	tang	2	0
𩹷	wei	3	0
𩹸	gan	3	0
𩹺	ge	2	0
𩹼	han	4	0
𩹾	na	4	0
𩹿	ge	2	0
𩺄	zheng	1	0
𩺗	ta	3	0
𩺛	si	1	0
𩺝	ni	4	0
𩺞	sang	3	0
𩺫	xie	2	0
𩺯	zu	2	0
𩺰	yu	2	0
𩺱	ni	4	0
𩺲	qi	1	0
𩺵	shen	1	0
𩺼	bu	1	0
𩻋	kun	1	0
𩻌	li	2	0
𩻎	gua	1	0
𩻖	yan	3	0
𩻗	bu	4	0
𩻘	jian	4	0
𩻚	wu	2	0
𩻛	cen	2	0
𩻜	lin	2	0
𩻝	zhuan	4	0
𩻟	hui	1	0
𩻡	tong	2	0
𩻢	zha	3	0
𩻤	hei	1	0
𩻧	guo	3	0
𩻱	jing	3	0
𩻵	die	2	0
𩻷	ying	2	0
𩻼	zhi	4	0
𩼂	wei	3	0
𩼄	ji	4	0
𩼅	rong	3	0
𩼈	ao	4	0
𩼉	dang	1	0
𩼊	luo	2	0
𩼋	ye	4	0
𩼌	wei	1	0
𩼒	qiang	2	0
𩼙	ge	2	0
𩼚	ji	4	0
𩼦	zou	4	0
𩼨	yi	2	0
𩼫	zha	3	0
𩼭	lie	4	0
𩼴	ye	4	0
𩼼	zhan	1	0
𩽀	chou	2	0
𩽁	biao	1	0
𩽆	xu	4	0
𩽇	you	1	0
𩽍	xie	4	0
𩽎	wei	2	0
𩽏	li	4	0
𩽛	bo	2	0
𩽜	jian	3	0
𩽝	chan	2	0
𩽞	kun	1	0
𩽡	qing	2	0
𩽧	shuang	1	0
𩽨	xi	1	0
𩽩	qu	2	0
𩽰	luo	2	0
𩽳	dang	3	0
𩽴	nian	2	0
𩽵	li	3	0
𩽷	ba	4	0
𩽹	e	4	0
𩽺	fu	1	0
𩽻	fu	4	0
𩽼	hun	3	0
𩽽	zha	4	0
𩽾	an	1	0
𩾁	qiu	2	0
𩾂	chou	2	0
𩾃	mian	3	0
𩾄	xun	4	0
𩾅	tu	4	0
𩾆	ni	2	0
𩾇	hu	5	0
𩾈	shu	1	0
𩾊	xu	1	0
𩾋	zhong	4	0
𩾌	kang	1	0
𩾎	you	1	0
𩾒	xiao	1	0
𩾓	xiao	1	0
𩾔	ci	4	0
𩾕	chi	4	0
𩾗	diao	1	0
𩾘	yi	4	0
𩾚	ding	1	0
𩾝	han	4	0
𩾞	wan	2	0
𩾠	yi	3	0
𩾡	bao	4	0
𩾢	yi	4	0
𩾧	xun	4	0
𩾬	xiang	2	0
𩾳	bi	2	0
𩾶	jie	2	0
𩾷	ge	1	0
𩾸	ze	4	0
𩾺	zhen	4	0
𩾻	hu	2	0
𩾼	xi	1	0
𩾽	xin	1	0
𩾾	xiao	1	0
𩾿	fu	4	0
𩿀	zhong	4	0
𩿂	mao	4	0
𩿃	xin	1	0
𩿄	qiang	1	0
𩿈	fen	2	0
𩿉	ban	1	0
𩿊	huan	1	0
𩿑	jiao	1	0
𩿓	bao	4	0
𩿔	ya	1	0
𩿕	yao	2	0
𩿛	xi	4	0
𩿝	ju	4	0
𩿟	qu	4	0
𩿠	yue	4	0
𩿡	tai	2	0
𩿢	tou	3	0
𩿣	mo	4	0
𩿤	zha	2	0
𩿥	qu	2	0
𩿧	fu	1	0
𩿩	qu	2	0
𩿪	chi	4	0
𩿬	you	2	0
𩿷	ti	2	0
𩿺	wa	1	0
𩿽	tuo	2	0
𩿿	chu	2	0
𪀁	ge	1	0
𪀉	ge	1	0
𪀊	qu	2	0
𪀏	ju	4	0
𪀒	die	2	0
𪀓	yi	2	0
𪀔	shi	1	0
𪀕	yi	4	0
𪀗	gui	3	0
𪀘	jiang	4	0
𪀚	song	1	0
𪀛	qiong	2	0
𪀝	e	4	0
𪀞	huang	1	0
𪀟	hui	2	0
𪀠	xun	2	0
𪀣	ju	2	0
𪀥	zhai	2	0
𪀦	chi	4	0
𪀧	lao	3	0
𪀩	qi	2	0
𪀪	xiu	1	0
𪀬	hui	1	0
𪀭	tong	2	0
𪀺	fu	4	0
𪀽	xun	2	0
𪀾	jie	2	0
𪀿	mi	3	0
𪁀	yu	4	0
𪁈	zhuang	4	0
𪁉	jiao	1	0
𪁊	zhi	4	0
𪁋	cheng	2	0
𪁍	jie	2	0
𪁎	xiao	1	0
𪁏	chen	2	0
𪁐	li	2	0
𪁑	yue	4	0
𪁓	zhi	4	0
𪁔	lao	2	0
𪁕	wo	4	0
𪁖	qu	2	0
𪁘	wang	1	0
𪁚	yi	1	0
𪁛	yi	4	0
𪁜	lang	2	0
𪁞	tou	2	0
𪁟	an	1	0
𪁠	jue	2	0
𪁡	yan	4	0
𪁥	ju	4	0
𪁧	zhen	4	0
𪁩	zhi	4	0
𪁪	mang	3	0
𪁮	xiu	4	0
𪁱	chuang	2	0
𪁲	chu	1	0
𪁸	qiang	1	0
𪁹	fei	1	0
𪁺	chang	2	0
𪁼	mian	2	0
𪁽	su	4	0
𪁾	ao	3	0
𪂀	fu	3	0
𪂄	wei	4	0
𪂅	zhi	1	0
𪂆	min	2	0
𪂇	chang	1	0
𪂈	yan	2	0
𪂉	yu	4	0
𪂋	fu	4	0
𪂌	ta	4	0
𪂍	ji	3	0
𪂏	fei	4	0
𪂒	hu	2	0
𪂓	ju	1	0
𪂕	yu	3	0
𪂛	qi	2	0
𪂜	mei	2	0
𪂟	bie	1	0
𪂠	guo	3	0
𪂤	ming	4	0
𪂦	wan	3	0
𪂧	wan	3	0
𪂴	jing	1	0
𪂵	yu	4	0
𪂶	xian	2	0
𪂹	chun	1	0
𪂺	ji	2	0
𪂼	xiang	1	0
𪂽	pen	2	0
𪂾	fu	4	0
𪃂	liu	2	0
𪃄	sai	1	0
𪃅	xue	1	0
𪃆	zou	4	0
𪃈	jie	2	0
𪃋	zhan	1	0
𪃍	yu	2	0
𪃎	yu	2	0
𪃏	mei	2	0
𪃐	miao	3	0
𪃑	mao	4	0
𪃒	duo	2	0
𪃓	fu	4	0
𪃛	jian	4	0
𪃦	miao	2	0
𪃨	ao	1	0
𪃭	ke	4	0
𪃶	hou	2	0
𪃺	gou	4	0
𪃼	xi	1	0
𪃾	rong	2	0
𪃿	ge	1	0
𪄀	pan	2	0
𪄁	yuan	2	0
𪄂	xia	4	0
𪄅	sha	1	0
𪄆	pi	1	0
𪄈	qing	2	0
𪄉	yong	1	0
𪄊	qu	2	0
𪄌	gong	4	0
𪄎	ge	2	0
𪄏	xian	1	0
𪄑	su	4	0
𪄕	ban	1	0
𪄖	qi	2	0
𪄗	hou	4	0
𪄛	xi	1	0
𪄝	wu	1	0
𪄭	qi	1	0
𪄮	hu	4	0
𪄯	gui	1	0
𪄱	di	2	0
𪄲	shang	1	0
𪄳	mai	4	0
𪄴	min	3	0
𪄵	ji	4	0
𪄶	xi	2	0
𪄷	xian	1	0
𪄸	ji	2	0
𪄹	chang	2	0
𪄺	kou	4	0
𪄻	chong	1	0
𪅂	zhang	1	0
𪅃	piao	3	0
𪅄	su	4	0
𪅅	lve	4	0
𪅆	li	2	0
𪅇	meng	4	0
𪅈	chong	1	0
𪅉	tian	1	0
𪅋	ling	2	0
𪅍	chi	4	0
𪅖	chong	1	0
𪅙	chi	4	0
𪅝	niao	3	0
𪅟	yong	2	0
𪅮	mi	4	0
𪅰	shu	1	0
𪅲	xi	4	0
𪅴	e	4	0
𪅵	zi	1	0
𪅸	jie	2	0
𪅹	ji	1	0
𪅺	hou	1	0
𪅻	sheng	4	0
𪅼	li	4	0
𪅾	qi	1	0
𪆀	zhou	1	0
𪆁	si	1	0
𪆂	qu	2	0
𪆋	xie	2	0
𪆗	si	1	0
𪆛	xu	1	0
𪆠	fu	4	0
𪆯	nong	2	0
𪆰	ya	4	0
𪆱	liu	2	0
𪆲	jia	3	0
𪆳	gui	1	0
𪆴	kui	2	0
𪆵	chi	4	0
𪆶	can	4	0
𪆷	chu	2	0
𪆹	guo	1	0
𪆻	dan	3	0
𪆿	jian	4	0
𪇁	dang	1	0
𪇂	hou	4	0
𪇄	kou	4	0
𪇆	chu	4	0
𪇇	qian	1	0
𪇈	ai	4	0
𪇊	pi	4	0
𪇑	xun	4	0
𪇒	jing	1	0
𪇓	meng	4	0
𪇕	bin	1	0
𪇖	lan	2	0
𪇗	gu	3	0
𪇘	chou	2	0
𪇛	yong	1	0
𪇜	gua	2	0
𪇝	yu	2	0
𪇞	zhou	4	0
𪇭	cai	4	0
𪇯	liu	2	0
𪇰	bu	3	0
𪇱	luo	4	0
𪇲	jie	2	0
𪇳	zhen	1	0
𪇴	mie	4	0
𪇵	guang	3	0
𪇷	jia	2	0
𪇹	la	4	0
𪈀	shou	4	0
𪈃	guo	1	0
𪈆	meng	4	0
𪈇	qian	2	0
𪈈	lai	4	0
𪈊	he	2	0
𪈋	tuan	2	0
𪈑	hui	1	0
𪈘	hong	1	0
𪈜	lv	3	0
𪈟	jia	2	0
𪈥	gui	1	0
𪈨	yi	1	0
𪈩	huan	1	0
𪈰	luo	2	0
𪈴	jue	2	0
𪈸	guan	4	0
𪈻	quan	2	0
𪈼	niao	3	0
𪈿	man	2	0
𪉂	yun	4	0
𪉃	wen	2	0
𪉄	chi	4	0
𪉅	chi	4	0
𪉆	zhi	1	0
𪉈	ci	2	0
𪉉	zhuang	4	0
𪉊	hua	2	0
𪉋	jie	2	0
𪉌	qu	2	0
𪉍	tu	1	0
𪉎	min	2	0
𪉏	mei	2	0
𪉐	yu	2	0
𪉑	ao	2	0
𪉒	ban	1	0
𪉔	pi	1	0
𪉕	zhen	1	0
𪉖	lu	3	0
𪉗	chi	4	0
𪉘	tou	2	0
𪉚	jie	1	0
𪉜	zhan	1	0
𪉢	jin	1	0
𪉣	lu	3	0
𪉦	jian	4	0
𪉧	tan	4	0
𪉨	chang	1	0
𪉪	ci	4	0
𪉭	wai	1	0
𪉮	cou	4	0
𪉯	kan	4	0
𪉱	bian	4	0
𪉸	wen	1	0
𪉻	qian	1	0
𪉿	gan	4	0
𪊂	hui	4	0
𪊄	gan	3	0
𪊆	ji	4	0
𪊇	gan	4	0
𪊉	huai	2	0
𪊍	si	4	0
𪊐	fu	1	0
𪊕	pi	2	0
𪊗	ca	1	0
𪊜	ben	4	0
𪊢	shi	3	0
𪊥	huan	2	0
𪊧	gui	1	0
𪊪	ou	3	0
𪊳	pao	2	0
𪊵	ying	3	0
𪊶	ting	3	0
𪊷	xiao	4	0
𪊹	zhu	4	0
𪊻	yu	2	0
𪋁	jian	4	0
𪋄	qu	3	0
𪋅	wan	3	0
𪋆	kun	1	0
𪋇	zhui	1	0
𪋉	yu	4	0
𪋊	guo	3	0
𪋋	ping	2	0
𪋌	zui	3	0
𪋍	zu	2	0
𪋏	zhu	1	0
𪋐	nuan	4	0
𪋑	zhu	1	0
𪋖	piao	1	0
𪋗	mi	2	0
𪋜	bi	4	0
𪋝	su	4	0
𪋡	pu	2	0
𪋢	mi	2	0
𪋫	ye	4	0
𪋬	yu	3	0
𪋮	yu	4	0
𪋰	zhu	3	0
𪋳	ling	2	0
𪋺	nou	4	0
𪋾	ling	2	0
𪌀	liao	3	0
𪌂	tuo	1	0
𪌄	bi	3	0
𪌅	na	4	0
𪌆	qu	2	0
𪌈	pi	2	0
𪌉	dou	3	0
𪌊	nie	4	0
𪌋	tun	2	0
𪌍	ji	1	0
𪌏	ling	2	0
𪌓	ku	4	0
𪌔	su	4	0
𪌘	tou	3	0
𪌞	nai	2	0
𪌟	ze	2	0
𪌢	tong	3	0
𪌣	ge	2	0
𪌤	dui	1	0
𪌧	jie	2	0
𪌩	tian	2	0
𪌪	tiao	4	0
𪌫	chi	2	0
𪌬	qu	1	0
𪌮	sha	1	0
𪌰	bo	2	0
𪌱	li	2	0
𪌳	luo	4	0
𪌵	liao	2	0
𪌶	shu	4	0
𪌷	deng	3	0
𪌹	chi	1	0
𪌺	mie	4	0
𪌼	tao	2	0
𪌽	hun	2	0
𪌿	nie	2	0
𪍁	jun	4	0
𪍂	hu	4	0
𪍄	lu	4	0
𪍅	ye	4	0
𪍇	mo	4	0
𪍈	chao	4	0
𪍌	suo	4	0
𪍎	ke	1	0
𪍏	fu	4	0
𪍑	chao	3	0
𪍔	suo	3	0
𪍗	qiu	1	0
𪍛	su	4	0
𪍝	yun	4	0
𪍟	suo	3	0
𪍠	ku	1	0
𪍡	bo	2	0
𪍣	lou	3	0
𪍤	mo	4	0
𪍦	lian	3	0
𪍧	xuan	4	0
𪍨	suo	3	0
𪍩	man	2	0
𪍪	bi	4	0
𪍲	ti	4	0
𪍴	lian	2	0
𪍵	tan	2	0
𪍶	shan	4	0
𪍸	qu	2	0
𪍹	du	2	0
𪍺	huan	2	0
𪍻	sao	4	0
𪍿	kuang	4	0
𪎃	nie	4	0
𪎅	nie	4	0
𪎆	luo	2	0
𪎇	zuo	2	0
𪎈	yi	4	0
𪎉	xian	4	0
𪎊	chao	3	0
𪎋	tie	4	0
𪎌	lai	2	0
𪎒	shuo	4	0
𪎔	mi	3	0
𪎗	mi	2	0
𪎛	wan	3	0
𪎝	ben	4	0
𪎞	qiang	1	0
𪎠	mo	3	0
𪎣	liu	2	0
𪎤	wo	4	0
𪎦	mei	3	0
𪎨	tou	2	0
𪎫	mu	3	0
𪎭	mei	2	0
𪎲	zuo	4	0
𪎴	tun	2	0
𪎵	kang	4	0
𪎶	tun	2	0
𪎺	che	4	0
𪎻	zheng	4	0
𪎽	chong	1	0
𪎾	tian	1	0
𪏀	zhi	4	0
𪏁	chan	2	0
𪏂	chan	2	0
𪏅	qing	1	0
𪏆	tun	1	0
𪏇	hui	3	0
𪏈	que	4	0
𪏉	zhan	1	0
𪏊	jian	1	0
𪏋	chan	2	0
𪏍	huang	2	0
𪏏	hui	1	0
𪏐	chi	2	0
𪏒	huang	2	0
𪏓	heng	2	0
𪏔	yun	3	0
𪏖	tuan	1	0
𪏗	bian	1	0
𪏙	huang	2	0
𪏚	yun	3	0
𪏟	mo	4	0
𪏠	gong	1	0
𪏢	gong	1	0
𪏤	gui	4	0
𪏦	chan	2	0
𪏨	que	4	0
𪏩	rui	4	0
𪏪	kuang	4	0
𪏫	piao	4	0
𪏮	ru	3	0
𪏲	niu	3	0
𪏳	hu	4	0
𪏴	jin	3	0
𪏵	ni	4	0
𪏶	bao	4	0
𪏸	ni	3	0
𪏺	bi	4	0
𪏻	hu	2	0
𪏼	li	2	0
𪏿	zhu	1	0
𪐀	na	3	0
𪐂	quan	3	0
𪐃	feng	3	0
𪐄	bi	3	0
𪐅	li	2	0
𪐆	bie	2	0
𪐇	nian	2	0
𪐈	dong	3	0
𪐋	lian	2	0
𪐌	ni	4	0
𪐍	lian	2	0
𪐎	ma	2	0
𪐏	zhe	2	0
𪐓	jia	1	0
𪐔	yi	2	0
𪐖	long	3	0
𪐘	yi	4	0
𪐝	dai	4	0
𪐞	du	4	0
𪐣	yi	3	0
𪐥	tai	4	0
𪐦	hang	1	0
𪐧	shu	4	0
𪐬	wan	2	0
𪐮	su	4	0
𪐯	yao	3	0
𪐰	er	4	0
𪐲	zhen	4	0
𪐺	dou	4	0
𪐻	jian	1	0
𪐿	pang	1	0
𪑀	hui	1	0
𪑂	cha	4	0
𪑃	shan	1	0
𪑄	lu	2	0
𪑅	hui	4	0
𪑆	yu	4	0
𪑈	yan	4	0
𪑉	wan	3	0
𪑊	qiao	4	0
𪑋	luo	1	0
𪑌	yu	4	0
𪑏	tu	2	0
𪑐	wei	4	0
𪑒	tun	4	0
𪑕	hun	3	0
𪑖	ben	1	0
𪑗	qie	4	0
𪑙	jin	1	0
𪑚	lai	2	0
𪑜	zhi	3	0
𪑝	yu	2	0
𪑟	ci	4	0
𪑦	ye	4	0
𪑧	die	2	0
𪑨	cha	4	0
𪑩	dian	4	0
𪑪	man	2	0
𪑬	deng	4	0
𪑭	wei	1	0
𪑮	nian	3	0
𪑯	lei	4	0
𪑰	bing	1	0
𪑱	wu	1	0
𪑳	zhen	3	0
𪑶	rou	2	0
𪑷	wai	4	0
𪑸	mi	4	0
𪑹	jie	4	0
𪑻	hou	2	0
𪑽	zhai	4	0
𪑾	ru	3	0
𪑿	zi	1	0
𪒀	pan	2	0
𪒂	mo	4	0
𪒄	mi	4	0
𪒆	qi	1	0
𪒇	mo	4	0
𪒊	zhi	1	0
𪒋	ban	1	0
𪒍	mie	4	0
𪒏	lu	4	0
𪒑	qi	1	0
𪒒	chong	1	0
𪒔	li	2	0
𪒕	yi	4	0
𪒘	deng	4	0
𪒙	cuo	1	0
𪒛	dui	4	0
𪒜	ma	4	0
𪒝	yan	3	0
𪒟	zeng	4	0
𪒠	yan	3	0
𪒡	dui	4	0
𪒢	pu	1	0
𪒥	yue	4	0
𪒩	huo	4	0
𪒪	mai	4	0
𪒫	jian	3	0
𪒬	nong	2	0
𪒭	qin	2	0
𪒯	qin	2	0
𪒲	ye	4	0
𪒴	tai	2	0
𪒹	jian	1	0
𪒼	cha	2	0
𪒾	dan	4	0
𪒿	teng	2	0
𪓀	li	4	0
𪓃	niang	3	0
𪓄	chan	2	0
𪓅	zang	1	0
𪓊	yu	4	0
𪓌	zui	4	0
𪓍	bian	1	0
𪓐	chu	3	0
𪓘	ran	2	0
𪓚	ran	2	0
𪓛	yang	1	0
𪓜	bo	3	0
𪓡	cu	4	0
𪓬	mi	2	0
𪓮	ke	3	0
𪓰	cu	4	0
𪓷	xi	2	0
𪓹	ma	2	0
𪓻	shi	1	0
𪓼	dian	1	0
𪓿	shi	1	0
𪔂	ding	3	0
𪔃	jiong	1	0
𪔅	yuan	2	0
𪔆	gan	1	0
𪔊	hui	4	0
𪔋	ji	1	0
𪔍	peng	2	0
𪔏	deng	1	0
𪔑	beng	4	0
𪔔	pang	1	0
𪔕	ta	4	0
𪔗	yuan	1	0
𪔘	gao	1	0
𪔙	yuan	1	0
𪔟	jia	1	0
𪔣	kong	1	0
𪔦	dong	4	0
𪔩	xian	2	0
𪔪	qi	4	0
𪔬	sang	1	0
𪔰	yin	4	0
𪔳	long	2	0
𪔶	teng	1	0
𪔷	long	2	0
𪔺	ren	4	0
𪔽	yin	4	0
𪔾	ping	2	0
𪔿	pu	1	0
𪕀	yuan	2	0
𪕁	rong	3	0
𪕃	fang	1	0
𪕇	hang	1	0
𪕈	mi	2	0
𪕉	hu	2	0
𪕊	zi	1	0
𪕌	ling	2	0
𪕍	jiong	1	0
𪕎	rong	3	0
𪕒	ping	2	0
𪕓	guang	1	0
𪕔	er	3	0
𪕝	cu	4	0
𪕞	jun	4	0
𪕦	xiu	3	0
𪕨	er	2	0
𪕩	ti	4	0
𪕫	yang	2	0
𪕭	ai	4	0
𪕮	hu	2	0
𪕯	xi	2	0
𪕱	hu	2	0
𪕳	si	1	0
𪕴	li	3	0
𪕶	yi	4	0
𪕷	gu	3	0
𪕹	tang	2	0
𪖀	que	4	0
𪖁	zong	1	0
𪖂	li	2	0
𪖄	jiao	4	0
𪖇	fan	2	0
𪖈	pu	2	0
𪖉	si	1	0
𪖋	jie	2	0
𪖌	lu	2	0
𪖍	li	4	0
𪖎	chan	2	0
𪖐	yao	4	0
𪖕	hui	1	0
𪖙	hou	1	0
𪖚	dian	1	0
𪖛	qiu	4	0
𪖜	jue	2	0
𪖞	pi	4	0
𪖢	kui	1	0
𪖥	xi	3	0
𪖦	ti	1	0
𪖩	xu	4	0
𪖯	bian	3	0
𪖲	he	1	0
𪖳	lian	2	0
𪖶	su	4	0
𪖷	liao	4	0
𪖼	jin	1	0
𪗁	li	4	0
𪗂	chan	2	0
𪗅	qi	2	0
𪗆	qi	2	0
𪗉	zi	1	0
𪗋	zi	1	0
𪗍	qi	2	0
𪗏	qi	2	0
𪗐	zi	1	0
𪗒	zhai	1	0
𪗓	zhai	1	0
𪗔	pa	4	0
𪗖	ju	1	0
𪗙	yan	3	0
𪗜	hang	2	0
𪗝	na	4	0
𪗤	yan	3	0
𪗦	zhan	4	0
𪗧	shi	3	0
𪗨	zhi	2	0
𪗭	zha	1	0
𪗴	rong	3	0
𪗵	zha	1	0
𪗷	yi	4	0
𪗸	ming	2	0
𪗹	ya	2	0
𪗻	zhi	4	0
𪗽	kuo	4	0
𪗾	xia	2	0
𪘀	pian	2	0
𪘁	ta	4	0
𪘃	yi	3	0
𪘆	xiu	1	0
𪘇	zhai	1	0
𪘉	duo	3	0
𪘊	e	4	0
𪘎	yin	2	0
𪘐	e	4	0
𪘑	suan	1	0
𪘒	an	1	0
𪘓	cuo	2	0
𪘕	tuo	2	0
𪘗	tuo	2	0
𪘘	xia	2	0
𪘛	chuo	4	0
𪘝	suan	1	0
𪘥	ji	4	0
𪘦	qian	3	0
𪘧	zu	2	0
𪘨	zhai	1	0
𪘩	yun	3	0
𪘪	zhan	4	0
𪘬	yi	2	0
𪘲	ya	2	0
𪘳	yue	1	0
𪘹	he	2	0
𪘺	qia	4	0
𪘾	cha	1	0
𪙃	ou	2	0
𪙈	hu	2	0
𪙊	yan	4	0
𪙌	qie	4	0
𪙍	bo	2	0
𪙎	qiang	1	0
𪙏	jie	4	0
𪙛	ni	4	0
𪙞	chan	3	0
𪙟	qin	3	0
𪙡	zao	1	0
𪙤	yin	3	0
𪙥	xie	4	0
𪙧	qi	2	0
𪙨	jian	4	0
𪙫	xu	1	0
𪙭	zeng	4	0
𪙯	e	4	0
𪙳	zu	1	0
𪙴	yi	3	0
𪙹	zhi	2	0
𪙺	li	4	0
𪙽	li	4	0
𪙾	yin	2	0
𪚁	lian	2	0
𪚃	chan	2	0
𪚅	jue	2	0
𪚇	za	2	0
𪚎	zhai	1	0
𪚏	pian	2	0
𪚑	long	2	0
𪚓	long	2	0
𪚘	long	2	0
𪚝	long	2	0
𪚠	long	2	0
𪚢	mang	3	0
𪚥	zhe	2	0
𪚬	gan	4	0
𪚭	gou	1	0
𪚮	ran	2	0
𪚯	cu	4	0
𪚰	jiao	1	0
𪚷	bo	3	0
𪚹	zhu	4	0
𪚺	qiu	1	0
𪚻	yang	1	0
𪛀	xiao	4	0
𪛂	hui	2	0
𪛃	qu	1	0
𪛈	ling	2	0
𪛊	yin	2	0
𪛎	pi	4	0
𪛒	lian	2	0
𪜎	qiao	4	0
𪞝	duo	2	0
𪟎	jian	1	0
𪟝	ji	4	0
𪠀	ku	1	0
𪠏	yan	3	0
𪠟	zhen	3	0
𪠡	sa	1	0
𪠳	che	1	0
𪠵	lun	2	0
𪠸	hu	4	0
𪠽	dang	1	0
𪡀	qiao	2	0
𪡃	mai	3	0
𪡈	bai	2	0
𪡋	yan	3	0
𪡏	zhan	1	0
𪡛	he	2	0
𪡞	kui	4	0
𪡺	lai	4	0
𪢌	lan	2	0
𪢒	shu	4	0
𪢕	chuo	4	0
𪢠	lan	2	0
𪢮	luan	2	0
𪣆	dong	1	0
𪣒	huan	2	0
𪣻	lou	2	0
𪤗	liao	4	0
𪤚	lin	2	0
𪥠	reng	2	0
𪥫	shuang	1	0
𪥰	ning	2	0
𪥿	du	2	0
𪧀	ying	1	0
𪧘	ju	4	0
𪨇	tui	2	0
𪨊	song	2	0
𪨗	jue	1	0
𪨧	lun	2	0
𪨩	ya	4	0
𪨰	qu	1	0
𪨶	she	1	0
𪨷	yan	2	0
𪨹	tuo	2	0
𪩇	lou	3	0
𪩎	ying	3	0
𪩘	yan	3	0
𪩛	nie	4	0
𪩸	fen	2	0
𪪑	qiao	4	0
𪪝	yong	1	0
𪪞	qiang	2	0
𪪴	ze	2	0
𪫌	long	4	0
𪫡	li	4	0
𪫷	chou	2	0
𪫸	que	4	0
𪫺	xian	1	0
𪬚	pin	1	0
𪭝	wei	3	0
𪭢	chuang	1	0
𪭧	er	2	0
𪭯	guai	4	0
𪭵	liang	3	0
𪭾	xian	4	0
𪮃	can	2	0
𪮋	xiao	1	0
𪮖	jue	1	0
𪮶	la	4	0
𪯋	shan	3	0
𪰶	fei	4	0
𪱥	fen	4	0
𪱷	bei	4	0
𪲎	ji	1	0
𪲔	li	4	0
𪲛	ji	4	0
𪲮	fei	4	0
𪳍	she	4	0
𪴙	cuan	2	0
𪴯	e	1	0
𪵑	xiao	1	0
𪵣	xi	4	0
𪵱	li	4	0
𪶄	shi	2	0
𪶒	luo	2	0
𪷍	qing	4	0
𪷽	zan	4	0
𪸕	xi	4	0
𪸩	hui	1	0
𪹀	yi	4	0
𪹳	zhu	2	0
𪹹	ta	4	0
𪺣	dao	4	0
𪺭	qiao	2	0
𪺷	cang	1	0
𪺹	nu	3	0
𪺻	nong	2	0
𪺽	yin	4	0
𪻐	cong	1	0
𪻨	du	2	0
𪻲	kun	1	0
𪻺	gui	1	0
𪼋	bi	3	0
𪽪	zhang	4	0
𪽭	jian	4	0
𪽮	lu	2	0
𪽴	she	4	0
𪽷	yi	4	0
𪾔	xu	3	0
𪾢	xian	4	0
𪾦	lu	2	0
𪾸	pin	2	0
𪿊	ya	4	0
𪿫	pao	4	0
𫀌	shi	1	0
𫀓	min	3	0
𫀨	jian	3	0
𫀬	chu	2	0
𫀮	dang	3	0
𫁂	ba	4	0
𫁟	zhuan	3	0
𫁡	li	4	0
𫁲	wu	2	0
𫁳	wei	3	0
𫁷	shuang	1	0
𫂃	min	3	0
𫂆	gui	4	0
𫂈	fei	4	0
𫂖	ai	4	0
𫂙	su	4	0
𫂿	sa	4	0
𫃗	jiu	1	0
𫃜	kou	4	0
𫄙	jiu	1	0
𫄚	hu	4	0
𫄛	jin	1	0
𫄜	mao	4	0
𫄝	diao	4	0
𫄞	bi	4	0
𫄟	shi	1	0
𫄠	huan	2	0
𫄡	dong	4	0
𫄢	fu	2	0
𫄣	nong	3	0
𫄤	da	5	0
𫄥	li	2	0
𫄦	jie	2	0
𫄧	yan	2	0
𫄨	chi	1	0
𫄩	fan	2	0
𫄪	sang	1	0
𫄫	li	4	0
𫄬	xie	4	0
𫄭	fu	4	0
𫄮	ting	1	0
𫄰	bang	1	0
𫄱	se	4	0
𫄲	mu	4	0
𫄳	xi	3	0
𫄴	lv	4	0
𫄵	beng	1	0
𫄶	qiang	3	0
𫄷	yi	4	0
𫄸	xun	1	0
𫄹	zui	1	0
𫅅	ji	3	0
𫅗	fen	2	0
𫅭	pin	1	0
𫅼	lian	2	0
𫆏	ni	3	0
𫇦	ying	4	0
𫇪	gang	1	0
𫇭	wei	3	0
𫇴	chu	2	0
𫇽	nong	2	0
𫈉	jian	1	0
𫈎	qing	2	0
𫈟	chen	2	0
𫈰	qia	4	0
𫈵	jue	2	0
𫉁	ai	4	0
𫉄	shu	3	0
𫊪	chang	2	0
𫊮	lu	2	0
𫊱	jian	3	0
𫊸	jiao	3	0
𫊻	xun	2	0
𫋇	xiao	1	0
𫋌	te	4	0
𫋐	gong	3	0
𫋲	ou	1	0
𫋷	ze	2	0
𫋹	rao	2	0
𫋻	gui	4	0
𫌀	ji	1	0
𫌇	zhe	3	0
𫌋	shu	4	0
𫌨	luo	2	0
𫌪	mi	4	0
𫌫	lian	4	0
𫌭	wei	2	0
𫌯	jiao	4	0
𫍐	pin	2	0
𫍙	yi	4	0
𫍚	yao	1	0
𫍛	fen	1	0
𫍜	qu	3	0
𫍞	hu	1	0
𫍟	yi	2	0
𫍠	yuan	3	0
𫍡	tuo	2	0
𫍢	nao	2	0
𫍣	tong	2	0
𫍤	jiao	3	0
𫍥	tiao	3	0
𫍦	nong	2	0
𫍧	chi	1	0
𫍨	zhen	4	0
𫍩	hua	4	0
𫍪	ji	4	0
𫍫	yan	4	0
𫍬	wang	3	0
𫍮	qu	1	0
𫍯	xian	2	0
𫍰	xi	3	0
𫍱	zhuan	1	0
𫍲	xiao	3	0
𫍳	zhong	4	0
𫍴	lou	2	0
𫍵	ao	2	0
𫍶	zhi	3	0
𫍷	kui	4	0
𫍸	shan	4	0
𫍹	jie	1	0
𫍺	sha	3	0
𫍻	xi	1	0
𫍼	zhong	4	0
𫍽	xuan	1	0
𫍾	ning	2	0
𫍿	jian	3	0
𫎆	zong	1	0
𫎌	ju	4	0
𫎦	long	4	0
𫎧	gou	4	0
𫎨	lian	4	0
𫎩	chen	1	0
𫎪	chen	4	0
𫎫	dan	4	0
𫎬	gan	4	0
𫎭	cheng	1	0
𫎱	li	4	0
𫎳	bi	4	0
𫎺	can	1	0
𫏃	chang	2	0
𫏆	bo	1	0
𫏋	jue	1	0
𫏌	lai	2	0
𫏐	zan	4	0
𫏑	luo	4	0
𫏕	qing	1	0
𫏨	xian	1	0
𫐄	yue	4	0
𫐅	shan	1	0
𫐆	kuai	4	0
𫐇	na	4	0
𫐈	ba	2	0
𫐉	ling	2	0
𫐊	fan	4	0
𫐋	zhi	4	0
𫐌	ping	2	0
𫐍	tian	2	0
𫐎	yi	3	0
𫐏	zhou	1	0
𫐐	ni	2	0
𫐑	guan	3	0
𫐒	hong	1	0
𫐓	rou	2	0
𫐔	ke	1	0
𫐕	wei	4	0
𫐖	jiao	1	0
𫐗	bu	2	0
𫐘	kan	3	0
𫐙	lei	2	0
𫐷	lou	2	0
𫑘	zhuan	1	0
𫑡	meng	2	0
𫑷	yan	4	0
𫒶	han	2	0
𫓥	ba	1	0
𫓦	zi	3	0
𫓧	fu	1	0
𫓨	guo	1	0
𫓩	cong	1	0
𫓪	qian	1	0
𫓬	za	1	0
𫓭	yang	1	0
𫓮	liu	2	0
𫓯	ji	1	0
𫓰	xu	4	0
𫓱	qiao	2	0
𫓲	jun	1	0
𫓴	mao	2	0
𫓵	shen	4	0
𫓶	xuan	1	0
𫓸	wan	4	0
𫓹	ji	1	0
𫓺	lu	3	0
𫓻	nie	4	0
𫓼	he	2	0
𫓽	cong	2	0
𫓾	yu	4	0
𫔀	lian	4	0
𫔁	fen	2	0
𫔂	di	1	0
𫔄	rou	2	0
𫔅	suo	3	0
𫔆	ba	4	0
𫔇	bi	1	0
𫔈	shuo	4	0
𫔊	xiu	4	0
𫔋	kuan	3	0
𫔌	san	3	0
𫔍	fan	2	0
𫔎	jue	2	0
𫔏	chan	2	0
𫔑	zhan	3	0
𫔔	xi	1	0
𫔖	nong	2	0
𫔭	kai	1	0
𫔯	dou	4	0
𫔰	bian	4	0
𫔱	lan	2	0
𫔲	xiao	1	0
𫔴	lin	4	0
𫔵	zhi	4	0
𫔶	nie	4	0
𫕥	yun	3	0
𫖃	hui	4	0
𫖅	long	2	0
𫖇	xue	1	0
𫖑	qin	2	0
𫖒	bi	4	0
𫖓	bing	3	0
𫖔	bai	4	0
𫖕	gou	1	0
𫖖	zheng	4	0
𫖪	ku	1	0
𫖫	zhen	3	0
𫖬	zhen	3	0
𫖮	yi	3	0
𫖯	fu	3	0
𫖰	duo	3	0
𫖱	gen	3	0
𫖲	hun	4	0
𫖳	yun	1	0
𫖴	ze	2	0
𫖵	yue	4	0
𫖶	qian	1	0
𫖸	yuan	4	0
𫖹	cu	4	0
𫖺	fan	2	0
𫗇	yu	4	0
𫗈	bo	2	0
𫗉	beng	4	0
𫗊	an	4	0
𫗋	se	4	0
𫗚	jian	3	0
𫗞	zhan	1	0
𫗟	yuan	2	0
𫗠	zhang	1	0
𫗢	zuo	4	0
𫗣	bi	4	0
𫗤	shi	4	0
𫗥	yun	4	0
𫗦	bu	4	0
𫗧	su	4	0
𫗨	lang	2	0
𫗩	luo	2	0
𫗪	wei	4	0
𫗫	hu	2	0
𫗬	nuan	3	0
𫗭	wei	4	0
𫗮	huang	2	0
𫗯	hou	2	0
𫗰	dui	1	0
𫗱	lian	2	0
𫗳	qiang	3	0
𫗴	zhan	1	0
𫗵	xiang	3	0
𫘛	han	4	0
𫘜	wen	2	0
𫘝	jue	2	0
𫘞	tuo	2	0
𫘟	po	3	0
𫘠	zhi	4	0
𫘡	jiong	1	0
𫘣	han	4	0
𫘤	ai	2	0
𫘥	kun	1	0
𫘦	tao	2	0
𫘧	lu	4	0
𫘨	ti	2	0
𫘩	huang	2	0
𫘪	yuan	2	0
𫘫	yan	4	0
𫘬	xi	2	0
𫘭	shuang	1	0
𫘮	zhe	2	0
𫘯	ceng	2	0
𫘰	zhan	1	0
𫘱	xi	2	0
𫘽	kuo	4	0
𫚈	xu	4	0
𫚉	hong	2	0
𫚊	yang	2	0
𫚋	zhuan	1	0
𫚌	sha	1	0
𫚍	fen	2	0
𫚎	bing	3	0
𫚏	qiao	2	0
𫚐	yang	1	0
𫚑	bi	4	0
𫚒	fu	2	0
𫚓	lie	4	0
𫚔	hui	2	0
𫚕	shi	1	0
𫚖	ci	3	0
𫚗	ge	2	0
𫚙	pu	1	0
𫚚	zhe	2	0
𫚛	tuo	1	0
𫚜	gui	1	0
𫚝	hua	4	0
𫚞	li	2	0
𫚡	zhou	3	0
𫚢	yan	3	0
𫚣	bian	1	0
𫚤	zi	1	0
𫚥	xia	1	0
𫚦	yong	2	0
𫚧	qiu	2	0
𫚨	bu	4	0
𫚪	yu	4	0
𫚫	sao	1	0
𫚭	lie	4	0
𫛚	jian	1	0
𫛛	zhi	1	0
𫛜	fou	3	0
𫛝	huan	1	0
𫛞	jue	2	0
𫛟	long	2	0
𫛠	zha	2	0
𫛡	fu	2	0
𫛢	ning	2	0
𫛣	yu	4	0
𫛤	jia	1	0
𫛥	jia	2	0
𫛦	wu	1	0
𫛨	pi	2	0
𫛩	yan	4	0
𫛪	ru	2	0
𫛫	yuan	2	0
𫛬	tu	2	0
𫛭	kuang	2	0
𫛮	bie	1	0
𫛯	fang	3	0
𫛰	qi	2	0
𫛱	zhuo	2	0
𫛲	diao	1	0
𫛳	fu	2	0
𫛴	ti	2	0
𫛵	qu	1	0
𫛶	chi	4	0
𫛷	hu	2	0
𫛸	ti	2	0
𫛺	hou	2	0
𫛻	duo	2	0
𫛼	kui	2	0
𫛽	li	4	0
𫛾	chu	2	0
𫜀	chen	2	0
𫜁	bi	4	0
𫜂	zhang	1	0
𫜃	yin	2	0
𫜄	zun	1	0
𫜅	huan	2	0
𫜊	wen	1	0
𫜑	feng	1	0
𫜒	tuo	1	0
𫜔	pi	2	0
𫜕	ku	1	0
𫜙	ying	4	0
𫜟	cu	4	0
𫜨	ba	1	0
𫜩	nie	4	0
𫜪	yao	3	0
𫜬	ze	2	0
𫜭	chu	3	0
𫜮	yan	3	0
𫜯	jie	4	0
𫜰	ya	4	0
𫜲	long	2	0
𫜳	ran	2	0
𫜷	shou	4	0
𫜸	hua	4	0
𫝈	hun	2	0
𫝋	shu	4	0
𫝜	za	3	0
𫝦	bei	4	0
𫝧	shu	4	0
𫝨	hui	1	0
𫝩	chou	2	0
𫝪	gong	4	0
𫝫	lai	2	0
𫝬	kui	4	0
𫝭	ying	1	0
𫝮	lan	3	0
𫝵	dao	3	0
𫞅	xun	2	0
𫞗	min	3	0
𫞚	zi	1	0
𫞛	zhu	1	0
𫞝	jue	2	0
𫞠	ling	2	0
𫞡	rong	2	0
𫞢	zhi	4	0
𫞣	chan	3	0
𫞥	bei	4	0
𫞦	ji	4	0
𫞧	lao	2	0
𫞨	lan	2	0
𫞩	men	2	0
𫞷	kuai	4	0
𫟃	ren	4	0
𫟄	hong	2	0
𫟅	liang	2	0
𫟆	chong	2	0
𫟑	ling	2	0
𫟕	ji	1	0
𫟞	zhi	3	0
𫟟	pan	4	0
𫟠	chan	3	0
𫟡	cong	2	0
𫟢	tan	2	0
𫟤	tuo	2	0
𫟥	keng	1	0
𫟦	sui	4	0
𫟫	li	4	0
𫟬	zhi	4	0
𫟲	qiu	2	0
𫟳	si	4	0
𫟴	fen	1	0
𫟵	yun	3	0
𫟶	shan	4	0
𫟷	li	4	0
𫟸	shi	4	0
𫟹	hong	2	0
𫟺	kai	1	0
𫟻	zhou	1	0
𫟼	da	2	0
𫟽	zu	2	0
𫟾	zu	2	0
𫟿	cha	1	0
𫠀	cu	4	0
𫠁	he	2	0
𫠂	ling	2	0
𫠅	ge	2	0
𫠆	kui	3	0
𫠇	xin	2	0
𫠈	bi	1	0
𫠊	xuan	2	0
𫠋	lu	4	0
𫠌	bang	4	0
𫠏	mu	4	0
𫠐	han	1	0
𫠑	sou	1	0
𫠒	zhang	1	0
𫠜	ni	2	0
𫠥	lou	4	0
𫡑	yin	1	0
𫡬	wo	1	0
𫡶	dan	4	0
𫢒	long	3	0
𫢔	gui	4	0
𫢘	dui	4	0
𫢙	dong	4	0
𫢪	lian	4	0
𫢬	lao	2	0
𫢭	wei	3	0
𫢸	dan	4	0
𫢹	chong	4	0
𫢺	can	1	0
𫣉	lan	2	0
𫣊	ai	4	0
𫣛	qian	1	0
𫣫	su	2	0
𫤸	mao	4	0
𫤽	gan	3	0
𫥍	yan	2	0
𫥳	li	4	0
𫥵	li	4	0
𫥺	ye	4	0
𫥼	ya	1	0
𫦁	suo	3	0
𫦅	xiao	4	0
𫦉	lou	2	0
𫦌	jue	2	0
𫦩	liang	3	0
𫦳	jue	2	0
𫧯	xie	4	0
𫧿	du	2	0
𫨆	xia	2	0
𫩕	hong	1	0
𫩚	gang	1	0
𫩛	cong	2	0
𫩤	ye	4	0
𫩥	huo	4	0
𫩩	chu	1	0
𫩫	ye	4	0
𫩯	hai	2	0
𫩺	jin	4	0
𫪀	guo	1	0
𫪁	lai	4	0
𫪂	yan	2	0
𫪃	li	4	0
𫪄	jian	1	0
𫪘	ou	1	0
𫪚	zan	4	0
𫪧	jiao	1	0
𫪪	zhi	4	0
𫪺	ti	4	0
𫪽	jin	4	0
𫫇	e	4	0
𫫦	dan	4	0
𫫵	lv	4	0
𫫾	pin	2	0
𫬐	sai	3	0
𫬙	gun	4	0
𫬟	die	2	0
𫭞	zhuan	1	0
𫭟	ou	1	0
𫭢	lun	3	0
𫭨	fa	2	0
𫭪	qiao	1	0
𫭮	ce	4	0
𫭯	xun	2	0
𫭲	yan	2	0
𫭼	lao	2	0
𫮃	shan	4	0
𫮅	chen	3	0
𫮜	yin	2	0
𫮬	jiang	4	0
𫯒	nong	2	0
𫯥	huo	4	0
𫯶	yun	1	0
𫰂	duo	3	0
𫰍	wei	2	0
𫰛	xing	2	0
𫰡	hua	4	0
𫰢	hui	4	0
𫰨	mai	2	0
𫰰	xian	1	0
𫰹	gui	1	0
𫱕	lan	4	0
𫱿	qia	1	0
𫲗	zan	4	0
𫲸	feng	1	0
𫳃	ya	1	0
𫵵	yang	2	0
𫵷	li	4	0
𫵸	keng	1	0
𫶇	die	2	0
𫶊	lan	3	0
𫶕	ying	2	0
𫶲	keng	1	0
𫷅	kun	1	0
𫷈	xu	1	0
𫷉	xian	3	0
𫷌	lan	2	0
𫷬	lai	2	0
𫷮	yin	4	0
𫷷	xin	1	0
𫷹	lou	2	0
𫷾	ying	3	0
𫸩	kou	1	0
𫹮	yu	3	0
𫹴	wei	3	0
𫹼	dong	1	0
𫹽	shang	1	0
𫺁	qie	4	0
𫺂	qie	4	0
𫺆	hua	2	0
𫺊	qi	2	0
𫺌	gong	1	0
𫺓	men	4	0
𫺘	lao	4	0
𫺪	yang	3	0
𫺷	nan	2	0
𫻁	xi	4	0
𫼛	diao	4	0
𫼝	chou	1	0
𫼣	pie	1	0
𫼤	ze	4	0
𫼥	hai	1	0
𫼧	hua	2	0
𫼫	bi	4	0
𫼮	nang	3	0
𫼱	gang	1	0
𫼵	lu	3	0
𫼶	suo	3	0
𫽀	na	4	0
𫽁	lian	3	0
𫽇	huo	4	0
𫽊	jiao	3	0
𫽋	luo	2	0
𫽐	jian	1	0
𫽙	kang	2	0
𫽣	jiang	1	0
𫽥	qian	1	0
𫽧	fei	4	0
𫽮	dang	3	0
𫽲	niao	3	0
𫽳	bi	4	0
𫾁	yan	3	0
𫾃	su	4	0
𫾲	li	3	0
𫿗	shu	3	0
𬀥	huo	4	0
𬀩	wei	3	0
𬀪	xian	4	0
𬀮	dui	4	0
𬀱	kai	3	0
𬀷	shang	1	0
𬁵	ou	1	0
𬁺	ya	4	0
𬁽	sun	3	0
𬂀	run	4	0
𬂂	luo	2	0
𬂅	dan	1	0
𬂉	sheng	4	0
𬂠	mo	2	0
𬂩	jia	1	0
𬂮	sha	1	0
𬂰	nong	2	0
𬃀	gui	1	0
𬃊	zhi	4	0
𬃘	er	4	0
𬃦	jian	1	0
𬃫	xian	3	0
𬃮	fei	4	0
𬃲	lin	2	0
𬃳	yan	2	0
𬄩	yin	3	0
𬅢	xia	4	0
𬅥	gua	1	0
𬅫	pen	1	0
𬆛	nao	3	0
𬆦	ji	1	0
𬆮	kou	4	0
𬆾	mao	4	0
𬇃	jian	4	0
𬇄	bin	1	0
𬇇	die	2	0
𬇕	wan	4	0
𬇘	tuan	2	0
𬇙	bei	4	0
𬇰	men	4	0
𬇹	guo	2	0
𬈁	tan	1	0
𬈕	fei	4	0
𬈜	ying	2	0
𬈧	se	4	0
𬈱	po	1	0
𬈾	hua	2	0
𬉂	fen	4	0
𬉇	sha	4	0
𬉋	wei	3	0
𬉠	lan	2	0
𬉧	han	2	0
𬉼	ou	3	0
𬊂	chao	3	0
𬊈	xun	2	0
𬊉	da	2	0
𬊍	chou	2	0
𬊎	gong	4	0
𬊖	mei	3	0
𬊗	jian	1	0
𬊤	chan	3	0
𬊦	shan	3	0
𬊵	tang	3	0
𬊶	lan	4	0
𬊺	wei	1	0
𬊾	ran	2	0
𬋃	lian	4	0
𬋍	lai	4	0
𬌗	he	2	0
𬌝	chu	2	0
𬌮	yao	4	0
𬌷	shan	1	0
𬍙	zhan	3	0
𬍛	li	4	0
𬍡	dang	4	0
𬍤	xun	2	0
𬎆	ying	2	0
𬎑	lan	4	0
𬎧	cong	2	0
𬏜	ma	4	0
𬏟	ji	4	0
𬏦	fei	4	0
𬏫	wen	2	0
𬏮	guo	1	0
𬏷	fen	4	0
𬐚	hai	3	0
𬐠	yang	2	0
𬑆	gun	4	0
𬑇	chang	4	0
𬑍	chou	3	0
𬑏	ying	3	0
𬑒	kou	1	0
𬑓	ye	4	0
𬑔	zhong	4	0
𬑕	hun	4	0
𬑗	xian	2	0
𬑙	mai	4	0
𬑡	chou	3	0
𬑧	mian	2	0
𬒆	ye	4	0
𬒇	lan	4	0
𬒈	que	4	0
𬒍	yun	3	0
𬒎	keng	1	0
𬒔	geng	3	0
𬒕	su	4	0
𬒗	lan	2	0
𬒘	xin	4	0
𬓠	ji	3	0
𬓫	qiu	1	0
𬓱	ben	4	0
𬓸	shai	4	0
𬓼	tui	2	0
𬔯	ou	1	0
𬕂	long	3	0
𬕄	shi	1	0
𬕊	jian	4	0
𬕛	ku	1	0
𬕦	ou	1	0
𬕬	ling	3	0
𬖃	zuan	3	0
𬖑	xian	4	0
𬖖	chou	1	0
𬖘	shi	4	0
𬖠	lou	3	0
𬖮	xian	4	0
𬘓	xun	2	0
𬘔	mie	4	0
𬘕	qiu	2	0
𬘖	jian	3	0
𬘘	dan	3	0
𬘙	yue	4	0
𬘚	wa	4	0
𬘛	qu	1	0
𬘜	zhan	4	0
𬘝	zhen	3	0
𬘞	diao	3	0
𬘟	xian	4	0
𬘠	gai	3	0
𬘡	yin	1	0
𬘢	kuang	4	0
𬘤	lv	3	0
𬘥	quan	2	0
𬘦	pai	4	0
𬘧	ji	4	0
𬘨	zhi	1	0
𬘩	ting	1	0
𬘪	lian	3	0
𬘫	huan	2	0
𬘬	qian	4	0
𬘭	chen	1	0
𬘮	mi	4	0
𬘯	zhun	3	0
𬘰	ruan	3	0
𬘱	yao	1	0
𬘲	zha	3	0
𬘳	xu	1	0
𬘵	geng	1	0
𬘶	qiu	1	0
𬘷	cuo	1	0
𬘸	ni	4	0
𬘺	tao	4	0
𬘻	xia	2	0
𬘼	sui	4	0
𬘽	zhi	4	0
𬘾	shuang	4	0
𬙁	yan	3	0
𬙂	yan	3	0
𬙃	qian	3	0
𬙅	zhu	3	0
𬙆	fan	1	0
𬙇	ran	2	0
𬙈	lin	2	0
𬙉	dan	4	0
𬙊	mo	4	0
𬙋	xiang	1	0
𬙎	lu	2	0
𬙝	bi	4	0
𬙭	wei	3	0
𬚄	su	4	0
𬛸	nie	1	0
𬛹	dang	4	0
𬛼	yu	2	0
𬜔	da	2	0
𬜥	lan	2	0
𬜧	fa	4	0
𬜨	hui	4	0
𬜬	man	4	0
𬜯	liang	3	0
𬜸	huai	2	0
𬜾	xian	2	0
𬜿	guo	2	0
𬝁	yu	2	0
𬝃	lao	2	0
𬝊	si	1	0
𬝋	jie	2	0
𬝠	zei	2	0
𬝯	pin	2	0
𬝴	ran	2	0
𬞋	jian	4	0
𬞕	lan	2	0
𬞘	tui	1	0
𬞟	pin	2	0
𬞣	sen	1	0
𬞫	lan	4	0
𬟁	yi	4	0
𬟪	xi	4	0
𬟺	cong	2	0
𬟽	dong	1	0
𬠃	bi	4	0
𬠅	dang	1	0
𬠈	gong	4	0
𬠐	si	3	0
𬠠	zei	2	0
𬠷	tuo	2	0
𬡇	niao	3	0
𬡍	diao	1	0
𬡎	zhou	4	0
𬡒	jia	2	0
𬡓	die	1	0
𬡔	shi	1	0
𬡕	sha	1	0
𬡠	luo	4	0
𬡷	zan	4	0
𬡻	chan	3	0
𬢇	ha	1	0
𬢈	dong	4	0
𬢉	ci	1	0
𬢊	si	4	0
𬢋	tiao	4	0
𬢌	zhi	4	0
𬢎	du	3	0
𬢏	dan	1	0
𬢐	qi	4	0
𬢑	ying	3	0
𬢒	ming	2	0
𬢔	deng	1	0
𬢪	zhou	1	0
𬢯	ying	1	0
𬢳	can	1	0
𬣀	wei	4	0
𬣙	xu	1	0
𬣚	kou	3	0
𬣛	zhi	4	0
𬣜	hao	4	0
𬣝	jun	4	0
𬣞	zhu	3	0
𬣟	tou	3	0
𬣠	gan	4	0
𬣡	jian	4	0
𬣢	ta	1	0
𬣣	zhu	4	0
𬣤	juan	3	0
𬣥	tao	1	0
𬣦	ao	4	0
𬣧	fei	4	0
𬣨	ya	3	0
𬣩	wei	1	0
𬣪	hui	4	0
𬣬	hui	4	0
𬣭	dang	3	0
𬣮	ming	2	0
𬣯	ren	2	0
𬣰	hui	4	0
𬣱	chou	2	0
𬣲	bing	4	0
𬣳	hen	3	0
𬣶	zha	4	0
𬣷	su	4	0
𬣸	han	4	0
𬣹	cu	4	0
𬣻	ting	4	0
𬣼	lang	3	0
𬣽	lian	2	0
𬣾	zha	1	0
𬣿	lao	2	0
𬤀	xia	4	0
𬤁	tao	2	0
𬤂	tan	4	0
𬤄	can	4	0
𬤅	ji	2	0
𬤆	gun	4	0
𬤇	yin	1	0
𬤉	hui	4	0
𬤊	shi	4	0
𬤋	cong	4	0
𬤌	cha	1	0
𬤍	huang	2	0
𬤎	xuan	1	0
𬤏	duo	2	0
𬤐	ge	1	0
𬤑	ge	2	0
𬤒	ge	2	0
𬤓	chi	1	0
𬤕	ta	4	0
𬤖	gun	4	0
𬤘	chi	4	0
𬤙	hu	1	0
𬤚	ying	1	0
𬤛	chan	3	0
𬤜	zha	1	0
𬤝	hui	4	0
𬤞	yi	4	0
𬤟	liao	2	0
𬤠	yan	2	0
𬤡	ao	4	0
𬤢	zun	3	0
𬤣	dui	4	0
𬤤	zeng	1	0
𬤥	zhuan	4	0
𬤦	yi	2	0
𬤨	zao	4	0
𬤩	ai	4	0
𬤪	ta	4	0
𬤫	hao	2	0
𬤬	tuan	1	0
𬤭	hui	4	0
𬤮	zan	4	0
𬤯	jian	3	0
𬤰	huan	1	0
𬤱	tui	2	0
𬥄	zhe	2	0
𬥈	mao	4	0
𬥳	chuang	4	0
𬥴	han	1	0
𬥵	yi	4	0
𬥶	bi	4	0
𬥷	zheng	4	0
𬥸	chuan	4	0
𬥺	yan	3	0
𬥻	ruan	3	0
𬥼	zhuan	4	0
𬥽	hou	4	0
𬥾	lan	4	0
𬥿	zhan	4	0
𬦅	tang	4	0
𬦆	tuan	2	0
𬦣	li	4	0
𬦥	bei	4	0
𬦧	lun	2	0
𬦩	zou	3	0
𬦫	duo	4	0
𬦯	xie	2	0
𬦴	bing	4	0
𬦵	zhang	1	0
𬦻	guan	4	0
𬧀	qiang	1	0
𬧃	teng	2	0
𬧑	nian	3	0
𬧚	dian	1	0
𬧢	long	3	0
𬧤	lao	4	0
𬧩	guo	2	0
𬨁	mao	2	0
𬨂	qi	2	0
𬨄	yang	3	0
𬨅	nian	3	0
𬨆	gong	3	0
𬨇	kai	3	0
𬨈	wan	3	0
𬨉	tian	2	0
𬨋	zang	4	0
𬨌	pi	4	0
𬨍	ge	2	0
𬨎	you	2	0
𬨏	xu	3	0
𬨐	hui	4	0
𬨑	sang	3	0
𬨒	guang	1	0
𬨓	chao	2	0
𬨔	pi	4	0
𬩎	huo	4	0
𬩽	xun	2	0
𬩾	lai	2	0
𬪍	mao	4	0
𬪧	yu	4	0
𬪨	zhan	3	0
𬪩	nong	2	0
𬪺	guang	4	0
𬬇	zhe	1	0
𬬧	han	4	0
𬬨	hua	2	0
𬬩	yi	4	0
𬬪	kou	4	0
𬬫	pi	1	0
𬬬	wei	2	0
𬬭	lun	2	0
𬬮	chang	3	0
𬬯	ren	2	0
𬬰	qiang	1	0
𬬱	jin	1	0
𬬲	zhao	1	0
𬬳	qi	2	0
𬬵	chen	2	0
𬬷	shi	2	0
𬬸	shu	4	0
𬬹	shen	2	0
𬬺	chu	2	0
𬬻	lu	2	0
𬬽	zuo	2	0
𬬾	ning	2	0
𬬿	zhao	1	0
𬭀	si	4	0
𬭁	mu	3	0
𬭂	hong	2	0
𬭃	pi	1	0
𬭅	xiang	4	0
𬭆	duo	3	0
𬭇	guo	2	0
𬭈	cha	2	0
𬭉	ji	1	0
𬭊	du	4	0
𬭌	hua	2	0
𬭍	han	4	0
𬭎	hong	2	0
𬭏	yang	2	0
𬭑	zi	4	0
𬭓	tian	3	0
𬭔	chuo	4	0
𬭕	diao	1	0
𬭖	peng	2	0
𬭗	nei	4	0
𬭚	chun	2	0
𬭛	bo	1	0
𬭜	lei	4	0
𬭝	san	3	0
𬭞	da	1	0
𬭟	cou	4	0
𬭠	cha	3	0
𬭡	zhao	1	0
𬭢	gui	4	0
𬭣	xian	4	0
𬭤	hou	2	0
𬭥	zong	3	0
𬭦	nou	4	0
𬭨	chui	2	0
𬭩	weng	1	0
𬭪	xia	2	0
𬭫	zhan	3	0
𬭬	hui	4	0
𬭭	qi	1	0
𬭯	pie	3	0
𬭰	yi	2	0
𬭲	suo	3	0
𬭳	xi	3	0
𬭴	jie	2	0
𬭶	hei	1	0
𬭷	cheng	1	0
𬭸	lin	2	0
𬭺	biao	1	0
𬭻	jiao	3	0
𬭼	sui	4	0
𬭽	bi	4	0
𬭿	ji	1	0
𬮁	bo	2	0
𬮃	zuan	3	0
𬮄	jiao	4	0
𬮘	huo	4	0
𬮟	lin	4	0
𬮠	xia	3	0
𬮡	ma	3	0
𬮢	hong	4	0
𬮣	kuang	1	0
𬮤	ge	2	0
𬮥	chu	4	0
𬮨	huo	4	0
𬮩	qi	4	0
𬮪	sha	1	0
𬮭	kui	1	0
𬮯	que	4	0
𬮰	e	1	0
𬮱	yin	1	0
𬮲	yao	3	0
𬮳	ban	3	0
𬮴	an	4	0
𬮵	xian	4	0
𬮹	deng	1	0
𬮺	ma	4	0
𬮻	wu	4	0
𬮿	gai	4	0
𬯀	ji	1	0
𬯅	xia	2	0
𬯎	tui	2	0
𬰃	mu	4	0
𬰡	luo	3	0
𬰣	jian	3	0
𬰤	zhou	4	0
𬰥	liang	3	0
𬰱	jian	1	0
𬰳	die	2	0
𬰶	sui	4	0
𬰷	chan	1	0
𬰸	yu	4	0
𬰺	ye	4	0
𬱓	qiu	2	0
𬱔	you	4	0
𬱕	mo	4	0
𬱖	di	2	0
𬱗	dan	1	0
𬱙	pan	4	0
𬱛	zhuan	4	0
𬱜	lei	4	0
𬱝	gen	3	0
𬱟	wei	3	0
𬱠	gua	1	0
𬱢	wen	4	0
𬱣	cen	2	0
𬱥	hong	1	0
𬱦	qi	1	0
𬱪	yi	2	0
𬱫	ding	4	0
𬱬	san	3	0
𬱭	po	4	0
𬱮	ao	1	0
𬱯	shou	3	0
𬱰	pi	1	0
𬱱	zhan	3	0
𬱳	yu	4	0
𬱵	wei	3	0
𬱷	xue	4	0
𬱸	xue	4	0
𬱼	kai	3	0
𬱽	xuan	4	0
𬱿	guo	2	0
𬲀	hu	1	0
𬲅	liao	2	0
𬲆	yu	4	0
𬲕	jian	3	0
𬲜	cheng	1	0
𬲦	si	4	0
𬲪	song	1	0
𬲫	nian	3	0
𬲭	jie	3	0
𬲮	di	1	0
𬲯	gou	1	0
𬲰	shang	1	0
𬲲	ning	2	0
𬲳	yi	4	0
𬲴	man	3	0
𬲶	ci	2	0
𬲷	en	4	0
𬲸	guo	4	0
𬲹	mang	1	0
𬲺	bao	3	0
𬲻	ti	2	0
𬲼	ye	4	0
𬲾	hu	2	0
𬳀	yi	4	0
𬳁	yao	2	0
𬳂	zhui	4	0
𬳃	bi	4	0
𬳅	sui	3	0
𬳆	jian	1	0
𬳉	da	1	0
𬳊	tao	2	0
𬳋	xi	1	0
𬳌	qiu	3	0
𬳍	tang	2	0
𬳐	chong	2	0
𬳑	ying	3	0
𬳒	deng	4	0
𬳓	yong	1	0
𬳔	mo	2	0
𬳟	fen	2	0
𬳲	chan	3	0
𬳳	fan	1	0
𬳴	peng	1	0
𬳵	pi	1	0
𬳶	jiong	1	0
𬳷	gua	1	0
𬳸	wo	4	0
𬳻	kuang	1	0
𬳽	shen	1	0
𬳾	chi	2	0
𬳿	tu	2	0
𬴀	liang	2	0
𬴁	an	4	0
𬴂	fei	1	0
𬴃	huo	1	0
𬴅	peng	2	0
𬴆	qi	2	0
𬴇	chi	4	0
𬴊	lin	2	0
𬴋	tie	3	0
𬴌	meng	2	0
𬴍	biao	1	0
𬴎	tuo	2	0
𬴏	jian	3	0
𬴐	huan	1	0
𬴨	nao	4	0
𬴩	nong	2	0
𬵨	mi	4	0
𬶀	jie	1	0
𬶁	ren	2	0
𬶂	du	4	0
𬶄	diao	4	0
𬶆	bang	4	0
𬶇	jie	4	0
𬶉	wu	3	0
𬶊	geng	4	0
𬶋	ju	1	0
𬶌	dai	4	0
𬶍	tuo	2	0
𬶎	jie	2	0
𬶏	wei	2	0
𬶐	zhao	4	0
𬶓	ting	2	0
𬶔	kao	4	0
𬶕	ti	2	0
𬶗	lao	2	0
𬶛	shan	4	0
𬶞	hu	2	0
𬶟	la	4	0
𬶠	lian	4	0
𬶢	xing	1	0
𬶣	zha	3	0
𬶤	ti	2	0
𬶦	you	2	0
𬶧	rou	2	0
𬶨	ji	4	0
𬶪	ni	4	0
𬶫	huang	2	0
𬶬	qu	1	0
𬶭	ji	4	0
𬶮	xi	3	0
𬶯	guo	3	0
𬶱	jing	3	0
𬶲	xiang	4	0
𬶴	pu	1	0
𬶵	guan	1	0
𬶺	guan	4	0
𬶻	ba	4	0
𬷕	bu	3	0
𬷼	yi	4	0
𬷽	xiao	1	0
𬷾	hong	2	0
𬸀	wen	2	0
𬸁	ou	3	0
𬸂	ge	1	0
𬸅	chu	2	0
𬸆	sheng	1	0
𬸈	chi	1	0
𬸉	qiong	2	0
𬸊	ren	2	0
𬸌	sha	1	0
𬸍	chou	2	0
𬸎	li	2	0
𬸏	lang	2	0
𬸐	chuang	2	0
𬸑	yue	4	0
𬸒	qi	2	0
𬸕	ying	1	0
𬸖	yan	2	0
𬸘	yan	3	0
𬸙	miao	2	0
𬸚	yue	4	0
𬸛	huang	2	0
𬸜	pian	1	0
𬸝	an	1	0
𬸞	lv	2	0
𬸠	ge	1	0
𬸡	lan	2	0
𬸢	gao	1	0
𬸣	xian	1	0
𬸤	piao	1	0
𬸥	chong	1	0
𬸦	zhuo	2	0
𬸧	yan	4	0
𬸨	qi	1	0
𬸩	ao	3	0
𬸪	fan	2	0
𬸬	kou	4	0
𬸭	ya	4	0
𬸮	kui	2	0
𬸯	pi	4	0
𬸰	he	4	0
𬸱	qu	2	0
𬸵	zhan	4	0
𬸶	chang	1	0
𬸷	cou	4	0
𬸸	bian	4	0
𬸹	gan	4	0
𬸾	qi	2	0
𬹅	cai	2	0
𬹇	bo	2	0
𬹉	hun	2	0
𬹋	hun	2	0
𬹌	nie	2	0
𬹍	mo	4	0
𬹎	shan	4	0
𬹕	zhen	3	0
𬹖	nong	2	0
𬹗	lai	2	0
𬹘	teng	2	0
𬹣	zhu	1	0
𬹺	ya	2	0
𬹻	na	4	0
𬹼	xie	4	0
𬹽	hang	2	0
𬺀	zha	1	0
𬺁	zhi	4	0
𬺂	nie	4	0
𬺃	ai	2	0
𬺄	kuo	4	0
𬺅	chan	3	0
𬺇	cuo	2	0
𬺈	yi	3	0
𬺉	ze	2	0
𬺊	yun	3	0
𬺋	zu	2	0
𬺌	ya	2	0
𬺍	jian	1	0
𬺎	ci	1	0
𬺏	bo	2	0
𬺒	yin	3	0
𬺓	chu	3	0
𬺔	jin	4	0
𬺕	cha	4	0
𬺖	jue	2	0
𬺜	long	2	0
𬺟	yao	4	0
𭀖	li	2	0
𭄛	zuan	1	0
𭇜	po	1	0
𭇯	liu	2	0
𭈈	mu	3	0
𭈉	ying	4	0
𭈮	huan	2	0
𭉨	zui	3	0
𭊸	la	4	0
𭎂	zong	1	0
𭎜	dao	3	0
𭏦	ai	4	0
𭏸	wei	3	0
𭕆	suo	3	0
𭗡	ke	1	0
𭘓	hu	1	0
𭚦	guo	1	0
𭝋	ling	2	0
𭞄	ai	4	0
𭠙	pu	1	0
𭡜	shen	3	0
𭣇	dian	1	0
𭣧	yi	4	0
𭤎	li	2	0
𭤰	yu	2	0
𭧋	tang	3	0
𭩚	yi	3	0
𭩛	men	1	0
𭩰	fa	2	0
𭪆	zhua	1	0
𭫀	kui	4	0
𭫙	di	2	0
𭭈	ya	4	0
𭰎	dang	1	0
𭰒	sha	1	0
𭱊	hong	4	0
𭲫	zhu	2	0
𭴊	mo	2	0
𭹜	luo	2	0
𭻔	lai	2	0
𮀤	lao	2	0
𮀲	geng	4	0
𮆏	lan	2	0
𮇤	ling	2	0
𮉠	qiu	2	0
𮉡	lu	2	0
𮉢	zhi	4	0
𮉣	zuo	2	0
𮉤	gua	4	0
𮉧	liang	3	0
𮉨	gua	1	0
𮉪	zou	1	0
𮉫	rui	2	0
𮉬	cui	4	0
𮉮	sui	4	0
𮉯	cai	4	0
𮏺	du	2	0
𮐚	fan	2	0
𮐨	ying	1	0
𮔂	jie	2	0
𮔅	fu	4	0
𮔊	liang	3	0
𮖁	liang	3	0
𮖱	xie	2	0
𮙊	yin	3	0
𮙋	du	2	0
𮛗	tang	2	0
𮜶	dao	4	0
𮝴	gu	1	0
𮝵	er	2	0
𮝷	fen	2	0
𮝸	chun	1	0
𮝹	huan	4	0
𮝺	ge	2	0
𮠞	qiang	1	0
𮠳	chen	3	0
𮡈	ke	1	0
𮣲	gang	1	0
𮣳	hong	2	0
𮣴	chan	2	0
𮣵	zhui	4	0
𮣶	lv	4	0
𮤫	men	2	0
𮤬	chu	4	0
𮤯	rui	4	0
𮤲	bi	4	0
𮤸	e	2	0
𮧴	chang	4	0
𮧵	wei	3	0
𮨴	feng	1	0
𮨵	liu	4	0
𮩛	bi	4	0
𮩜	hai	4	0
𮩝	ai	4	0
𮩞	yi	4	0
𮪡	mang	2	0
𮪢	hai	4	0
𮪣	zong	1	0
𮪤	cao	3	0
𮪥	dun	1	0
𮫂	ning	2	0
𮬛	xu	4	0
𮬜	yi	4	0
𮬝	gui	4	0
𮬞	can	1	0
𮬟	huo	4	0
𮬠	lu	4	0
𮬡	hua	2	0
𮬢	weng	1	0
𮬣	xian	2	0
𮬤	zhen	1	0
𮭡	jie	4	0
𮭢	yao	1	0
𮭤	mie	4	0
𮭥	gong	1	0
𮭦	chen	2	0
𮭨	yan	4	0
𮭪	shuang	1	0
𮭰	gang	3	0
𮮇	mou	2	0
𮯙	ke	4	0
𮯴	ni	2	0
𮯸	li	4	0
𮰄	chong	3	0
𮰉	ping	2	0
𮰔	wei	2	0
𮰸	yi	3	0
𮰽	lan	3	0
𮰾	qie	4	0
𮰿	xing	2	0
𮱁	yu	3	0
𮱇	lian	2	0
𮱊	luo	2	0
𮱐	wan	1	0
𮱒	yan	4	0
𮱠	jun	4	0
𮱣	tui	2	0
𮱩	yun	4	0
𮱯	dan	1	0
𮱵	qiao	1	0
𮲁	qian	4	0
𮲃	le	4	0
𮲄	tong	4	0
𮲇	guo	2	0
𮲚	wan	4	0
𮲝	yao	1	0
𮲟	xu	3	0
𮲮	shuang	1	0
𮲰	bi	4	0
𮲲	qing	4	0
𮲶	jian	4	0
𮳆	he	2	0
𮳎	lan	2	0
𮳏	xian	4	0
𮳖	yan	4	0
𮳗	shu	1	0
𮳜	yi	4	0
𮳠	feng	4	0
𮳢	zhu	3	0
𮳧	qiao	1	0
𮳳	zong	3	0
𮳴	ye	4	0
𮴔	ye	4	0
𮴕	qing	4	0
𮴨	cong	1	0
𮴼	yan	3	0
𮴿	tian	2	0
𮵅	xi	1	0
𮵑	nao	3	0
𮵠	yi	1	0
𮵮	diao	3	0
𮵱	lai	2	0
𮵿	cha	4	0
𮶁	guan	1	0
𮶂	feng	2	0
𮶃	tao	1	0
𮶔	wei	4	0
𮶙	jian	4	0
𮶬	jian	4	0
𮷅	dong	3	0
𮷇	luo	4	0
𮷈	ji	1	0
𮷊	bo	4	0
𮷍	zhu	4	0
𮷗	dai	4	0
𮷚	zang	4	0
𮷛	hong	1	0
𮷝	tao	1	0
𮷣	yuan	3	0
𮷨	li	4	0
𮷸	yuan	2	0
𮷻	liu	2	0
𮸀	lian	4	0
𮸈	jun	1	0
𮸊	chan	1	0
𮸌	shi	4	0
𮸏	cuan	1	0
𮸐	fang	1	0
𮸕	fu	4	0
𮸗	xian	3	0
𮸛	kai	3	0
𮸞	qi	1	0
𮸟	chang	2	0
𮸠	xian	4	0
𮸥	xie	2	0
𮸦	fu	4	0
𮸧	que	4	0
𮸮	xie	2	0
𮸹	gu	4	0
𮸼	biao	1	0
𮸽	fei	1	0
𮹀	pin	1	0
𮹂	fei	1	0
𮹅	mo	4	0
𮹋	zhou	1	0
𮹌	wen	1	0
𮹘	ying	1	0
𮹙	he	4	0
𮹜	yan	4	0
𮹝	ta	4	0
灰	hui	1	0
𰀡	qian	1	0
𰀢	jian	1	0
𰁜	luan	2	0
𰁧	song	3	0
𰁸	dang	4	0
𰁾	fu	4	0
𰂋	xian	4	0
𰂎	xian	4	0
𰂏	yu	4	0
𰂗	di	4	0
𰂜	tui	3	0
𰂦	lv	3	0
𰂭	si	4	0
𰃆	zan	3	0
𰃮	xue	2	0
𰃷	cang	1	0
𰃻	bi	4	0
𰃿	du	2	0
𰄁	shen	4	0
𰄞	tuan	2	0
𰅔	lv	4	0
𰅥	du	2	0
𰅦	dan	1	0
𰅻	xia	2	0
𰆕	wei	1	0
𰆚	lan	2	0
𰇀	gai	4	0
𰇎	dong	3	0
𰇕	jia	2	0
𰇖	hong	2	0
𰇘	ji	1	0
𰇡	he	2	0
𰇣	xi	1	0
𰇲	tan	3	0
𰇼	shan	1	0
𰈆	lan	3	0
𰈇	chang	2	0
𰈊	dian	3	0
𰈍	chen	4	0
𰈓	lan	4	0
𰈯	za	2	0
𰈶	mo	2	0
𰉁	yan	2	0
𰉄	za	2	0
𰉘	wei	3	0
𰉙	gang	1	0
𰉚	xian	4	0
𰉣	yi	4	0
𰉥	jia	1	0
𰉩	que	4	0
𰉪	ye	4	0
𰉱	jian	3	0
𰉽	xue	2	0
𰊂	zhi	4	0
𰊅	zhan	4	0
𰊈	qiang	3	0
𰊑	xian	4	0
𰊛	kui	2	0
𰊟	man	2	0
𰊡	yan	2	0
𰊢	qian	4	0
𰋖	lou	3	0
𰋸	dang	4	0
𰋹	zhuan	1	0
𰋽	yan	1	0
𰋾	bi	4	0
𰌀	ying	1	0
𰌂	zheng	1	0
𰌆	qian	4	0
𰌇	ze	2	0
𰌉	yun	4	0
𰌙	lan	3	0
𰌦	ya	1	0
𰌷	wei	3	0
𰎌	song	3	0
𰎎	long	2	0
𰎏	dong	1	0
𰎐	lu	2	0
𰎑	ye	4	0
𰎔	yao	2	0
𰎖	ze	4	0
𰎛	kuai	4	0
𰎞	nao	2	0
𰎠	yan	2	0
𰎢	wei	2	0
𰎫	yue	4	0
𰎹	yan	3	0
𰏁	cuan	2	0
𰏓	wu	4	0
𰏕	san	4	0
𰏜	lou	2	0
𰏟	lan	2	0
𰏲	ma	4	0
𰏶	kuai	4	0
𰏼	dai	4	0
𰐾	kuang	3	0
𰑁	tuan	2	0
𰑄	lun	2	0
𰑔	zhi	2	0
𰑕	yan	1	0
𰑙	liu	2	0
𰑟	gong	1	0
𰑥	xian	2	0
𰑧	can	2	0
𰑪	sheng	2	0
𰑫	luo	3	0
𰑬	zhi	4	0
𰑵	di	4	0
𰑸	yi	4	0
𰑿	tang	3	0
𰒆	man	2	0
𰒒	chi	4	0
𰒖	miao	3	0
𰓄	cheng	2	0
𰓆	wu	3	0
𰓔	shan	3	0
𰓙	ye	4	0
𰓜	zhi	4	0
𰓟	za	2	0
𰓧	sun	1	0
𰓬	li	4	0
𰓱	keng	1	0
𰓷	ruan	2	0
𰓻	gui	1	0
𰓼	chan	4	0
𰔇	di	4	0
𰔋	gui	4	0
𰔲	qian	1	0
𰔶	yu	2	0
𰕁	xun	2	0
𰕅	qu	1	0
𰕈	jiao	3	0
𰕐	xie	2	0
𰕭	kuai	4	0
𰖈	yan	3	0
𰖠	nan	4	0
𰖩	li	2	0
𰗆	hui	4	0
𰗓	huang	3	0
𰗖	lun	2	0
𰗙	chou	1	0
𰗚	xie	3	0
𰗛	zhai	2	0
𰗜	yan	3	0
𰗡	chan	3	0
𰗢	hui	1	0
𰗦	jin	3	0
𰗨	shi	2	0
𰗬	qian	1	0
𰗵	shen	3	0
𰗹	su	4	0
𰗺	fen	2	0
𰘀	dai	4	0
𰘈	ju	2	0
𰘓	qing	3	0
𰘠	yan	2	0
𰘣	mian	2	0
𰘩	xiao	1	0
𰘳	lai	4	0
𰘶	su	1	0
𰘸	sou	3	0
𰙋	wu	1	0
𰙎	han	1	0
𰙑	xiao	4	0
𰙕	lou	4	0
𰚔	ning	2	0
𰚦	lv	2	0
𰚪	ran	2	0
𰚱	ye	4	0
𰛊	ma	3	0
𰛏	cong	2	0
𰛒	dong	1	0
𰛛	shan	3	0
𰛡	bi	4	0
𰛣	zhi	2	0
𰛤	zhi	4	0
𰛥	ai	2	0
𰛦	hui	4	0
𰛩	shan	3	0
𰛪	luan	2	0
𰛮	lu	3	0
𰛲	lian	4	0
𰛵	xian	2	0
𰛽	ding	3	0
𰜐	lan	3	0
𰜜	qin	4	0
𰜝	yang	4	0
𰜢	he	4	0
𰜨	jian	4	0
𰜳	ying	2	0
𰝅	ying	2	0
𰝋	yin	1	0
𰝍	hui	1	0
𰝗	jian	3	0
𰝟	xian	3	0
𰝤	xian	3	0
𰝾	chui	3	0
𰞇	yi	4	0
𰞍	jie	2	0
𰞤	jian	1	0
𰞲	bi	4	0
𰞷	zao	4	0
𰞻	fen	2	0
𰟘	yan	4	0
𰠛	jian	1	0
𰠫	gang	1	0
𰠲	keng	1	0
𰠴	yao	3	0
𰠹	pai	2	0
𰡄	lu	2	0
𰡊	xiao	1	0
𰡋	hui	1	0
𰡎	lai	2	0
𰡏	wo	1	0
𰡔	chan	2	0
𰡞	ben	4	0
𰡢	ying	1	0
𰡩	qi	2	0
𰡰	che	1	0
𰡵	lu	2	0
𰡻	nao	3	0
𰡽	shu	2	0
𰢄	su	4	0
𰢢	wu	3	0
𰢤	ying	1	0
𰢦	lou	3	0
𰣦	wei	3	0
𰣩	ning	2	0
𰣬	ji	4	0
𰣯	xian	2	0
𰣶	tui	2	0
𰣼	ji	1	0
𰣽	luan	2	0
𰤓	tang	3	0
𰤕	li	4	0
𰤨	ta	4	0
𰤫	du	2	0
𰤬	du	2	0
𰥊	kan	4	0
𰥒	cong	1	0
𰥛	fen	4	0
𰥞	ying	2	0
𰥠	man	3	0
𰥢	xi	3	0
𰥣	keng	1	0
𰥨	xian	2	0
𰥪	gui	1	0
𰥭	meng	3	0
𰥹	tang	3	0
𰦜	ba	4	0
𰦦	li	4	0
𰦨	hui	3	0
𰦭	long	2	0
𰦰	ze	2	0
𰦴	ya	1	0
𰦷	lao	2	0
𰦾	yan	2	0
𰦿	tuo	2	0
𰧃	jian	4	0
𰧇	xian	2	0
𰧉	zhi	4	0
𰧎	qin	1	0
𰧔	jian	1	0
𰧘	zhu	1	0
𰧰	yang	2	0
𰧻	gui	4	0
𰧾	nong	2	0
𰨖	ti	2	0
𰨜	kuang	4	0
𰨦	ji	4	0
𰨳	zi	1	0
𰩅	long	3	0
𰩏	tiao	3	0
𰩓	cheng	1	0
𰩧	xu	1	0
𰩮	tuan	2	0
𰩲	lu	2	0
𰩸	jiao	1	0
𰩹	dang	4	0
𰩺	yue	1	0
𰩻	zhua	1	0
𰪊	zhong	1	0
𰪏	lu	4	0
𰪣	ying	2	0
𰪫	tuan	2	0
𰪭	zhang	1	0
𰪶	tuan	2	0
𰫋	men	2	0
𰫖	lan	4	0
𰫼	zheng	3	0
𰫽	fou	2	0
𰬀	ji	4	0
𰬃	lie	4	0
𰬅	fu	1	0
𰬆	qu	2	0
𰬇	zhu	4	0
𰬈	xian	2	0
𰬉	tuo	2	0
𰬋	hong	2	0
𰬌	geng	1	0
𰬍	xie	2	0
𰬎	bi	4	0
𰬏	zhu	1	0
𰬐	qiao	1	0
𰬑	zheng	1	0
𰬒	ci	4	0
𰬓	gai	1	0
𰬔	beng	1	0
𰬖	cheng	2	0
𰬗	qiu	2	0
𰬘	fu	2	0
𰬙	chen	1	0
𰬚	yun	2	0
𰬛	zhen	4	0
𰬜	mian	3	0
𰬞	qin	1	0
𰬟	yu	4	0
𰬠	hua	4	0
𰬡	qie	4	0
𰬢	qi	1	0
𰬣	xi	1	0
𰬤	bi	4	0
𰬥	zong	3	0
𰬦	hu	1	0
𰬧	tian	2	0
𰬩	xiu	4	0
𰬪	shan	1	0
𰬫	zhi	4	0
𰬬	miao	2	0
𰬭	beng	3	0
𰬮	qian	4	0
𰬯	zong	1	0
𰬰	zong	3	0
𰬱	suo	3	0
𰬲	quan	2	0
𰬳	ni	4	0
𰬴	zai	4	0
𰬵	xuan	4	0
𰬶	qie	4	0
𰬷	san	3	0
𰬸	sui	4	0
𰬹	zuan	3	0
𰬺	zun	1	0
𰬻	yu	4	0
𰬼	la	4	0
𰬽	xie	4	0
𰬾	lian	2	0
𰬿	pu	2	0
𰭀	you	1	0
𰭁	cong	1	0
𰭄	guan	4	0
𰭔	juan	4	0
𰭚	lou	2	0
𰭢	sha	4	0
𰭣	dao	4	0
𰭹	long	2	0
𰮅	xiang	1	0
𰮇	hu	1	0
𰮙	zhu	4	0
𰮝	xiao	1	0
𰮲	sou	1	0
𰯋	ni	2	0
𰯎	man	2	0
𰯲	jian	1	0
𰰆	tan	1	0
𰰋	shuang	1	0
𰰌	zhou	1	0
𰰏	dai	4	0
𰰑	lou	2	0
𰰠	xu	4	0
𰰢	tang	1	0
𰰤	qiu	1	0
𰰨	lun	2	0
𰰮	kui	1	0
𰰱	dui	4	0
𰰳	shi	1	0
𰰴	qi	3	0
𰰵	sha	1	0
𰰶	za	2	0
𰰷	fu	4	0
𰰹	liu	2	0
𰰺	she	4	0
𰰾	ke	1	0
𰱀	gong	4	0
𰱇	jian	1	0
𰱈	yong	3	0
𰱉	meng	2	0
𰱌	na	4	0
𰱍	fen	2	0
𰱐	xu	4	0
𰱑	jian	4	0
𰱛	zhong	1	0
𰱝	xiang	4	0
𰱟	fen	2	0
𰱦	fu	4	0
𰱩	lv	2	0
𰱮	lv	2	0
𰱯	bei	1	0
𰱱	ci	2	0
𰱲	zhi	1	0
𰱾	lai	4	0
𰲁	tui	2	0
𰲂	teng	2	0
𰲒	lei	4	0
𰲟	wu	1	0
𰲠	zhan	4	0
𰲫	wu	2	0
𰲬	che	1	0
𰲮	qian	3	0
𰲯	zong	1	0
𰲰	lun	2	0
𰲲	gui	3	0
𰲳	zhan	4	0
𰲴	long	2	0
𰲵	ze	2	0
𰲶	xing	1	0
𰲸	e	4	0
𰲹	yi	3	0
𰲺	guo	4	0
𰲻	da	2	0
𰳁	ji	1	0
𰳂	jian	4	0
𰳄	chen	2	0
𰳊	fei	2	0
𰳗	ying	1	0
𰳚	wei	4	0
𰳲	long	2	0
𰳵	yi	4	0
𰳸	dui	4	0
𰳹	yan	3	0
𰳺	nong	2	0
𰳼	shi	1	0
𰴂	sen	1	0
𰴕	mie	4	0
𰴖	shao	4	0
𰴗	li	4	0
𰴘	jian	4	0
𰴙	jun	1	0
𰴚	lou	2	0
𰴛	dou	1	0
𰴜	qu	1	0
𰴝	luo	2	0
𰴞	qu	1	0
𰴢	li	4	0
𰴣	xue	2	0
𰴤	dai	3	0
𰴯	ying	2	0
𰵊	jiao	4	0
𰵌	yang	2	0
𰵍	zhun	4	0
𰵎	you	2	0
𰵏	chao	1	0
𰵐	fan	3	0
𰵑	e	2	0
𰵒	chen	2	0
𰵓	xu	4	0
𰵔	yi	4	0
𰵖	yi	4	0
𰵗	yang	4	0
𰵙	die	2	0
𰵚	ling	2	0
𰵛	gou	4	0
𰵜	tao	2	0
𰵝	he	2	0
𰵞	yong	3	0
𰵠	nao	2	0
𰵡	keng	1	0
𰵢	jia	2	0
𰵣	he	2	0
𰵤	e	4	0
𰵥	yi	2	0
𰵦	xiao	4	0
𰵧	zhi	4	0
𰵨	zhan	1	0
𰵩	bu	1	0
𰵫	dou	4	0
𰵬	bie	2	0
𰵭	chan	2	0
𰵮	e	2	0
𰵯	shua	4	0
𰵰	xing	4	0
𰵱	chen	1	0
𰵲	qi	1	0
𰵳	zhuo	2	0
𰵴	chu	4	0
𰵵	ni	4	0
𰵶	zhui	4	0
𰵷	zhuo	2	0
𰵸	ta	4	0
𰵹	nie	4	0
𰵺	yuan	2	0
𰵻	hua	2	0
𰵼	huo	4	0
𰵽	tao	1	0
𰵾	xi	3	0
𰵿	he	4	0
𰶀	yu	2	0
𰶁	yi	2	0
𰶂	cong	4	0
𰶃	xi	2	0
𰶄	zha	1	0
𰶅	hao	4	0
𰶆	han	4	0
𰶇	tuo	1	0
𰶈	chi	2	0
𰶉	tan	2	0
𰶊	yi	1	0
𰶌	nou	4	0
𰶍	juan	4	0
𰶎	se	4	0
𰶏	yao	4	0
𰶑	long	2	0
𰶔	du	2	0
𰶨	mi	4	0
𰶬	lou	2	0
𰷞	te	4	0
𰷠	yi	4	0
𰷡	wan	2	0
𰷢	chi	2	0
𰷤	sui	4	0
𰷥	cong	2	0
𰷦	fei	4	0
𰷧	jin	4	0
𰷨	kui	4	0
𰷩	sheng	4	0
𰷪	yi	4	0
𰷫	biao	1	0
𰷬	zhuan	4	0
𰷭	zang	1	0
𰷮	xuan	4	0
𰷴	li	4	0
𰷵	qiao	1	0
𰷶	qiao	2	0
𰷸	du	2	0
𰸇	shuang	1	0
𰸈	die	2	0
𰸊	gui	4	0
𰸎	chan	3	0
𰸐	xi	3	0
𰸔	lian	2	0
𰸚	dai	4	0
𰸛	chi	4	0
𰸞	tui	2	0
𰹀	duo	3	0
𰹲	wei	4	0
𰹳	chun	1	0
𰹴	fan	4	0
𰹵	yi	3	0
𰹶	kuang	2	0
𰹷	yue	4	0
𰹸	tun	2	0
𰹺	fan	3	0
𰹻	ba	1	0
𰹼	zhan	4	0
𰹽	peng	1	0
𰹾	xian	4	0
𰹿	rong	3	0
𰺀	di	3	0
𰺁	qu	2	0
𰺂	pao	2	0
𰺃	dui	4	0
𰺄	gong	3	0
𰺅	ju	2	0
𰺆	hong	1	0
𰺇	wan	4	0
𰺈	yin	3	0
𰺉	qian	4	0
𰺊	ling	2	0
𰺋	zhe	2	0
𰺌	lu	4	0
𰺍	guo	3	0
𰺎	pai	2	0
𰺏	peng	2	0
𰺐	kan	3	0
𰺑	yuan	1	0
𰺒	chuan	2	0
𰺓	fu	4	0
𰺔	zong	3	0
𰺕	duo	2	0
𰺖	zhen	1	0
𰺗	jian	4	0
𰺘	keng	1	0
𰺙	se	4	0
𰺚	er	2	0
𰺛	lao	3	0
𰺜	fan	1	0
𰺝	chong	1	0
𰺞	zhan	4	0
𰺟	ji	2	0
𰺠	nie	4	0
𰺡	xia	2	0
𰺢	luo	4	0
𰺣	lin	4	0
𰺤	min	2	0
𰺨	huo	4	0
𰺭	chen	2	0
𰺲	dang	4	0
𰺷	rao	4	0
𰻆	di	4	0
𰻝	biang	2	0
𰻞	biang	2	0
𰻡	xu	3	0
𰻦	wei	2	0
𰻮	qiao	1	0
𰻳	bi	4	0
𰼅	yi	4	0
𰼋	lao	2	0
𰼏	lan	4	0
𰼑	mi	2	0
𰼻	qing	1	0
𰽕	ji	1	0
𰽖	ba	1	0
𰽗	hua	2	0
𰽘	di	4	0
𰽚	kuang	4	0
𰽛	qiao	3	0
𰽜	ou	1	0
𰽝	li	4	0
𰽞	e	4	0
𰽠	zhi	3	0
𰽡	ri	4	0
𰽢	xian	4	0
𰽣	yin	3	0
𰽥	bing	3	0
𰽦	long	2	0
𰽧	pi	1	0
𰽨	zhai	3	0
𰽩	ka	3	0
𰽫	sheng	1	0
𰽬	he	2	0
𰽭	gou	1	0
𰽮	fu	2	0
𰽯	zhu	4	0
𰽰	ban	4	0
𰽱	fu	2	0
𰽲	ji	2	0
𰽳	qin	1	0
𰽴	kua	3	0
𰽵	guang	1	0
𰽶	tong	2	0
𰽷	hui	4	0
𰽸	pi	1	0
𰽹	chi	3	0
𰽺	gui	3	0
𰽻	ren	2	0
𰽼	bing	3	0
𰽽	rong	2	0
𰽾	guo	3	0
𰽿	zhe	2	0
𰾀	bo	2	0
𰾁	hong	4	0
𰾃	zhuo	2	0
𰾄	mei	2	0
𰾅	han	2	0
𰾆	yu	4	0
𰾇	tun	1	0
𰾈	sha	1	0
𰾊	cong	1	0
𰾌	jian	4	0
𰾍	biao	3	0
𰾎	pi	1	0
𰾏	tao	2	0
𰾐	fei	4	0
𰾑	qian	1	0
𰾒	guan	3	0
𰾓	ta	4	0
𰾕	ye	4	0
𰾖	duo	4	0
𰾗	zhen	1	0
𰾘	chen	3	0
𰾙	yu	2	0
𰾚	wei	3	0
𰾛	jie	4	0
𰾜	duan	1	0
𰾝	sheng	1	0
𰾞	zong	1	0
𰾟	fu	4	0
𰾡	hong	1	0
𰾢	shi	1	0
𰾤	xia	2	0
𰾥	kui	2	0
𰾦	zuan	3	0
𰾩	ye	4	0
𰾪	ya	1	0
𰾫	jian	4	0
𰾬	da	2	0
𰾭	ai	4	0
𰾮	lian	2	0
𰾯	tang	2	0
𰾰	cui	1	0
𰾱	zong	3	0
𰾲	lu	4	0
𰾳	lan	2	0
𰾴	si	1	0
𰾶	hui	4	0
𰾷	zan	1	0
𰾸	ding	3	0
𰾹	juan	1	0
𰾻	tian	2	0
𰾼	quan	1	0
𰾽	zhu	2	0
𰾾	nie	4	0
𰾿	la	4	0
𰿁	ao	2	0
𰿂	xu	1	0
𰿃	mie	4	0
𰿄	lei	2	0
𰿆	zuan	1	0
𰿇	zha	2	0
𰿈	jian	1	0
𰿉	lei	3	0
𰿊	luo	2	0
𰿦	zhen	4	0
𰿨	guan	3	0
𰿩	xia	1	0
𰿪	xie	4	0
𰿫	wei	3	0
𰿬	peng	1	0
𰿰	zuan	1	0
𰿳	sha	1	0
𰿴	ya	4	0
𰿵	yu	2	0
𰿹	guang	1	0
𰿺	tang	2	0
𰿻	xi	4	0
𰿾	pi	4	0
𱀑	zhi	4	0
𱀡	fen	2	0
𱁒	dui	4	0
𱁞	wan	1	0
𱁱	yang	2	0
𱁳	duo	2	0
𱁴	bi	4	0
𱁶	qian	1	0
𱁷	du	2	0
𱁹	gui	4	0
𱁺	lou	2	0
𱁽	lan	2	0
𱁾	lan	2	0
𱂃	sa	3	0
𱂄	mei	4	0
𱂅	bi	4	0
𱂆	ge	2	0
𱂇	quan	4	0
𱂈	yun	4	0
𱂉	qiao	4	0
𱂊	she	4	0
𱂋	du	2	0
𱂌	hu	4	0
𱂍	dui	4	0
𱂎	xie	4	0
𱂐	yun	4	0
𱂠	duo	2	0
𱂡	ku	1	0
𱂢	zhuo	1	0
𱂣	yao	2	0
𱂤	hui	4	0
𱂥	e	2	0
𱂦	ping	1	0
𱂧	lei	4	0
𱂨	e	4	0
𱂩	fu	4	0
𱂫	yan	3	0
𱂬	kui	2	0
𱂭	chui	2	0
𱂮	pi	3	0
𱂯	cui	4	0
𱂰	han	4	0
𱂱	kan	3	0
𱂲	sai	1	0
𱂳	gao	3	0
𱂴	jiang	3	0
𱂵	kui	1	0
𱂶	xin	4	0
𱂷	zhan	1	0
𱂸	bin	1	0
𱂺	piao	3	0
𱂻	qiao	2	0
𱃔	biao	1	0
𱃕	xia	1	0
𱃖	you	3	0
𱃗	tai	2	0
𱃘	lie	4	0
𱃙	liu	2	0
𱃚	li	4	0
𱃜	rui	2	0
𱃝	xiu	1	0
𱃞	yu	2	0
𱃟	xi	2	0
𱃠	biao	1	0
𱃱	xi	4	0
𱃲	yu	4	0
𱃳	bo	2	0
𱃴	fan	4	0
𱃵	ying	3	0
𱃷	ban	3	0
𱃸	zhi	4	0
𱃹	en	4	0
𱃺	tian	3	0
𱃼	fen	1	0
𱃽	e	4	0
𱃾	bu	4	0
𱃿	tan	2	0
𱄀	fen	1	0
𱄁	tou	3	0
𱄃	jian	4	0
𱄄	hui	4	0
𱄆	xi	1	0
𱄇	shang	3	0
𱄈	meng	2	0
𱄉	en	4	0
𱄊	zan	4	0
𱄼	zhu	4	0
𱄽	zhe	2	0
𱄾	guang	1	0
𱄿	du	2	0
𱅀	bao	3	0
𱅁	zhi	2	0
𱅂	sa	4	0
𱅃	ju	4	0
𱅄	ba	2	0
𱅅	long	2	0
𱅇	zhen	3	0
𱅈	bi	4	0
𱅉	rong	2	0
𱅊	zhi	4	0
𱅋	er	3	0
𱅍	xu	4	0
𱅎	fu	2	0
𱅏	tao	2	0
𱅐	bo	2	0
𱅓	bo	2	0
𱅔	song	3	0
𱅕	lai	2	0
𱅖	xuan	1	0
𱅗	e	3	0
𱅙	tui	4	0
𱅚	she	4	0
𱅛	tuo	2	0
𱅜	yao	3	0
𱅝	pian	4	0
𱅞	xia	2	0
𱅟	rou	2	0
𱅠	han	4	0
𱅡	gui	1	0
𱅢	cheng	2	0
𱅣	tao	1	0
𱅤	pin	1	0
𱅦	huang	2	0
𱅧	xu	1	0
𱅩	xi	2	0
𱅪	dian	4	0
𱅫	yu	4	0
𱅬	yan	4	0
𱅮	xiao	1	0
𱆀	qian	1	0
𱆁	qian	1	0
𱆃	kui	4	0
𱆄	fei	4	0
𱆅	lan	2	0
𱆆	man	2	0
𱆈	zuan	3	0
𱆌	shang	1	0
𱆍	chao	3	0
𱆙	chao	1	0
𱆚	kui	3	0
𱆛	chou	3	0
𱆥	dan	1	0
𱇍	ya	4	0
𱇏	tuo	1	0
𱇐	yuan	2	0
𱇑	bei	4	0
𱇒	pi	2	0
𱇓	hu	2	0
𱇔	na	4	0
𱇕	yu	2	0
𱇖	ban	3	0
𱇗	lun	2	0
𱇘	hang	2	0
𱇙	shen	3	0
𱇚	mo	4	0
𱇛	wei	4	0
𱇜	qu	1	0
𱇝	pi	1	0
𱇞	shan	4	0
𱇟	xia	2	0
𱇠	qiu	2	0
𱇡	xing	1	0
𱇢	gun	3	0
𱇣	bo	1	0
𱇤	you	3	0
𱇥	geng	4	0
𱇦	ku	1	0
𱇧	yi	2	0
𱇨	shu	1	0
𱇩	jiao	3	0
𱇪	luo	4	0
𱇫	ru	2	0
𱇬	yi	2	0
𱇭	lai	2	0
𱇮	mang	2	0
𱇯	shao	1	0
𱇰	ye	4	0
𱇱	tiao	2	0
𱇲	fu	1	0
𱇳	suo	1	0
𱇴	na	4	0
𱇵	ji	4	0
𱇶	lu	4	0
𱇷	cuo	4	0
𱇸	ying	4	0
𱇹	zhi	4	0
𱇺	ji	4	0
𱇻	xian	4	0
𱇼	jiu	4	0
𱇽	ju	2	0
𱇾	zong	1	0
𱇿	su	4	0
𱈀	ju	4	0
𱈁	shan	1	0
𱈂	yu	2	0
𱈃	wei	4	0
𱈄	hou	2	0
𱈅	zong	1	0
𱈆	lou	2	0
𱈇	geng	4	0
𱈈	geng	4	0
𱈉	qian	2	0
𱈊	liu	2	0
𱈋	hao	4	0
𱈌	xiu	1	0
𱈍	ruo	4	0
𱈎	sang	3	0
𱈏	zhu	2	0
𱈐	zhuan	1	0
𱈑	hui	1	0
𱈒	si	1	0
𱈓	xun	2	0
𱈔	cen	2	0
𱈕	fan	1	0
𱈖	lai	4	0
𱈗	ru	2	0
𱈘	chang	2	0
𱈙	mie	4	0
𱈚	e	4	0
𱈛	meng	2	0
𱈜	xian	1	0
𱉇	yi	3	0
𱉈	diao	1	0
𱉊	gan	1	0
𱉋	han	4	0
𱉌	yi	2	0
𱉍	yu	4	0
𱉎	fu	1	0
𱉏	tuan	2	0
𱉐	ju	2	0
𱉑	ban	1	0
𱉒	huan	1	0
𱉓	hu	4	0
𱉔	jue	2	0
𱉕	ge	1	0
𱉖	pi	2	0
𱉗	dan	4	0
𱉘	ju	1	0
𱉙	zhi	3	0
𱉚	die	2	0
𱉛	zhi	4	0
𱉜	fu	1	0
𱉝	bi	1	0
𱉞	wu	3	0
𱉟	ze	2	0
𱉠	jing	1	0
𱉡	bian	3	0
𱉢	yao	3	0
𱉣	song	1	0
𱉤	gui	4	0
𱉥	jia	2	0
𱉦	lao	3	0
𱉧	yuan	1	0
𱉨	ya	1	0
𱉩	ti	2	0
𱉪	ai	4	0
𱉫	zhu	1	0
𱉬	jiao	1	0
𱉭	gui	3	0
𱉮	luo	4	0
𱉯	yang	2	0
𱉰	yu	4	0
𱉱	kun	1	0
𱉲	mou	2	0
𱉳	mai	3	0
𱉴	yang	2	0
𱉵	lai	2	0
𱉶	han	4	0
𱉷	yi	4	0
𱉸	tu	2	0
𱉹	xi	1	0
𱉺	fu	2	0
𱉻	tuo	3	0
𱉼	ji	2	0
𱉽	ji	4	0
𱉾	jun	4	0
𱉿	jun	4	0
𱊀	lu	4	0
𱊁	qi	2	0
𱊂	ming	2	0
𱊃	li	2	0
𱊄	yi	4	0
𱊅	zhui	1	0
𱊆	tu	4	0
𱊇	ju	2	0
𱊈	yi	4	0
𱊊	kong	1	0
𱊋	jian	1	0
𱊌	ju	1	0
𱊍	duo	4	0
𱊎	zi	1	0
𱊏	fu	2	0
𱊐	jie	1	0
𱊑	chun	1	0
𱊒	yuan	2	0
𱊓	mo	4	0
𱊕	ti	2	0
𱊖	tu	2	0
𱊗	rou	2	0
𱊘	chuan	4	0
𱊙	zhen	4	0
𱊚	tian	2	0
𱊛	sun	3	0
𱊜	niao	3	0
𱊝	tang	2	0
𱊟	xia	2	0
𱊠	tu	2	0
𱊡	yao	3	0
𱊢	ji	2	0
𱊣	an	1	0
𱊤	yong	1	0
𱊥	shang	1	0
𱊦	yi	4	0
𱊧	jue	2	0
𱊩	tu	2	0
𱊪	ling	2	0
𱊫	yu	2	0
𱊬	chu	3	0
𱊭	yu	4	0
𱊮	luo	2	0
𱊯	ji	1	0
𱊰	yi	4	0
𱊱	di	2	0
𱊲	bu	3	0
𱊳	lei	3	0
𱊵	yue	4	0
𱊺	lu	3	0
𱊻	lu	3	0
𱊼	chuai	4	0
𱊽	huai	2	0
𱋆	shan	4	0
𱋇	he	2	0
𱋈	kuang	4	0
𱋊	mo	4	0
𱋋	qu	4	0
𱋍	tou	3	0
𱋎	hua	2	0
𱋐	qu	1	0
𱋓	ge	2	0
𱋔	bing	3	0
𱋕	chao	3	0
𱋖	fu	1	0
𱋗	fu	1	0
𱋘	sha	1	0
𱋙	guo	3	0
𱋜	chao	3	0
𱋝	bu	4	0
𱋡	lou	3	0
𱋢	chao	3	0
𱋪	zhi	2	0
𱋫	kuang	4	0
𱋬	lian	2	0
𱋮	meng	2	0
𱋱	fen	2	0
𱋴	chan	3	0
𱋶	lu	2	0
𱋾	cu	4	0
𱋿	qu	4	0
𱌀	yang	1	0
𱌁	qu	2	0
𱌃	wa	1	0
𱌄	zhi	1	0
𱌅	mi	2	0
𱌆	meng	3	0
𱌇	bie	1	0
𱌈	ma	2	0
𱌉	bi	4	0
𱌊	chang	1	0
𱌏	hun	2	0
𱌖	nong	4	0
𱌗	ji	4	0
𱌘	zi	1	0
𱌙	zi	1	0
𱌫	yan	3	0
𱌬	ze	2	0
𱌭	zou	1	0
𱌮	chu	1	0
𱌯	chi	1	0
𱌰	yao	3	0
𱌱	xie	4	0
𱌲	quan	2	0
𱌳	yun	3	0
𱌴	zhai	1	0
𱌵	zhan	1	0
𱌶	zou	1	0
𱌷	yi	2	0
𱌸	ji	4	0
𱌹	ou	2	0
𱌺	dian	1	0
𱌽	yi	4	0
𱍁	gong	1	0
𱍂	da	2	0
𱍄	ran	2	0
𱍅	gou	1	0
𱍆	jiao	1	0
𱍇	tong	2	0
𱍈	bie	1	0
𱍐	qi	2	0
𱍕	pa	1	0
𱍛	ao	2	0
𱎠	si	3	0
𱎶	kua	3	0
𱎼	ge	3	0
𱏅	ji	2	0
𱏋	an	1	0
𱏤	lu	1	0
𱏱	lao	3	0
𱐏	gu	4	0
𱐙	chan	3	0
𱐛	tuo	3	0
𱐿	wai	4	0
𱑖	guan	1	0
𱓰	ri	4	0
𱔯	zhan	4	0
𱕰	lei	2	0
𱖀	hong	1	0
𱖅	bian	3	0
𱖇	gan	1	0
𱖎	ao	4	0
𱖑	ju	4	0
𱖒	shan	4	0
𱖕	zhuai	3	0
𱖖	tu	1	0
𱖙	hen	4	0
𱖝	zai	4	0
𱖞	zai	4	0
𱖟	kuang	1	0
𱖧	chong	1	0
𱖫	wu	2	0
𱖭	gong	4	0
𱖰	tuo	2	0
𱖲	jian	4	0
𱖷	cheng	2	0
𱖼	pai	2	0
𱖽	zhong	1	0
𱗂	sa	3	0
𱗃	hun	1	0
𱗅	niao	4	0
𱗉	wa	1	0
𱗋	ge	2	0
𱗌	la	4	0
𱗎	you	1	0
𱗕	qiu	1	0
𱗖	zhong	3	0
𱗚	yong	3	0
𱗞	ku	1	0
𱗟	ling	2	0
𱗢	huang	3	0
𱗤	gao	1	0
𱘆	hai	3	0
𱘉	lian	2	0
𱘭	nang	3	0
𱘮	fen	1	0
𱘲	tuo	1	0
𱙧	xu	1	0
𱚝	zha	3	0
𱚦	mao	1	0
𱚯	mo	4	0
𱚱	a	1	0
𱛆	niao	5	0
𱛍	lun	2	0
𱛒	hong	2	0
𱛓	long	2	0
𱛔	le	4	0
𱛧	hao	1	0
𱛨	hong	4	0
𱛬	shi	2	0
𱛹	ye	1	0
𱛽	duan	4	0
𱜀	nang	4	0
𱜒	xie	4	0
𱜬	liang	4	0
𱝃	shua	3	0
𱝄	sao	1	0
𱝉	tong	4	0
𱝴	hu	2	0
𱞌	hua	1	0
𱞝	qie	4	0
𱟫	chan	4	0
𱠏	kang	1	0
𱠸	yuan	2	0
𱢡	huan	2	0
𱣂	wu	1	0
𱣄	hui	2	0
𱣑	rou	4	0
𱣕	qi	3	0
𱣹	zang	4	0
𱣻	he	4	0
𱤑	gui	1	0
𱤗	ge	2	0
𱤦	luan	3	0
𱤭	peng	4	0
𱤺	beng	1	0
𱥟	yue	4	0
𱥣	ruo	4	0
𱥰	ya	1	0
𱥷	na	4	0
𱦈	gui	3	0
𱧚	lian	3	0
𱧴	mai	4	0
𱨙	zha	1	0
𱨸	kuo	4	0
𱩂	ying	1	0
𱩉	wu	4	0
𱩽	e	4	0
𱪿	xun	1	0
𱬏	lian	4	0
𱭰	weng	3	0
𱮒	sang	1	0
𱮜	tan	1	0
𱮴	gang	1	0
𱮷	cang	4	0
𱮿	bang	1	0
𱯧	fu	4	0
𱰎	sheng	1	0
𱰗	che	2	0
𱰤	qin	2	0
𱰥	lei	1	0
𱰭	zi	1	0
𱰮	ling	3	0
𱱚	xi	1	0
𱱭	yan	1	0
𱱱	jue	2	0
𱲆	ce	4	0
𱲎	ying	4	0
𱳋	chu	4	0
𱳞	zi	1	0
𱳢	hui	1	0
𱳩	hen	2	0
𱳪	dai	4	0
𱳳	wu	4	0
𱴂	la	4	0
𱴇	cheng	2	0
𱴐	chang	3	0
𱴘	jiang	3	0
𱴞	hou	2	0
𱴨	en	4	0
𱴾	gua	3	0
𱵁	shen	3	0
𱶡	gan	4	0
𱶻	tuo	2	0
𱸂	ou	1	0
𱸃	xi	1	0
𱸇	lao	2	0
𱸖	yang	2	0
𱸛	ben	3	0
𱸜	gan	3	0
𱸡	hao	2	0
𱸥	tiao	4	0
𱸧	lu	1	0
𱹁	qi	2	0
𱹼	zi	1	0
𱺨	mian	3	0
𱺮	hao	2	0
𱻴	zha	2	0
𱼞	han	4	0
𱼷	zhi	3	0
𱽎	bei	4	0
𱽕	dao	1	0
𱽖	shen	1	0
𱽿	jiang	4	0
𱾃	hua	1	0
𱾆	guan	4	0
𱾎	xie	2	0
𱾝	zhui	1	0
𱾾	pu	1	0
𱿅	bong	4	0
𱿗	biang	2	0
𱿣	ke	4	0
𱿫	tang	4	0
𱿯	wai	1	0
𲀃	bang	1	0
𲀄	xu	1	0
𲀟	hang	2	0
𲀯	xie	2	0
𲁉	zhen	1	0
𲁓	biang	4	0
𲂆	xia	2	0
𲂓	zao	1	0
𲂔	zhuo	2	0
𲂻	ying	1	0
𲄀	mi	2	0
𲄗	kuai	3	0
𲄚	lao	4	0
𲄨	qian	2	0
𲅂	rou	2	0
𲆦	xi	1	0
𲆩	song	1	0
𲆫	xun	1	0
𲆰	xi	1	0
𲆳	pin	3	0
𲆵	rong	3	0
𲇊	xi	1	0
𲇙	xiu	4	0
𲇰	ri	4	0
𲈍	ye	2	0
𲈖	ga	2	0
𲈼	chu	3	0
𲉅	tang	2	0
𲉉	lun	2	0
𲉨	kuang	4	0
𲊹	chai	1	0
𲊽	ci	2	0
𲋁	xing	4	0
𲋏	pao	1	0
𲋶	mai	4	0
𲌉	ju	4	0
𲌞	qian	2	0
𲌡	qiang	2	0
𲌰	mao	4	0
𲍇	yi	2	0
𲍉	yuan	2	0
𲍏	xian	3	0
𲍐	mi	3	0
𲍗	huan	4	0
𲍭	zhun	1	0
𲍮	fang	1	0
𲍯	jian	1	0
𲍰	mi	2	0
𲍳	you	3	0
𲍹	bao	3	0
𲍾	zhui	1	0
𲍿	ye	4	0
𲎅	chi	4	0
𲎆	tong	2	0
𲎈	meng	2	0
𲎉	mo	4	0
